S0170000626C655F687964726F5F6D6F64756C652E73333740
S214000000C00A002035280000B5060200B50602002A
S214000010872F0200B5060200B5060200B5060200EC
S214000020B5060200B5060200B5060200B5060200D7
S214000030B5060200B5060200D1010200B5060200B0
S214000040B5060200B5060200B5060200B5060200B7
S214000050B5060200B5060200B5060200B5060200A7
S214000060B5060200B5060200B5060200B506020097
S214000070D7330200B5060200B5060200D5250000FB
S214000080C5250000B5060200B5060200B50602004A
S214000090B5060200B5320000B5060200B50602003D
S2140000A0B5060200790C0200510C0200B5060200EB
S2140000B0B506020025C70100B506020081D1010081
S2140000C0E7A80200E3A8020071C90100F3A8020035
S2140000D0EBA8020059D10100EFA80200C1D101002F
S2140000E059AA01001DAC010031D20100B50602007C
S2140000F0B5060200B5060200B5060200B506020007
S214000100B5060200B5060200B5060200B5060200F6
S214000110B5060200B5060200B5060200B5060200E6
S214000120B5060200B5060200B5060200B5060200D6
S214000130B5060200B5060200B5060200B5060200C6
S21400014010B52DED028B88B00190009172B600BFFD
S2140001505B4B1B68079362B600BF5A4B1B68079A37
S214000160D31A18461DF02AFA02460B46CDE9042398
S214000170544A079B136050A3D3E90023DDE904012A
S2140001801DF0C0FB02460B464F49C1E900234F4B0A
S2140001901B78002B0AD04E4B1B78F92B09D84C4BFA
S2140001A01B780133DAB24A4B1A7002E0484B002241
S2140001B01A70464B1B78002B14D0454B1A78454BCB
S2140001C01B789A420ED3404BD3E90001424BD3E949
S2140001D000231DF0DFFC0346002B03D0012001F0B6
S2140001E009F81FE0394B1B7883F00103DBB2002BC4
S2140001F003D0002000F0FEFF14E0344B1B7883F0A1
S2140002000103DBB2002B0DD02F4BD3E90001324B9C
S214000210D3E900231DF0DCFC0346002B02D00220AD
S21400022000F0E8FF284BD3E900014FF000022B4B0B
S2140002301DF03EFA02460B46104619464FF00002E5
S214000240274B1DF07FF802460B46104619461DF058
S214000250C9FC0346ADF80E30BDF80E30184600F067
S2140002609FFF03230293029812F0A6FC1D4B1B6807
S214000270002B19D01B4B1C6800F07EFF03461A4665
S214000280194BA3FB02235B099BB207EE903AB8EE2C
S214000290E78A00F09BFF03461946144B1B681A4674
S2140002A00798B0EE480AA04700BF08B0BDEC028B26
S2140002B010BD00BFAFF30080D7A3703D0AD716402D
S2140002C0D0140020D8140020E0110020742D002047
S2140002D0762D0020770E0020C00A0020000059402E
S2140002E00000E03FDC1400201F85EB51E0140020E6
S2140002F0002370B5404C05468AB0E36318B1008809
S214000300236010F01DF93D4829F094FD3C4E3D4B0E
S214000310304633603C4B736026F059FF0021304670
S21400032016F08CFA32A3D3E90023A062C4E90623B0
S21400033026F058FFD4E9062319431043C4E9060102
S214000340CDE900014FF0FF334FF0FF32A06A29F0ED
S214000350ECFD02224FF0FF31A06A29F0EBFD0120F0
S2140003600FF068FE4FF4007300222849A06A29F0B7
S21400037035FEB0F5007F38D100239422CDE907334F
S21400038009933C23CDE9033205939623A06A03A97B
S214000390069316F071FB35B3287C10F051FA05462B
S2140003A0F0B9A06A29F0FBFE10F0F8F90FF024FE71
S2140003B020B14FF4807000210DF096FE0FF02CFE59
S2140003C020B14FF4006000210DF08EFE26F0CDFF28
S2140003D0012016F087FA0E4A0E49A06A26F0F5FEAE
S2140003E028460AB070BDFF20D7E70725F8E700BF0C
S2140003F00DD501552000000058120020690345EC79
S214000400CC250020B9FE0000DC250020CC230020EF
S21400041073710200B37102002DE9F04FC76997B0FF
S2140004208346209E08910C92129355EC104B8DED4E
S214000430000B7FB910201DF09FFD0246CBF81C0074
S21400044020B9A74BEF21A7481FF086F8C0E901772F
S2140004500760C760DBF81C30196859B15A68012379
S214000460584693404A608B601EF006FCDBF81C3052
S21400047000221A602B1EB7BF23F000430023012280
S2140004800193A8BF3360019F974BB8BF3260BB4350
S21400049019D142F20F73129A1360C7F31303234362
S2140004A000F0DB85219B53B9904B21E0904B0393E2
S2140004B00833219A1360039817B0BDE8F08F8B4B72
S2140004C003930333F5E79DED007B0022002351ECF8
S2140004D0170B8DED0A7B1DF053FB804650B10123B0
S2140004E0129A1360219B13B1824B219A1360824BA0
S2140004F00393E0E7C7F30A5614AA15A958469DEDDC
S2140005000A0B1EF041FE0290002E76D00B9BA6F240
S214000510FF36CDF84C80C3F3130343F07F53DDE979
S2140005200A0143F4401319460022744B1CF008FFDE
S21400053065A3D3E900231DF0BBF865A3D3E9002328
S2140005401CF000FF04460D4630461DF047F862A337
S214000550D3E900231DF0ACF802460B462046294698
S2140005601CF0F0FE04460D461FF080FD00220746F4
S2140005700023204629461DF00DFB40B138461DF0ED
S2140005802DF822462B461DF0FBFA00B9013F162F28
S21400059052D85B4B03EBC703DDE90A01D3E900231E
S2140005A01DF0F8FA002849D0013F00231193149B50
S2140005B09B1B5A1E4CBFC3F101030023079245BF85
S2140005C00693002306930793002F39DB079B1097AB
S2140005D03B44079300230993089B092B66D8052BF9
S2140005E0C5BF043B002401240893089B023B032B51
S2140005F067D8DFE803F02D3A3859DDE914631E4466
S21400060006F23243202BC9BFC3F14003C3F12003D7
S2140006109F4006F21243D8BF04FA03F006F1FF36F5
S214000620C4BF24FA03F347EA03001CF0C7FF012205
S214000630A1F1F873139276E70123B7E71190B6E7B6
S214000640069BDB1B06937B42099300231093C3E7AC
S21400065000230D930C9B002B56DC012399461A466B
S21400066004930C920CE00123F3E700230D930C9BFC
S214000670FB1803F1010904934B46012BB8BF012375
S214000680DBF81C000021042202F114059D423FD92C
S214000690416058461EF0B0FA039000283BD1194B33
S2140006A0024640F2AF11CEE60123DFE70124002325
S2140006B00D9408934FF0FF330022994604931223BB
S2140006C0CFE701230D93F5E761436F63A787D23F1A
S2140006D0B3C8608B288AC63FFB799F501344D33F2C
S2140006E01AFF020031FF02000000F07F16FF020032
S2140006F00DFF0200EAFE0200E9FE02000000F83FDD
S214000700300003008AFF02000C9B99460493B7E76B
S21400071001315200B8E7DBF81C30B9F10E0F039A2E
S2140007201A606FD8002C6DD0002F36DD07F00F0250
S214000730A04BF8054FEA271403EBC20393ED007BAA
S2140007408DED0E7B17D59C4B04F00F044FF003087D
S214000750D3E90823DDE90A011DF0D4F8CDE900014C
S214000760954D5CB9DDE90E23DDE900011DF0CAF800
S214000770CDE900012BE04FF00208F1E7E10709D5CB
S21400078008F10108DDE90E01D5E900231CF090FF11
S214000790CDE90E0164100835E3E700F007817C42DE
S2140007A0844B854D4FF0020804F00F02241103EB32
S2140007B0C203DDE90A01D3E900231CF079FF002318
S2140007C0CDE90001002C40F0E580002BD0D1119B34
S2140007D0DDE90045002B00F04C810022774B2046D7
S2140007E029461DF0D7F9002800F04381B9F1000F23
S2140007F000F03F81049B002B00F3E480DDE90A341F
S214000800CDE90034159B002B02DB0E2F40F342820D
S2140008100D9A002A40F06782099C0025DDF81880B2
S214000820B8F1000F0DD0079B002B0ADD4345069A52
S214000830A8BF4346D21AA8EB03080692079AD31A13
S2140008400793099B0BB30D9B002B00F0A682002C90
S21400085000F0A1822946224658461EF037FB029A2F
S2140008600146054658461EF087FA0299064658463F
S2140008701EF002FA099B1B1B099300F09182099A4D
S214000880314658461EF022FB0290012158461EF0C3
S2140008905DFA109B0446002B00F084821A4601463F
S2140008A058461EF013FB089B0446012B03DC009BF6
S2140008B0002B00F07C820026236904EB8303186972
S2140008C02AF09AFAC0F120001096079B184410F000
S2140008D01F0000F09182C0F12003042B40F38182B8
S2140008E0C0F11C00069B034480440693079B034408
S2140008F00793069B002B05DD1A46029958461EF004
S2140009003FFB0290079B002B05DD21461A46584602
S2140009101EF036FB0446119B002B00F07682214623
S21400092002982AF0B8FA002880F26F8200230A2282
S214000930029958461EF0C2F90D9B7E1E0290002BAF
S21400094000F05C82002329460A2258461EF0B6F9BB
S214000950049B0546002B03DC089B022B00F35E82FB
S214000960B8F1000F05DD2946424658461EF008FB42
S2140009700546109B002B00F0D082696858461EF092
S2140009803BF90746002840F07F820D4B024640F2B6
S214000990EF2158E5E20706D508F10108D5E900235E
S2140009A01CF086FE0123641008350BE74FF00208A2
S2140009B00DE700BF30000300080003000000F03F12
S2140009C08AFF020020460022AC4B29461CF070FE2F
S2140009D07E1E08F10108049CCDE9000140461CF08B
S2140009E0FDFDDDE900231CF063FEA54B00221CF094
S2140009F0A9FCA1F15073CDE90E010F93002C3BD159
S214000A000022A04BDDE900011CF09AFC02460B46D2
S214000A10CDE90023DDE90E231DF0DAF8002840F0CA
S214000A205781DDE90E2101F10043DDE900011DF0EB
S214000A30B1F800283FF4E2AE002425460C9BDDF812
S214000A400CA0DE434FF00008214658461EF014F96D
S214000A50002D00F0A980B8F1000F05D0A84503D0FE
S214000A60414658461EF008F9294658461EF004F935
S214000A709AE03E464C46B1E7834B03EBC40353E98A
S214000A800201039B1C440D9B002B4AD002460B46DA
S214000A9000207E491CF036FFDDE90E231CF050FCDA
S214000AA0DDF80CA0CDE90E01DDE900011FF0DEFA4D
S214000AB005461CF093FD024630350B46DDE9000185
S214000AC01CF03EFC0AF8015B02460B46CDE900012D
S214000AD0DDE90E011DF07CF8002865D100206C4988
S214000AE0DDE900231CF02CFC02460B46DDE90E0176
S214000AF01DF06EF8002840F00D81A24500F0EA8057
S214000B0000225E4BDDE90E011CF0D2FD00225B4B9D
S214000B10CDE90E01DDE900011CF0CAFDCDE90001BA
S214000B20C2E7DDE90E231CF0C3FDA046DDF80CA0ED
S214000B30CDE90E01DDE900011FF098FA05461CF02C
S214000B404DFD024630350B46DDE900011CF0F8FB92
S214000B500AF8015B02460B46A245CDE900234FF09A
S214000B60000223D1494BDDE90E011CF0EBFB0246E7
S214000B700B46DDE900011DF02BF8002840F0CA8086
S214000B8000204249DDE90E231CF0DAFB02460B4644
S214000B90DDE900011CF0FEFF70B1C24608F1FF3827
S214000BA01AF8013C302BF8D0374655E0334B1CF092
S214000BB07FFDCDE90001BDE7DDE90A34CDE900346B
S214000BC0159B002BFFF628AE0E2F3FF725AE2E4BBB
S214000BD003EBC70393ED007B0C9B002B8DED047B92
S214000BE002DAB9F1000F64D0DDF80CA0DDE90045AB
S214000BF0DDE90423204629461CF084FE1FF036FA61
S214000C0006461CF0EBFCDDE904231CF051FD024611
S214000C10204606F130040B4629461CF091FB0AF8E4
S214000C20014B039C02460B46AAEB0404A14540F088
S214000C3082801CF087FB04460D46DDE904231CF089
S214000C40C7FF002865D120462946DDE904231CF0AD
S214000C5097FF08B1F3075CD4029958461EF00CF8CB
S214000C60002301378AF80030129B1F60219B002B5F
S214000C703FF421ACC3F800A01DE400BF00002440F0
S214000C8000001C4000001440300003000000E03F5D
S214000C900000F03FA24B03EBC70393ED007B0C9BD9
S214000CA0002B8DED047B9FDAB9F1000F9CDC7FF4FE
S214000CB0C3AE00229B4BDDE904011CF0F9FCDDE924
S214000CC000231CF07BFF044600287FF4B5AE3E46AA
S214000CD02546B4E0DDE90A34CDE90034159B002B47
S214000CE001DB0E2FD6DD089A012A36DC139A82B372
S214000CF003F23343099CDDF81880069A0121584612
S214000D001A440692079A1A4407921EF01FF80546E0
S214000D1086E53E4653469A4613F8012D392A06D1F3
S214000D20039A9A42F7D13022039901360A701A784C
S214000D3001321A7038E700227B4B1CF0B9FC002207
S214000D40002304460D461CF01BFF00283FF450AF5E
S214000D5082E7149BC3F13603CCE709F1FF34099B05
S214000D60A34208DBB9F1000FA3EB04040EDBDDF8A9
S214000D7018804B46C1E7099B109AE31A0994DDF8E0
S214000D80188000241A444B461092B6E7069BA3EB45
S214000D9009080023B1E7029E71E5099A029970E5F9
S214000DA0029672E5089B012B17DC009BABB9019BF2
S214000DB0C3F313039BB9019B23F00046360D36059B
S214000DC036B1069B012601330693079B0133079332
S214000DD0109B002B7FF470AD1096012075E5002661
S214000DE0F6E73FF486AD1C33069A1A4498440692FA
S214000DF0079A1A4407927CE50346F4E7049B002B07
S214000E002BDC089B022B09DC27E0B9F1000F1DDC68
S214000E10089B022B1ADD3E46CDF81090049B002B53
S214000E207FF40CAE2146052258461DF047FF0146CA
S214000E30044602982AF02FF800287FF7FFADDDF869
S214000E400CA0312301360AF8013BFBE50D9B3E461C
S214000E50CDF81090002B7FF483AD039F21460298B7
S214000E6029F03DFF039B00F13009049A07F8019B27
S214000E70FB1A9A4240F3CB8000230A220299584676
S214000E801DF01CFF0290E9E72A6905F10C010C3001
S214000E900232920029F00EFF0122394658461EF013
S214000EA06FF8039BA846054603F1010ADDE9032314
S214000EB013440793009B03F0010309930AF1FF33E1
S214000EC021460298049329F00AFF4146069000F155
S214000ED03009029829F0DFFF2A4621460746584681
S214000EE01EF0BAF8C268014602B358461DF0C4FEAA
S214000EF0002F3ADA0122029958461EF041F82146A0
S214000F00029029F0C8FF002803DC29D119F0010F50
S214000F1026D0B9F1390F1DD132E02846C1E700BF0F
S214000F203000030000001440000024400A9002989D
S214000F3029F0B1FF0A990C9058461DF09DFE0C9AB8
S214000F405ABB089B53B9099B43B9B9F1390F17D05F
S214000F50002F05DD069B03F1310901E0002F2ADA98
S214000F60DDF810A00AF8019B6EE5089B3B4304D110
S214000F70009B03F00103002BBCD0B9F1390F36D12A
S214000F80049F392307F8013BBA46013F1AF8013C93
S214000F90392B5AD001333B7056E5002F06DB089BF1
S214000FA03B4306D1009B03F0010313B9002AA1DCE2
S214000FB0D6E7002AE1DC079B57460AF8019C534512
S214000FC02ED000230A22029958461DF077FEA84527
S214000FD002904FF000034FF00A02414658460BD1EC
S214000FE01DF06CFE804605460AF1010A66E7DDF84C
S214000FF010A009F10109B5E71DF060FE29468046FC
S21400100000230A2258461DF059FE0546ECE7049BCD
S2140010104FF00008002BCCBF1F460127039B1F4440
S2140010200122029958461DF0ABFF2146029029F096
S21400103032FF0028A8DC02D119F0010FA4D1BA466D
S21400104017F8013D302BFAD0FEE4039BBB429BD140
S2140010503123039A01361370F6E4219B002B7FF4AC
S21400106025AA014BFFF744BA0DFF02000348044BC4
S214001070834202D0034B03B118477047DC110020AF
S214001080DC11002000000000064B0749C91A891031
S21400109048BF0131491003D0044B0BB10148184733
S2140010A0704700BFDC110020DC11002000000000AB
S2140010B010B5064C237843B9FFF7D8FF044B13B19D
S2140010C00448AFF300800123237010BD702D00206C
S2140010D000000000280F030008B5054B1BB10549AA
S2140010E00548AFF30080BDE80840FFF7CDBF00BF5E
S2140010F000000000B8140020280F0300A3F5803A73
S214001100704700BF174B002B08BF134B9D46FFF7D9
S214001110F5FF00218B460F461348144A121A29F091
S214001120B0FD0E4B002B00D098470D4B002B00D087
S21400113098470020002104000D000D48002802D02A
S2140011400C48AFF300801DF0E9FC200029001FF0DA
S21400115032F81CF0FFFE00BF000008000000000090
S21400116000000000C00A0020DC110020642E0020D1
S214001170000000000000000000B583B01FF0CEFEA7
S2140011800190064B1B88ADF8023001981FF0D2FE86
S214001190BDF80230184603B05DF804FB182D002099
S2140011A000B585B00346ADF806301FF0B7FE0390D5
S2140011B0054ABDF80630138003981FF0BBFE00BF3B
S2140011C005B05DF804FB00BF182D002000B583B005
S2140011D01FF0A4FE0190064B1B788DF80330019893
S2140011E01FF0A8FE9DF80330184603B05DF804FB18
S2140011F0712D002000B585B003468DF807301FF02E
S2140012008DFE0390054A9DF80730137003981FF073
S21400121091FE00BF05B05DF804FB00BF712D0020F5
S21400122010B586B08DED050A04900B4602928DF837
S2140012300F301FF04DF91FF04DF9094B1C6805984B
S2140012401CF0DEF902460B469DF80F10019104993A
S21400125000910449204621F047FA00BF06B010BDB1
S214001260C4150020A0BB020008B500F07DFE0021DA
S214001270074800F0E9FE1FF02BF91FF02BF9054B8D
S214001280186820231B22044921F02EFA00BF08BD4F
S21400129021120000C4150020C8BB020000B58DB0A6
S2140012A00390039B1B6823F47F4323F00703A84A9D
S2140012B0934200F05B82A64A934200F2A483A54ABA
S2140012C0934200F04583A34A934200F29C83A24ACD
S2140012D0934200F07981A04A934200F294839F4A99
S2140012E0934200F0F2819D4A934200F28C839C4A1E
S2140012F0934204D09B4A934200F04E8183E39A487F
S21400130011F076FC0B900B9B002B2AD0974B1B689A
S2140013109749184621F0E8F9944B1B6895491846FA
S21400132021F0E2F91FF0D4F81FF0D4F88F4B1868BC
S214001330914B00939323914A914921F0D5F98B4B19
S21400134018680B9B8F4A904921F0CEF90B9801F054
S214001350EBF9864B1B688D49184621F0C5F900BF8E
S214001360FDE7814B1B780221184611F07BFC0B90A1
S2140013700B9B002B2AD07D4B1B687D49184621F01D
S214001380B3F97A4B1B687B49184621F0ADF91FF07C
S2140013909FF81FF09FF8754B1868774B00939823BB
S2140013A0764A774921F0A0F9704B18680B9B754A6E
S2140013B0754921F099F90B9801F0B6F96B4B1B684B
S2140013C07249184621F090F900BFFDE7664B187881
S2140013D0002300930023A022A02111F021FC0B90F3
S2140013E00B9B002B2AD0614B1B686149184621F0E5
S2140013F07BF95E4B1B685F49184621F075F91FF0B4
S21400140067F81FF067F8594B18685B4B0093A123E9
S2140014105A4A5B4921F068F9544B18680B9B594AA5
S214001420594921F061F90B9801F07EF94F4B1B6882
S2140014305649184621F058F900BFFDE74A4B1B787D
S2140014400221184611F022FC0B900B9B002B2AD091
S214001450464B1B684649184621F046F9434B1B6825
S2140014604449184621F040F91FF032F81FF032F8D0
S2140014703E4B1868404B0093A623404A404921F053
S21400148033F93A4B18680B9B3E4A3F4921F02CF93A
S2140014900B9801F049F9354B1B683C49184621F07A
S2140014A023F900BFFDE7002000F0DEFA0B900B9B4F
S2140014B0002B1FD0012001F003F90346002B19D0A2
S2140014C02A4B1B683249184621F00EF91FF000F827
S2140014D01FF000F8254B18680B9B2A4A2A4921F072
S2140014E003F90B9801F020F9204B1B682949184690
S2140014F021F0FAF80B9B002B40F08782002000F0CA
S214001500E7FA0B900B9B002B00F07F82012001F086
S214001510D7F80346002B00F07882144B1B681C4952
S214001520184621F0E1F81EF0D3FF1EF0D3FF0F4B54
S21400153018680B9B134A144921F0D6F80B9801F053
S214001540F3F80A4B1B681349184621F0CDF85CE205
S214001550A0000A03A0000103A0000601A0000A00E4
S214001560A0000100A0000600760E0020C415002092
S214001570E4BB0200E8BB020030C00200F0BB020081
S214001580FCBB020008BC02000CBC020024BC02002B
S21400159038BC020040BC0200032001F091F803466C
S2140015A0002B00F034829D4B1B689D49184621F0A5
S2140015B09BF81EF08DFF1EF08DFF984B1B68994917
S2140015C0184621F091F822E2032001F079F803464C
S2140015D0002B0FD0914B1B689149184621F084F8D8
S2140015E01EF076FF1EF076FF8C4B1B688E49184661
S2140015F021F07AF88D4B1B780221184611F032FB49
S2140016000B900B9B002B2AD0844B1B6888491846EE
S21400161021F06AF8814B1B688649184621F064F869
S2140016201EF056FF1EF056FF7C4B1868824B009348
S214001630C123824A824921F057F8784B18680B9BE1
S214001640804A814921F050F80B9801F06DF8734BF1
S2140016501B687E49184621F047F800BFFDE7734B2C
S2140016601B780221184611F011FB0B900B9B002BE8
S21400167000F0CF81694B1B686D49184621F034F89D
S214001680664B1B686B49184621F02EF81EF020FFAB
S2140016901EF020FF614B1868674B0093C623674A0D
S2140016A0674921F021F85D4B18680B9B654A66492F
S2140016B021F01AF80B9801F037F8584B1B6863496D
S2140016C0184621F011F800BFFDE7039BB3F805307C
S2140016D09BB21E2B40F09F8105AA0DF11B030093C1
S2140016E01346012200211E2011F0E4FA0B900B9BFA
S2140016F0002B1FD0012000F0E3FF0346002B19D07B
S214001700464B1B685249184620F0EEFF1EF0E0FEDE
S2140017101EF0E0FE414B18680B9B4A4A4A4920F0EF
S214001720E3FF0B9801F000F83C4B1B68494918464C
S21400173020F0DAFF0B9B002B01D000BF70E19DF874
S2140017401B30002B14BF01230023DBB2184600F029
S21400175023FC1EF0BDFE1EF0BDFE304B1B689DF840
S2140017601B203D49184620F0BFFF54E1039BB3F809
S21400177005309BB21B2B40F086801EF0A9FE1EF0A3
S214001780A9FE264B1B683549184620F0ADFF039B83
S2140017901B899BB203F00103002B67D01EF098FE56
S2140017A01EF098FE1D4B1B682D49184620F09CFF26
S2140017B0002000F08DF90B901EF08AFE1EF08AFEC7
S2140017C0164B1B682749184620F08EFF0B9B002BF4
S2140017D01FD0012000F074FF0346002B19D00F4BDA
S2140017E01B681B49184620F07FFF1EF071FE1EF096
S2140017F071FE0A4B18680B9B124A134920F074FFBF
S2140018000B9800F091FF054B1B681249184620F014
S2140018106BFF154B01221A7035E000BFC41500207F
S21400182044BC02004CBC020064BC0200760E0020E1
S214001830E4BB0200E8BB020030C00200F0BB0200BE
S214001840FCBB020008BC02000CBC020024BC020068
S21400185038BC020040BC02007CBC02009CBC0200FB
S214001860B0BC0200E8BC0200722D00201EF030FE64
S2140018701EF030FE6C4B1B686C49184620F034FF97
S2140018806B4B00221A70039BB3F805309BB2202BDB
S21400189040F0C3801EF01CFE1EF01CFE624B1B6850
S2140018A06449184620F020FF039B1B899BB203F077
S2140018B00103002B3ED01EF00BFE1EF00BFE5A4B13
S2140018C01B685D49184620F00FFF002000F04EF917
S2140018D00B901EF0FDFD1EF0FDFD534B1B68574997
S2140018E0184620F001FF0B9B002B1FD0012000F0B4
S2140018F0E7FE0346002B19D04B4B1B685049184691
S21400190020F0F2FE1EF0E4FD1EF0E4FD464B1868E3
S2140019100B9B4C4A4C4920F0E7FE0B9800F004FF66
S214001920414B1B684949184620F0DEFE484B012211
S2140019301A7072E01EF0CCFD1EF0CCFD3A4B1B6810
S2140019404449184620F0D0FE414B00221A7064E04D
S2140019501EF0BEFD1EF0BEFD334B1B683E4918460A
S21400196020F0C2FE039B5B680A930A9B03F0010308
S214001970002B54D0FFF700FC0346ADF82630FFF7E7
S21400198025FC03468DF825301EF0A2FD1EF0A2FDB4
S214001990254B1868264B1B781A462D4B1B782F496B
S2140019A020F0A2FE224B1B78002B13D0BDF8263069
S2140019B0184600F08DF80890089B002B0AD01EF001
S2140019C087FD1EF087FD184B1868089B089A244967
S2140019D020F08AFE1E4B1B78002B20D09DF8253069
S2140019E0184600F0C3F80790079B002B17D01EF090
S2140019F06FFD1EF06FFD0C4B1868079B079A194980
S214001A0020F072FE0BE000BF0AE000BF08E000BF57
S214001A1006E000BF04E000BF02E000BF00E000BF39
S214001A2000BF0DB05DF804FBC415002004BD020025
S214001A30722D00202CBD020040BD020078BD0200C1
S214001A4038BC020008BC02000CBC020040BC02000D
S214001A50732D002098BD0200C0BD0200D8BD020054
S214001A6004BE020024BE020000B585B003468DF811
S214001A7007300DF10703012200211E2011F04CF95A
S214001A800390039B002B17D1032000F019FE03469A
S214001A90002B11D00B4B1B680B49184620F024FE78
S214001AA01EF016FD1EF016FD064B1B689DF807205F
S214001AB00649184620F018FE039B184605B05DF848
S214001AC004FB00BFC415002044BC020044BE020054
S214001AD000B585B00346ADF806301EF0F9FC1EF0E2
S214001AE0F9FC1D4B1B68BDF806201C49184620F063
S214001AF0FBFD022303931EF0EBFC1EF0EBFC164BE3
S214001B001868BDF80630039A154920F0EDFD0DF172
S214001B1006031A4602211B2011F014F90290029BBC
S214001B20002B08D10C4B1B68BDF806200D49184643
S214001B3020F0DAFD0AE01EF0CBFC1EF0CBFC064BD4
S214001B401B68029A0849184620F0CEFD029B1846EC
S214001B5005B05DF804FB00BFC4150020C0BE02003F
S214001B60E0BE02000CBF020038BF020000B585B020
S214001B7003468DF80730012303931EF0A9FC1EF0E0
S214001B80A9FC214B1B689DF807202049184620F029
S214001B90ABFD0DF107031A460121202011F0D2F803
S214001BA00290029B002B14D1174B1B689DF8072050
S214001BB01749184620F098FD1EF08AFC1EF08AFC95
S214001BC0114B18689DF80730039A124920F08CFDD7
S214001BD015E01EF07DFC1EF07DFC0B4B1B68029A88
S214001BE00D49184620F080FD1EF072FC1EF072FCB7
S214001BF0054B1868029B029A084920F075FD029B67
S214001C00184605B05DF804FBC415002064BF02004A
S214001C1084BF0200B0BF0200DCBF020008C00200A2
S214001C2082B00190044B03F500531A46019BC2F89C
S214001C30203400BF02B0704700C0035000B583B028
S214001C400190019903481EF03BFA00BF03B05DF80F
S214001C5004FB00BF24C4035082B0034600918DF8F5
S214001C6007309DF80730002B0AD09DF80730012B6F
S214001C7006D09DF80730022B02D09DF80730032BC4
S214001C8008489DF807200121009B994013465B00F9
S214001C9013441B01034403F500531033196000BFBF
S214001CA002B0704700C0035082B00190019B0E4AFC
S214001CB093420FD0019B0D4A93420BD0019B0C4AD6
S214001CC0934207D0019B0B4A934203D0019B0A4ADA
S214001CD0934201D1012300E0002303F00103DBB2AD
S214001CE0184602B0704700BF0080045000C0045081
S214001CF000000550004005500080055082B001905D
S214001D00019B304A93420ED0019B2F4A93420AD041
S214001D10019B2E4A934206D0019B2D4A934202D045
S214001D20019B2C4A9342019B264A934245D0019B35
S214001D30244A934203D0019B234A93423AD0019B04
S214001D40204A934207D0019B1F4A934203D0019B2F
S214001D501E4A93422BD0019B1A4A93420BD0019BFA
S214001D60194A934207D0019B184A934203D0019B1D
S214001D70174A934218D0019B124A934212D0019BF5
S214001D80114A93420ED0019B104A93420AD0019BFF
S214001D900F4A934206D0019B0E4A934202D14FF659
S214001DA0FF730CE000230AE04FF6FF7307E04FF6E0
S214001DB0FF7304E04FF6FF7301E04FF0FF33184661
S214001DC002B070470080045000C004500000055068
S214001DD0004005500080055000B58DB0012124203C
S214001DE001F038FF242001F067FF099000230A93D2
S214001DF00023ADF82E3013E0BDF82E304FF47A7283
S214001E0002FA03F3099AB2FBF3F3013B0A930A9B27
S214001E10B3F5803F0AD3BDF82E300133ADF82E302F
S214001E20BDF82E30B3F5806FE6D300E000BF05ABFB
S214001E3000221A605A609A60DA6001238DF8143026
S214001E40BDF82E30ADF8163000238DF8143005ABF3
S214001E5019461C481FF03EFA01AB00221A605A6071
S214001E609A601A7303238DF80A3001AB1A460021D4
S214001E7014481FF0C0FA0A9912481EF05BF90A9B34
S214001E801B091A4600210F481EF027F900230422DA
S214001E90032103201FF0E2F80B4B4FF00312C3F8A8
S214001EA08025094BD3F87C35074A43F00103C2F876
S214001EB07C35012103481EF025F900BF0DB05DF802
S214001EC004FB00BF0080045000C0035008B500218A
S214001ED008481EF017F9084BD3F87C35064A23F05D
S214001EE00103C2F87C3503210320FFF7B5FE00BFCF
S214001EF008BD00BF0080045000C0035082B00346F7
S214001F008DF80730034B1B680133024A136000BF8D
S214001F1002B07047D014002000B583B001213A20EB
S214001F2001F098FE01230322002102201FF096F8FC
S214001F3001230193002300930123002200210220A5
S214001F4003F088FC0120FFF76BFE1EF066FE0549D5
S214001F50002001F08FFB0120FFF770FE00BF03B0EA
S214001F605DF804FBFD1E000008B5094B1B78002B2E
S214001F700CD11EF0EFF8FFF7CFFF21F0C1F80346B3
S214001F80044A1360024B01221A7000E000BF08BD2D
S214001F90772D0020D414002000B587B003468DF8B6
S214001FA00F30204B1B789DF80F209A4236D01D4AE2
S214001FB09DF80F3013709DF80F3018461EF0DDF8B0
S214001FC09DF80F30002B1ED00023019300230093B2
S214001FD00023154A4FF47A71144808F0CFF805909C
S214001FE01EF076FA1EF076FA114B1B68059A114918
S214001FF0184620F079FB104B1B68104A1360104BF4
S21400200000221A700BE00F4808F012F9074808F093
S2140020100FF903210320FFF71FFE00E000BF07B003
S2140020205DF804FB742D002041010000041500201B
S214002030C415002040C00200D0140020D814002090
S214002040752D0020E414002082B001900091044A0F
S214002050019B1360034A009B136000BF02B07047E9
S214002060DC140020E014002000B58BB00390039B26
S2140020701B6823F47F4323F00703994A934240F0FA
S2140020802881984B08220021122010F045FE099066
S214002090099B002B2AD0944B1B689449184620F0C5
S2140020A023FB914B1B689249184620F01DFB1EF03F
S2140020B00FFA1EF00FFA8C4B18688E4B00933D23D8
S2140020C08D4A8E4920F010FB874B1868099B8C4A76
S2140020D08C4920F009FB099800F026FB824B1B6810
S2140020E08949184620F000FB00BFFDE7874B032216
S2140020F00021142010F010FE0990099B002B2AD016
S214002100794B1B687949184620F0EEFA764B1B6827
S2140021107749184620F0E8FA1EF0DAF91EF0DAF9E8
S214002120714B1868734B00934B23734A734920F026
S214002130DBFA6D4B1868099B714A724920F0D4FA95
S214002140099800F0F1FA684B1B686F49184620F0B2
S214002150CBFA00BFFDE76E4B05220021162010F0DB
S214002160DBFD0990099B002B2AD05F4B1B685F495B
S214002170184620F0B9FA5C4B1B685D49184620F0FB
S214002180B3FA1EF0A5F91EF0A5F9574B1868594B7F
S21400219000935923584A594920F0A6FA524B18681A
S2140021A0099B574A574920F09FFA099800F0BCFA55
S2140021B04D4B1B685449184620F096FA00BFFDE7C1
S2140021C00DF11B0207AB1146184610F0D1FD099021
S2140021D0099B002B2AD0444B1B684449184620F024
S2140021E083FA414B1B684249184620F07DFA1EF0E0
S2140021F06FF91EF06FF93C4B18683E4B0093642352
S2140022003D4A3E4920F070FA374B1868099B3C4A15
S2140022103C4920F069FA099800F086FA324B1B68B0
S2140022203949184620F060FA00BFFDE79DF82130D6
S2140022308DF810309DF820308DF811309DF81F3045
S2140022408DF81230FF238DF81330FE238DF81430EE
S2140022509DF81E308DF815309DF81D308DF816301F
S2140022609DF81C308DF8173004AB0822002118208A
S21400227010F052FD0990099B002B2CD01A4B1B68BE
S2140022801A49184620F030FA174B1B6818491846AA
S21400229020F02AFA1EF01CF91EF01CF9124B1868E2
S2140022A0144B00937423144A144920F01DFA0E4B65
S2140022B01868099B124A134920F016FA099800F08C
S2140022C033FA094B1B681049184620F00DFA00BF78
S2140022D0FDE700BF00E000BF00BF0BB05DF804FBE9
S2140022E0A00001005CC00200C415002068C0020007
S2140022F06CC00200E4C0020074C002009CC0020071
S214002300A8C00200ACC00200C4C00200D8C00200D0
S214002310DCC0020082B003468DF807309DF9073016
S214002320002B0CDB9DF8073003F01F0205499DF9D2
S21400233007305B09012000FA02F241F8232000BFB3
S21400234002B0704700E100E082B003468DF8073027
S2140023509DF90730002B0DDB9DF8073003F01F02B8
S21400236006499DF907305B09012000FA02F2603346
S21400237041F8232000BF02B0704700BF00E100E034
S21400238008B502F0BDF81EF064FD2A4B1B6F23F063
S2140023900703284A43F0030313671EF067FD264B26
S2140023A09B6A03F00203002B05D1234B03F5005371
S2140023B01A46012393621F4BD3F8203123F0030300
S2140023C01C4A43F00203C2F820311A4BD3F82431DA
S2140023D023F00703174A43F00203C2F82431154BD3
S2140023E0D3F8403123F00303124A43F00203C2F845
S2140023F04031104BD3F8603123F003030D4A43F00D
S2140024000203C2F860310B4BD3F8403223F00303CB
S214002410084A43F00203C2F84032064BD3F80032B3
S21400242023F00703034A43F00203C2F800320023F6
S214002430184608BD0080005000C0005000B583B0AC
S21400244003F08AFD0346012B1ED1114B5B6E03F48D
S2140024508023002B0CBF012300238DF807300C4B84
S21400246003F580531A464FF480235366094B042223
S2140024701A609DF80730002B06D0054B03F5005375
S2140024801A464FF48023536600BF03B05DF804FB82
S214002490008000502020015030B599B03A4B0FAC68
S2140024A01D460FCD0FC495E8070084E807004FF4DB
S2140024B0E13311930023ADF84A304FF48053ADF862
S2140024C04C3003238DF855300AAB00221A605A6050
S2140024D09A60DA601A612D4B0A9329230B93052321
S2140024E08DF8313006238DF8333008238DF83530DB
S2140024F007238DF8373001238DF83930244A08AB8E
S21400250092E8030083E8030002AB00221A605A60D8
S2140025109A60DA601A615A6102AB08AA92E8030070
S21400252083E803000F238DF8103010238DF8113048
S214002530184B05932023069301238DF81D300023A6
S2140025408DF81E300AAB0FAA02A913480090134854
S21400255006F0E4FA169000238DF85F309DF81E30E2
S21400256083F00103DBB2002B03D003238DF85F302A
S21400257000BF9DF85F3019464FF4E1301EF00DF8AD
S214002580169B184619B030BDC8C30200000006509E
S214002590E4C30200A4150020501500202C150020CE
S2140025A000B583B00549064807F030F8FFF774FF1A
S2140025B0019000BF03B05DF804FB00BF5C0B002079
S2140025C02415002008B5024806F0EAFB00BF08BD47
S2140025D02C15002008B5024806F0E2FB00BF08BD37
S2140025E02C15002008B503481DF0B1FE034618461A
S2140025F008BD00BF2C15002000B585B003460A466E
S2140026008DF8073013468DF806309DF80730022BFC
S21400261003D09DF80730032B13D19DF80630012B0D
S21400262003D09DF80630002B0BD1052100201DF0AD
S214002630A9FE0390039B0422052100201EF00EFD38
S2140026401AE09DF80630022B03D09DF80630032BC7
S21400265012D19DF80730012B03D09DF80730002BD0
S2140026600AD1052100201DF08DFE0390039B002259
S214002670052100201EF0F2FC9DF80630012B09D83B
S214002680064B1B681B68002B04D0044B1B681846BF
S2140026901DF04FFE00BF05B05DF804FB640B002084
S2140026A008B502481EF045F800BF08BDECC302009E
S2140026B008B502481EF0A8F900BF08BD04C4020011
S2140026C084B003468DF8073001238DF80F30124B87
S2140026D01B78002B08D0114B1B789DF807209A42D8
S2140026E002D900238DF80F300D4B1B78002B0DD030
S2140026F00C4B1B781A469DF8073042FA03F303F09A
S2140027000103002B02D100238DF80F309DF80F3007
S214002710184604B0704700BF780E0020790E0020DF
S214002720782D00207A0E002000B585B001900F4B62
S2140027301B680F4918461FF0D7FF05F02FFF0390C0
S2140027400A4B1B68184605F015FF019800F032F892
S214002750039805F00FFF054B1B68064918461FF047
S214002760C3FF00BF05B05DF804FB00BFC415002022
S2140027701CC4020020C4020008B5094B01221A70CE
S214002780084B00221A70084B04221A70074B1F22AF
S2140027901A7005F003FF0346054A136000BF08BD24
S2140027A0780E0020782D0020790E00207A0E00206A
S2140027B0C415002000B583B00190054B1B68054981
S2140027C018461FF091FF00BF03B05DF804FB00BF82
S2140027D0C415002024C4020000B583B002238DF87F
S2140027E000300022022107481DF0ABFE034601938D
S2140027F06B46082118461DF0EAFE00BF03B05DF8E0
S21400280004FB00BF006A180000B583B0064A074BF9
S214002810D31A9B100193019A054904481DF04CFFFA
S21400282000BF03B05DF804FB5816030058160300FB
S214002830642E002000B585B000F080F8FFF7E4FFB6
S2140028401F4B039319E0002302930EE0039B1A68C4
S214002850029B9B001A44039B5968029B9B000B44F7
S21400286012681A60029B01330293039B9B68029ACC
S2140028709A42EBD3039B0C330393039B114A934278
S214002880E1D3114B019314E00023009309E0019B70
S2140028901A68009B9B00134400221A60009B0133B9
S2140028A00093019B5B68009A9A42F0D3019B083321
S2140028B00193019B054A9342E6D3FEF723FC00BF33
S2140028C0300F03003C0F03003C0F03003C0F0300D7
S2140028D082B003468DF807309DF90730002B0CDBDD
S2140028E09DF8073003F01F0205499DF907305B0984
S2140028F0012000FA02F241F8232000BF02B0704720
S21400290000E100E082B003468DF807309DF90730FD
S214002910002B0DDB9DF8073003F01F0206499DF9DA
S21400292007305B09012000FA02F2603341F82320E9
S21400293000BF02B0704700BF00E100E008B51E4BC4
S2140029401E4A9A601C4BD3F888301B4A43F4700327
S214002950C2F888301A4B03F580531A464FF40043EA
S2140029609366184B03F500531A464FF0FF33136671
S214002970144B03F500531A464FF6DF735366124B9B
S21400298002221A60BFF34F8F00BFBFF36F8F00BFE6
S2140029900320FFF7B7FF0B4B03F500531A464FF41F
S2140029A04033D3600320FFF793FF064B4FF44032CB
S2140029B01A6100BF08BD00BF00ED00E00000000087
S2140029C00080005000800044D0ED00E0014B1B6802
S2140029D0184670477C0B002000B583B00023019397
S2140029E00E4B1B6F03F00703032B09D0032B0FD8E6
S2140029F0012B09D0022B0BD1FFF7E8FF019008E06E
S214002A00074B1B68019304E0064B019301E0FFE7C8
S214002A10FDE7019B184603B05DF804FB00800050FC
S214002A20740B0020002D310100B583B0FFF7D4FFF2
S214002A3001900A4B1B6F1B0B03F00F030093009BC8
S214002A400133019AB2FBF3F30193054A019B13602D
S214002A50019B184603B05DF804FB00BF00800050E1
S214002A60800B0020014B1846704700BF00B4C4041A
S214002A70014B1B6818467047740B002000B583B0E6
S214002A800190074A019B1360064B1B6F03F0070378
S214002A90032B01D1FFF7C8FF00BF03B05DF804FBAE
S214002AA0740B002000800050014B1846704700BF92
S214002AB0002D3101014B1B6818467047780B00202B
S214002AC084B001900B4B1A68019B13440A4A934248
S214002AD002D94FF0FF3309E0064B1B680393054B02
S214002AE01A68019B1344034A1360039B184604B0FC
S214002AF0704700BF840B00200080002000B589B01E
S214002B000390039B0793079B1B68069301213A20BB
S214002B1001F0A0F8069B1879069B5B7919460023FE
S214002B2001221EF09BFA069B1A79069B5B791946D2
S214002B3010461DF022FE0346002B0CBF0123002387
S214002B40DBB21A46069B1A70069B9B79022B43D172
S214002B501EF063F8069B1879069B5979079B214A55
S214002B6000F0AAFD0590059BFF2B15D1069B5B790F
S214002B70079A1C49184600F01FFE0590069B187918
S214002B80069B5B79194601230193012300930123D9
S214002B90059A02F05FFE1FE0069B1879069B5B799C
S214002BA01946012300930023059A02F0E7FE069BD0
S214002BB05B79079A0B49184600F0FEFD0590069BC8
S214002BC01879069B5B79194601230193002300932D
S214002BD00123059A02F03EFE0023184609B05DF870
S214002BE004FB00BFEB07020000B585B003468DF876
S214002BF007309DF80730002B01D0012300E00023AA
S214002C000393039A002103481DF0BEFE00BF05B0E3
S214002C105DF804FB44C4035000B585B0002303935D
S214002C200023ADF80A300023ADF8083000230193E6
S214002C3001213A2001F00EF801230422032100208E
S214002C401EF00CFA01981EF004FA0120FFF7CCFFE4
S214002C504FF4607001F030F803902D4B1B682C4A3F
S214002C6043F0010313602A4BDB68294A43F0807364
S214002C70D3600123ADF80A300F23ADF80830BDF855
S214002C800A305A02BDF808305B001A432149224B2D
S214002C9013430B60039B03F5D52303F2FC43DB08C9
S214002CA01E4AA2FB03239B0A1D4A013B13611C4BD1
S214002CB00222C3F8F0201A4B4FF48072C3F80423A4
S214002CC04FF06043174AC3F8B02F4FF06043164AE0
S214002CD0C3F8802E4FF06043D3F8003E4FF06042BA
S214002CE043F48073C2F8003E4FF06043FF2283F83F
S214002CF020204FF06043D3F8003E4FF0604223F4AC
S214002D008073C2F8003E0023184605B05DF804FB49
S214002D10F0ED00E0001000E0E101004017916502D0
S214002D20000004E055CEACC50900010082B0019059
S214002D300B468DF803304FF06043D3F8803E03F027
S214002D400103002B22D0134BDB68124A43F080733A
S214002D50D3604FF06043D3F8002E0121019B01FAA7
S214002D6003F34FF060411343C1F8003E4FF060425A
S214002D70019B52F82330002BE5D04FF06041019BB9
S214002D809DF8032001F82320002300E011231846B5
S214002D9002B07047F0ED00E082B0034600918DF877
S214002DA007309DF80730002B0AD09DF80730012B1E
S214002DB006D09DF80730022B02D09DF80730032B73
S214002DC008489DF807200121009B994013465B00A8
S214002DD013441B01034403F500531033196000BF6E
S214002DE002B0704700C0035082B0034600918DF8D1
S214002DF007309DF80730002B0AD09DF80730012BCE
S214002E0006D09DF80730022B02D09DF80730032B22
S214002E1008489DF807200121009B994013465B0057
S214002E2013441B01034403F580531033196000BF9D
S214002E3002B0704700C0035082B0034600918DF880
S214002E4007309DF80730002B0AD09DF80730012B7D
S214002E5006D09DF80730022B02D09DF80730032BD2
S214002E6008489DF807200121009B994013465B0007
S214002E7013441B01034403F540531033196000BF8D
S214002E8002B0704700C0035000B585B001900091B5
S214002E90204B1B7883F00103DBB2002B01D01E4BC6
S214002EA034E0019B002B01D11C4B2FE01EF04CF8A8
S214002EB002900023039322E0194A039B1B0113444C
S214002EC00C331B7883F00103DBB2002B14D0019B7C
S214002ED0039A1A60124A039B1B0113440C33012207
S214002EE01A700F4A039B1B01134400221A600298B3
S214002EF01EF03AF8002309E0039B01330393039B7B
S214002F00072BD9D902981EF02FF8064B184605B0A5
S214002F105DF804FB792D0020028000F0018000F0AF
S214002F20C8150020048000F000B585B000238DF899
S214002F300B301EF009F80190002303930EE0154AAB
S214002F40039B1B0113440C331B78002B03D0012377
S214002F508DF80B3005E0039B01330393039B072B8F
S214002F60EDDD9DF80B3083F00103DBB2002B09D0BA
S214002F7002F0F4FD084B00221A7001981DF0F4FFD1
S214002F80002303E001981DF0EFFF044B184605B040
S214002F905DF804FBC8150020792D0020058000F0A0
S214002FA000B585B00190164B1B7883F00103DBB2A9
S214002FB0002B01D0134B1FE0019B072B01D9124BAE
S214002FC01AE01DF0C1FF0390104A019B1B01134439
S214002FD00C331B78002B0BD00C4A019B1B011344AF
S214002FE00C3300221A7003981DF0BEFF002303E086
S214002FF003981DF0B9FF064B184605B05DF804FBB4
S214003000792D0020028000F0018000F0C815002015
S214003010068000F000B585B0194B1B6801930023AD
S2140030208DF804301DF090FF0290164B1B78002B95
S21400303004D002981DF098FF134B1DE0114B01229F
S2140030401A7002981DF090FF0023039309E00F4AC0
S214003050039B1B0113440C3300221A70039B01339D
S2140030600393039B072BF2DD08238DF8073001AB93
S214003070184602F0A3FD0023184605B05DF804FBD1
S21400308028C40200792D0020038000F0C815002017
S21400309000B583B00190124B1B7883F00103DBB2BE
S2140030A0002B01D00F4B17E0019B072B01D90E4BCD
S2140030B012E00E4A019B1B0113440C331B7883F06D
S2140030C00103DBB2002B01D0094B05E0019B002178
S2140030D0184602F05DFD0023184603B05DF804FBB9
S2140030E0792D0020028000F0018000F0C815002035
S2140030F0078000F000B583B00190124B1B7883F078
S2140031000103DBB2002B01D00F4B17E0019B072B0E
S21400311001D90E4B12E00E4A019B1B0113440C33DF
S2140031201B7883F00103DBB2002B01D0094B05E0CE
S214003130019B0121184602F02BFD0023184603B020
S2140031405DF804FB792D0020028000F0018000F07D
S214003150C8150020078000F000B583B00190124B20
S2140031601B7883F00103DBB2002B01D00F4B16E077
S214003170019B072B01D90E4B11E00E4A019B1B0148
S21400318013440C331B7883F00103DBB2002B01D011
S214003190094B04E0019B184602F0E2FD00231846A6
S2140031A003B05DF804FB00BF792D0020028000F01C
S2140031B0018000F0C8150020078000F082B0019062
S2140031C00091194B1B7883F00103DBB2002B01D072
S2140031D0164B25E0019B072B02D8009B002B01D144
S2140031E0134B1DE0134A019B1B0113440C331B7841
S2140031F083F00103DBB2002B01D00F4B10E00F4B26
S2140032001B6D0121019A01FA02F21340002B03D034
S214003210009B01221A7002E0009B00221A70002315
S214003220184602B0704700BF792D0020028000F0DB
S214003230018000F0C8150020078000F00000045050
S21400324000B583B001900091154B1B7883F0010305
S214003250DBB2002B01D0134B1DE0019B072B02D8DD
S214003260009B002B01D1104B15E0104A019B1B015F
S21400327013440C331B7883F00103DBB2002B01D020
S2140032800B4B08E0019B184602F08AFD03461A46DF
S214003290009B1A700023184603B05DF804FB00BFBD
S2140032A0792D0020028000F0018000F0C815002073
S2140032B0078000F000B587B0364B1B6D0393354B87
S2140032C05B6D039A13400393039B002B01DA00BF48
S2140032D0FDE7002305930123049353E0039A049B20
S2140032E01340002B48D02B4B03F500531A46049B83
S2140032F01365059B1B01284A13440293029B1B6817
S214003300002B39D0029B9B685A1C029B9A60029B3A
S2140033101B68029A9168029A526805989847034675
S214003320002B14BF01230023DBB283F00103DBB2C2
S2140033308DF807309DF8073003F001038DF807304D
S214003340029B5B7B012B17D19DF80730002B13D017
S214003350124A059B5B01134403F1080213796FF3CD
S214003360410313710D4A059B5B01134403F11802D8
S21400337013796FF341031371059B01330593049B87
S2140033805B000493059B072BA8D900BF00BF07B0BE
S2140033905DF804FB00000450C81500204816002005
S2140033A010B58AB00292019303468DF80F300B4693
S2140033B08DF80E307B4B1B7883F00103DBB2002BBD
S2140033C001D0794BEBE0029B072B10D80C9B002B0F
S2140033D00DD00D9B002B0AD0109BB3F5006F06DCBA
S2140033E09DF80F30012B04D10E9B002B01D16F4BA3
S2140033F0D5E0029B1B016E4A13440993099B1B7B75
S21400340083F00103DBB2002B01D06A4BC7E004ABAC
S21400341000221A605A609A60DA60029B5B01664A74
S214003420134408939DF80E30002B1DD1089B1A46B6
S2140034300023136053609360D360089A937843F038
S21400344010039370089AD37843F03003D3709DF836
S2140034503C3083F00103DBB2002B22D0089AD378ED
S21400346043F00303D3701CE0089B1A460023136046
S21400347053609360D360089A937843F01003937078
S214003480089AD37843F00303D3709DF83C3083F05A
S2140034900103DBB2002B04D0089AD37843F0300344
S2140034A0D370019B0493109B9BB2013B9BB2C3F36A
S2140034B00A0399B2089A138861F30E1313800C9AC4
S2140034C0089B9A600D9A089B5A609DF8443003F05A
S2140034D00303D9B2089AD37861F38303D3709DF8B7
S2140034E00F30012B3BD1089A137B43F00103137373
S2140034F0089A137B43F002031373089AD3680421D7
S21400350061F39F03D3602C4A029B5B01134403F1D3
S2140035101002089B14460FCB84E80F00264A029B35
S2140035205B01134403F1180253686FF0030161F363
S2140035309F0353600E9A2049029B5B010B44143391
S2140035401A609DF80E30012B09D10D9A1A49029B7C
S2140035505B010B4418331A600E9A089B5A60129B44
S214003560002B08D19DF80F30002B04D1089A9378D1
S2140035706FF304139370099B129A1A60099B139AAF
S2140035805A60099B00229A60099B9DF80F205A7387
S214003590029B04A9089A184602F054FB002318461A
S2140035A00AB010BD792D0020028000F0018000F0E6
S2140035B0C8150020078000F04816002082B0034699
S2140035C08DF807309DF90730002B0CDB9DF807308F
S2140035D003F01F0205499DF907305B09012000FA38
S2140035E002F241F8232000BF02B0704700E100E07D
S2140035F082B003468DF807309DF90730002B0DDBAF
S2140036009DF8073003F01F0206499DF907305B0955
S214003610012000FA02F2603341F8232000BF02B016
S214003620704700BF00E100E082B00190044B03F554
S21400363000531A46019BC2F8203400BF02B0704700
S21400364000C00350024BD3F824341846704700BF1E
S21400365000C0035082B0064BD3F824340193044BC9
S214003660D3F82024019B1340184602B0704700BFD1
S21400367000C0035000B585B0034600918DF80730B2
S2140036801DF062FC03909DF807300A4A1B011344A4
S2140036900433009A1A609DF80730064A1B0113444B
S2140036A00C3300221A7003981DF05EFC00BF05B0B4
S2140036B05DF804FB4817002000B587B0029201931E
S2140036C003468DF80F300B468DF80E30FF2305931A
S2140036D01DF03AFC04909DF80F30002B06D19DF8A3
S2140036E00E30052B02D10023059340E09DF80F30E5
S2140036F0012B06D19DF80E30012B02D10323059332
S21400370035E09DF80F30012B06D19DF80E30032BC7
S21400371002D1042305932AE09DF80F30022B06D130
S2140037209DF80E30002B02D1062305931FE09DF86E
S2140037300F30022B06D19DF80E30052B02D1072341
S214003740059314E09DF80F30022B06D19DF80E303D
S214003750072B02D10823059309E09DF80F30032BB1
S21400376005D19DF80E30022B01D109230593059B48
S214003770FF2B17D0059B10330E4A1B01134404334E
S214003780029A1A60059B10330A4A1B011344083339
S214003790019A1A60059B1033064A1B0113440C332A
S2140037A001221A7004981DF0DFFB059B184607B02F
S2140037B05DF804FB4817002000B58BB00346029165
S2140037C001928DF80F30FF2309931DF0BDFB079083
S2140037D09DF80F2040F6FC7313400693FFF732FF68
S2140037E0059000238DF8233019E09DF80F209DF8F2
S2140037F02330134403F00303069A13440493059AF4
S214003800049B22FA03F303F00103002B02D1049B6E
S214003810099308E09DF8233001338DF823309DF896
S2140038202330032BE1D9099BFF2B14D00E4A099BAA
S2140038301B0113440433029A1A600B4A099B1B01AE
S21400384013440833019A1A60074A099B1B01134464
S2140038500C3301221A7007981DF086FB099B184648
S2140038600BB05DF804FB00BF4817002000B587B01A
S21400387001902BE001981DF0BAF905900122059BF6
S21400388002FA03F3DB43019A13400193059B1B01E5
S214003890124A13440493049B5B68002B16D0049BC7
S2140038A01B7B002B0AD0049B5B680293059BDAB255
S2140038B0049B9968029B1046984707E0049B5B6848
S2140038C00393059BDAB2039B10469847019B002B97
S2140038D0D0D100BF00BF07B05DF804FB481700203A
S2140038E008B5054B1B68054A12681146184612F0C3
S2140038F0B7FB0346184608BD880B0020A80B00201F
S21400390084B003468DF807309DF90730B3F1FF3FCA
S21400391004D0002B05D10023039305E0044B03934A
S21400392002E0044B039300BF039B184604B07047A5
S21400393021E000F024E000F000B58BB00390029187
S2140039400192029B0893039B0793019B9B0006939F
S214003950069A0899079828F003F903468DF8173059
S2140039609DF917301846FFF7CBFF0990099B002BEF
S21400397009D1069A0899079827F059F90346002BAB
S21400398001D0034B0993099B18460BB05DF804FB66
S21400399010E000F000B585B00190019828F0DCF842
S2140039A003468DF80B309DF90B301846FFF7A8FF3D
S2140039B00390039B002B0ED102F0D6FA034619465D
S2140039C001981DF06DF9034683F00103DBB2002B6E
S2140039D001D0034B0393039B184605B05DF804FB28
S2140039E00EE000F008B51DF099FA0346014A136090
S2140039F000BF08BD881F002008B5034B1B6818468B
S214003A001DF098FA00BF08BD881F002008B500BF4B
S214003A10042104481DF0F6F90346002BF8D100BF38
S214003A2000BF08BD8440005008B5FFF7EFFF044B09
S214003A30D3F884309B0903F00303DBB2184608BDB5
S214003A4000400050054BDB6903F48033002B14BFA5
S214003A5001230023DBB21846704700BF0000035066
S214003A60024B0022DA6300BF704700BF000003501D
S214003A70024B41F67132DA6300BF70470000035014
S214003A80014B9B68184670470000035082B00190B7
S214003A90024A019B936000BF02B0704700000350CB
S214003AA084B0019000230393019BB3F5607F21D07F
S214003AB0019BB3F5607F34D8019BB3F5207F29D0F6
S214003AC0019BB3F5207F2CD8019BB3F5007F19D05E
S214003AD0019BB3F5007F24D8019B002B03D0019BEC
S214003AE0B3F5C07F1DD1124B1B6F1B0B03F00F03EA
S214003AF0039317E00E4BD3F880301B0903F0030343
S214003B0003930FE00A4BD3F890301B0E03F01F030D
S214003B10039307E0064B1B6F9B0A03F00103039316
S214003B2000E000BF039B0133184604B0704700BF97
S214003B300080005010B582B001900091019BB3F553
S214003B40607F49D0019BB3F5607F7CD8019BB3F5BD
S214003B50207F68D0019BB3F5207F74D8019BB3F516
S214003B60007F4ED0019BB3F5007F6CD8019B002BE5
S214003B7003D0019BB3F5C07F65D1009B012B0AD013
S214003B80009B022B07D0009B042B04D0009B082B25
S214003B9001D0009B102B1DF0B7F91DF0ADF901F018
S214003BA043F82B4B1B6F23F47042009B013B1B0317
S214003BB0274913430B671DF006F90446FFF734FF49
S214003BC00346C3F10203194620461DF066F901F0CC
S214003BD0E9F901F035F837E0009B012B04D0009B93
S214003BE0022B01D0009B042B194BD3F8803023F016
S214003BF03002009B013B1B0115491343C1F880307E
S214003C0022E0009B002B01D0009B202B104BD3F80A
S214003C10903023F0F852009B013B1B060C491343DF
S214003C20C1F8903010E0009B012B01D0009B022BC6
S214003C30074B1B6F23F48062009B013B9B020449E9
S214003C4013430B6700E000BF00BF02B010BD00BF0B
S214003C500080005000B585B001900B468DF803300B
S214003C6000230393019B5B09002B0FD0019B5B098C
S214003C70012B02D10D4B039308E0019B5B09022B3D
S214003C8002D10B4B039301E00A4B0393019B03F015
S214003C901F0302939DF803301A46029903981DF0FD
S214003CA098F800BF05B05DF804FB00BF64800050C4
S214003CB0688000506082005010B584B001900023E8
S214003CC0039300230293019BB3F5F06F00F0C282CA
S214003CD0019BB3F5F06F00F2C382019BB3F5E06F72
S214003CE000F0B282019BB3F5E06F00F2B982019B4F
S214003CF0B3F5D06F00F0A282019BB3F5D06F00F24F
S214003D00AF82019BB3F5C06F00F09282019BB3F5C2
S214003D10C06F00F2A582019BB3F5B06F00F07C8205
S214003D20019BB3F5B06F00F29B82019BB3F5A06FC9
S214003D3000F06C82019BB3F5A06F00F29182019BAC
S214003D40B3F5906F00F05C82019BB3F5906F00F2C4
S214003D508782019BB3F5806F00F04C82019BB3F520
S214003D60806F00F27D82019BB3F5607F00F03382A6
S214003D70019BB3F5607F00F27382019BB3F5407F31
S214003D8000F01C82019BB3F5407F00F26982019B24
S214003D90B3F5207F00F00682019BB3F5207F00F28A
S214003DA05F82019BB3F5007F00F0F081019BB3F5C5
S214003DB0007F00F25582019BB3F5C07F00F0E181E1
S214003DC0019BB3F5C07F00F24B82019B002B00F0F5
S214003DD0D881019BB3F5807F00F24282019B202BA5
S214003DE0C0F03E82019B203BE02B00F2398201A20C
S214003DF052F823F083410000A541000083410000F3
S214003E00A5410000F5410000F5410000F541000025
S214003E10F5410000A5410000A54100001942000040
S214003E20BD410000314200003D420000BD4100009F
S214003E30A5410000A5410000A54100006142000028
S214003E4061420000614200006142000061420000E1
S214003E50614200000D42000001420000A541000042
S214003E60A5410000A541000055420000494200005F
S214003E70A54100006142000061420000614200006E
S214003E8061420000614200006142000061420000A1
S214003E906142000061420000614200006142000091
S214003EA06142000061420000834100006142000060
S214003EB0834100008341000083410000F54100007B
S214003EC06142000061420000614200006142000061
S214003ED06142000061420000614200006142000051
S214003EE06142000061420000614200006142000041
S214003EF061420000834100008341000061420000EF
S214003F006142000061420000614200006142000020
S214003F106142000061420000614200006142000010
S214003F206142000061420000614200006142000000
S214003F3061420000614200006142000061420000F0
S214003F4061420000614200006142000061420000E0
S214003F5061420000614200006142000061420000D0
S214003F6061420000614200006142000061420000C0
S214003F706142000079410000614200006142000099
S214003F8061420000614200006142000061420000A0
S214003F906142000061420000614200006142000090
S214003FA06142000061420000614200006142000080
S214003FB06142000061420000614200006142000070
S214003FC06142000061420000614200006142000060
S214003FD06142000061420000614200006142000050
S214003FE06142000061420000614200006142000040
S214003FF06142000061420000614200006142000030
S214004000614200006142000061420000614200001F
S214004010614200006142000061420000614200000F
S21400402061420000614200006142000061420000FF
S21400403061420000614200006142000061420000EF
S21400404061420000614200006142000061420000DF
S21400405061420000614200006142000061420000CF
S21400406061420000614200006142000061420000BF
S21400407061420000614200006142000061420000AF
S214004080614200006142000061420000614200009F
S214004090614200006142000061420000614200008F
S2140040A0614200006142000061420000614200007F
S2140040B0614200006142000061420000614200006F
S2140040C0614200006142000061420000614200005F
S2140040D0614200006142000061420000614200004F
S2140040E0614200006142000061420000614200003F
S2140040F0614200006142000061420000614200002F
S214004100614200006142000061420000614200001E
S214004110614200006142000061420000614200000E
S21400412061420000614200006142000061420000FE
S21400413061420000614200006142000061420000EE
S21400414061420000614200006142000061420000DE
S21400415061420000614200006142000061420000CE
S21400416061420000614200006142000061420000BE
S2140041706142000025420000FEF72EFC0346039332
S2140041806FE0FEF751FC034603936AE0FEF724FC5B
S21400419004464FF40070FFF783FC0346B4FBF3F3CA
S2140041A003935EE0FEF740FC04464FF42070FFF7F2
S2140041B077FC0346B4FBF3F3039352E0FEF734FCBC
S2140041C004464FF42070FFF76BFC0346B4FBF3F392
S2140041D05B08039345E002AB002118461CF071FE15
S2140041E0029C4FF46070FFF75BFC0346B4FBF3F3EE
S2140041F0039336E003AB0021184600F079FD30E06B
S21400420003AB0021184600F089FC2AE003AB00212E
S214004210184600F0DDFC24E003AB0021184600F051
S2140042208DFE1EE003AB0021184600F05DFF18E08F
S21400423003AB0021184600F09DFD12E003AB002101
S214004240184600F005FF0CE003AB0021184600F00E
S214004250C3FE06E003AB0021184600F0CDFD00E0EB
S21400426000BF039B184604B010BD00BF00B585B064
S214004270019000230393019BB3F5086F00F026819D
S214004280019BB3F5086F00F23381019BB3F5006F15
S21400429000F01081019BB3F5006F00F22981019BAD
S2140042A0B3F5F06F00F00081019BB3F5F06F00F2FC
S2140042B01F81019BB3F5E06F00F01481019BB3F5FD
S2140042C0E06F00F21581019BB3F5D06F00F0F88027
S2140042D0019BB3F5D06F00F20B81019BB3F5C06F65
S2140042E000F0DC80019BB3F5C06F00F20181019BFA
S2140042F0B3F5B06F00F0C080019BB3F5B06F00F26D
S214004300F780019BB3F5A06F00F0E680019BB3F544
S214004310A06F00F2ED80019BB3F5906F00F0CA80AD
S214004320019BB3F5906F00F2E380019BB3F5806FBD
S21400433000F0A880019BB3F5806F00F2D980019B46
S214004340B3F5807F00F0A480019BB3F5807F00F278
S214004350CF80019B522B69D8019B242BC0F0C880CC
S214004360019B243B2E2B00F2C38001A252F823F0BF
S2140043708544000085440000854400008544000014
S214004380F1440000F144000079440000F1440000CC
S2140043909D440000C1440000F1440000F1440000C8
S2140043A0F1440000F1440000F1440000F144000034
S2140043B0F1440000F1440000F1440000F144000024
S2140043C0D9440000F1440000F1440000F14400002C
S2140043D0F1440000A9440000E5440000F144000058
S2140043E0F1440000F1440000F1440000F1440000F4
S2140043F0F1440000F1440000F1440000F1440000E4
S214004400F1440000F1440000F1440000F1440000D3
S214004410F1440000F1440000F1440000F1440000C3
S214004420F1440000F144000085440000019B802B0D
S2140044305ED1324B1B6F03F00703013B032B17D8EB
S21400444001A252F823F000BF6B440000594400005C
S2140044505F44000065440000052303930BE003233C
S214004460039308E00723039305E00223039302E087
S2140044700023039300BF3CE003AB1946002000F086
S2140044805DFD36E003AB1946002000F031FC30E05D
S21400449003AB1946002000F027FE2AE003AB1946BE
S2140044A0002000F067FC24E003AB1946002000F073
S2140044B0A3FC1EE003AB1946002000F02FFB18E01B
S2140044C003AB1946002000F0C3FD12E003AB19460B
S2140044D0002000F0CBFB0CE003AB1946002000F0F8
S2140044E077FB06E003AB1946002000F075FD00E000
S2140044F000BF039B184605B05DF804FB0080005023
S214004500074B03F580531A464FF400235366054BBA
S21400451003F580531A460123936200BF704700BF1D
S2140045200080005000C0005000B585B00190019892
S214004530FFF79CFE0290029B082B07D0029B082BDD
S21400454020D3029B093B012B1CD804E0134B1B888D
S214004550ADF80E301BE0124B03F580531A464FF4AD
S214004560001353660F4B5B6A03F00103002B04D065
S2140045704FF4FA73ADF80E3009E04FF6FF73ADF85E
S2140045800E3004E04FF6FF73ADF80E3000BFBDF8F6
S2140045900E30184605B05DF804FB00BF680E00201C
S2140045A0008000500040025000B583B0019080208B
S2140045B0FFF75CFE0346032B00F0E280724B03F528
S2140045C080531A464FF400235366704B45F60E028E
S2140045D0C3F880206D4B03F580531A46022393627E
S2140045E06A4B03F500531A460123936200BF674BDC
S2140045F09B6D03F48033002BF9D1019B1B681A06D0
S214004600019B5B681B051A43019B1B7B1B041A431B
S214004610019B5B7B1B031A43019B9B7B9B01134304
S214004620019AD27B1146594A0B431361574B9B693B
S21400463003F00042019B1B699B061A43019B5B69C2
S2140046401B061A43019B1B7E1B041A43019B5B7EC1
S2140046501B021343019A927E11464C4A0B43936108
S2140046604A4B1B6A23F00D03019AD269002A01D136
S214004670002200E008221A43019BDB7E9B001A43BF
S214004680019BDB69414913430B62019BDB69002BED
S21400469057D13E4B9B6A23F03302019B93F82030A0
S2140046A05B011A43019B93F821301B011343374AE1
S2140046B043F00103936200BF344B9A6D344B1340B2
S2140046C0334A9342F8D1314B03F580531A460223FE
S2140046D093622E4B02221A6500BF2C4B9B6D03F093
S2140046E08043002BF9D1294B1B6923F47002019BF0
S2140046F09B681B05254913430B61244B03F5805328
S2140047001A464FF000439361019B93F8223083F0E2
S2140047100103DBB2002B05D01C4B03F500531A46F1
S21400472002239362019B93F8233083F00103DBB2EC
S214004730002B1BD0154B03F500531A46012393623A
S21400474014E0124B9B6A23F03302019B93F820304F
S2140047505B011A43019B93F822305B001343019AD6
S21400476092F823201146094A0B439362019B93F863
S2140047702430002B05D0054B064AC3F8802000E005
S21400478000BF03B05DF804FB0080005000C000507E
S21400479003000140F1A7FFFF00B585B00190354B3F
S2140047A09B6A0293019BFF2B01D921235DE0314BCD
S2140047B09B6D03F48033002B05D02E4B03F58053FE
S2140047C01A46012393622B4B03F580531A460223A5
S2140047D09362284B9B6D03F48033002B06D000BFFA
S2140047E0244B9B6D03F00203002BF9D0214B03F5FD
S2140047F080531A460223136500BF1E4B9B6D03F0C1
S2140048008043002BF9D100F039F803461A46019B85
S21400481013440393039B002B02DA0023039304E064
S214004820039BFF2B01DDFF230393124B9B6923F4AD
S2140048307F0323F47F43039A12041A43019B1B024F
S2140048409BB20C4913438B61029A02210A481CF062
S214004850E6FA084B9B6D03F48033002B04D0029AD3
S214004860012105481CF0DBFA0023184605B05DF868
S21400487004FB00BF00C0005028C00050024B93F954
S21400488000301846704700BF7A2D002000B583B070
S2140048902A4B9B6A0193294B03F580531A46012342
S2140048A0936200BF254B9B6D03F00303032BF9D1E6
S2140048B0224B03F580531A46022393621F4B03F5DF
S2140048C080531A460223136500BF1C4B9B6D03F0F2
S2140048D08043002BF9D100BF184B9A6D184B13403C
S2140048E0174A9342F8D1154B03F580531A46012315
S2140048F0136500BF114B9B6D03F00203022BF9D02A
S21400490000BF0E4B9B6D03F00203002BF9D00B4B40
S21400491003F580531A460223136500BF074B9B6DB1
S21400492003F00203002BF9D0019A032105481CF07E
S21400493076FA00BF03B05DF804FB00BF00C000506D
S2140049400300010028C0005084B001904F23039359
S214004950019B5B788DF80B309DF80B20039B9342F0
S21400496028BF13468DF80A30284B03F580531A46A5
S2140049704FF480035366264B4FF4D1525A62244BB1
S21400498003F580531A4602235360214B03F5005368
S2140049901A460123536000BF1D4B1B6903F4803386
S2140049A0002BF9D1019B1B781A029DF80A30184992
S2140049B013434B61019B5B681A02019B9B681B01BA
S2140049C01A43019B1B7B5B001343019A527B1146E3
S2140049D00F4A0B439360019B9B7B5A01019BDB7B39
S2140049E01B011A43019B1B7C5B001343019A527CFC
S2140049F01A43074B5A60019B9B7C002B03D0044B49
S214004A006FF4D1525A6200BF04B070470080005065
S214004A100000025082B00346ADF80630034ABDF8E7
S214004A200630138000BF02B0704700BF680E00203B
S214004A3082B00346ADF80630034ABDF80630138050
S214004A4000BF02B0704700BF6A0E002000B587B0F6
S214004A5003468DF8073000230393002305930023B5
S214004A600493274B03F580531A464FF400135366FE
S214004A70244B02225A6000BF224B9B6803F480330B
S214004A80002BF9D19DF80730012B2ED1FDF7F0FF52
S214004A900390039B1C4A934205D11C4B059345F695
S214004AA07A13049317E0039B194A934205D1194BD6
S214004AB0059345F61A0304930DE0039A13469B00EC
S214004AC013445B0A0593144B0493039B5B0A049AF6
S214004AD0B2FBF3F304930B4A059BD362094A049B8B
S214004AE01363084B01225A6202E0064B00225A6208
S214004AF0044B00225A6000BF07B05DF804FB00BFFD
S214004B00008000500040025000F04902D8B805006E
S214004B10C0175302BBCF05006466666600B585B055
S214004B200190009100230393284BD3F8243103F01F
S214004B300703062B37D801A252F823F0A14B00003A
S214004B40594B0000714B0000894B0000954B00004C
S214004B50654B00007D4B0000FDF738FF03900523F2
S214004B60029323E0FDF732FF0390062302931DE035
S214004B70FDF77EFF03900323029317E0FDF778FF0F
S214004B8003900423029311E0FDF78EFF03900223A7
S214004B9002930BE01BF0A8FD03900723029305E0A9
S214004BA00123029302E00023029300BF019B002B27
S214004BB002D0019B039A1A60009B002B02D0009B38
S214004BC0029A1A6000BF05B05DF804FB0080005032
S214004BD000B583B001900091124BD3F8203203F059
S214004BE00303012B02D0022B05D009E0009901989F
S214004BF000F07EF811E00099019800F0BBF80CE098
S214004C00019B002B02D0019B00221A60009B002B08
S214004C1002D0009B00221A6000BF00BF03B05DF800
S214004C2004FB00BF00800050044B03F580531A4677
S214004C304FF48033136700BF704700BF00800050FA
S214004C4008B58020FFF738F80346064A934206D890
S214004C50054B03F500531A464FF48033136700BF25
S214004C6008BD00BF005A62020080005000B585B043
S214004C7001900091002303931C4BD3F8003103F0FE
S214004C800303032B1FD801A252F823F0C14C0000E7
S214004C909D4C0000A94C0000B54C0000FDF7E8FE56
S214004CA003900323029311E0FDF704FF039008230B
S214004CB002930BE01BF018FD03900723029305E018
S214004CC00123029302E00023029300BF019B002B06
S214004CD002D0019B039A1A60009B002B02D0009B17
S214004CE0029A1A6000BF05B05DF804FB0080005011
S214004CF000B585B001900091002303931C4BD3F8B8
S214004D00203103F00303032B1FD801A252F823F02F
S214004D10454D0000214D00002D4D0000394D00008E
S214004D20FDF754FE03900523029311E0FDF7A0FE65
S214004D300390032302930BE0FDF7B6FE03900223D5
S214004D40029305E00123029302E00023029300BFD2
S214004D50019B002B02D0019B039A1A60009B002B3C
S214004D6002D0009B029A1A6000BF05B05DF804FBF3
S214004D700080005000B585B0019000910023039399
S214004D801C4BD3F8403103F00303032B1FD801A2BA
S214004D9052F823F0C94D0000A54D0000B14D0000AB
S214004DA0BD4D00001BF0A3FC03900923029311E005
S214004DB0FDF780FE0390082302930BE01BF09BFC9C
S214004DC003900B23029305E00123029302E00023E5
S214004DD0029300BF019B002B02D0019B039A1A602E
S214004DE0009B002B02D0009B029A1A6000BF05B001
S214004DF05DF804FB0080005000B585B0019000917E
S214004E00002303931C4BD3F8603103F00303032BFA
S214004E101FD801A252F823F04D4E0000294E000084
S214004E20354E0000414E00001BF061FC0390092344
S214004E30029311E0FDF73EFE0390082302930BE079
S214004E401BF059FC03900B23029305E00123029309
S214004E5002E00023029300BF019B002B02D0019BBF
S214004E60039A1A60009B002B02D0009B029A1A60DD
S214004E7000BF05B05DF804FB0080005084B00190D0
S214004E8000914FF440130393009B002B0AD1019B23
S214004E900D4A934203D94FF4801303930FE0002387
S214004EA003930CE0009B002B09DD019B064A93420E
S214004EB003D94FF48013039301E000230393039B6D
S214004EC0184604B0704700BF005A620200B585B0AD
S214004ED001900091184B03F580531A464FF40033A7
S214004EE093660020FEF7DCFD0246019B02FB03F3FF
S214004EF00193FEF7A7FD03468DF80F30FEF7B8FDC9
S214004F00FEF7BEFD034623F4401302930099019872
S214004F10FFF7B4FF0246029B134302930298FEF784
S214004F20B5FD9DF80F30002B01D0FEF799FD00BFB0
S214004F3005B05DF804FB00BF0080005000B585B0EA
S214004F400190009100230293154BD3F8803103F0B3
S214004F500303012B02D0022B08D00EE002AB002187
S214004F601846FFF7C5FE0F23039309E0FDF79CFDE7
S214004F70034602930223039302E00023039300BF39
S214004F80019B002B02D0029A019B1A60009B002B0B
S214004F9002D0009B039A1A6000BF05B05DF804FBC0
S214004FA00080005000B583B0022301934FF4C07018
S214004FB0FEF782FE0346074A934201D80123019377
S214004FC001994FF42070FEF7B5FD00BF03B05DF801
S214004FD004FB00BF80F0FA0200B585B00190009196
S214004FE000230393194BD3F8403203F00303032B3B
S214004FF012D0032B16D8012B02D0022B06D011E0BC
S2140050001BF075FB0390092302930EE0FDF752FD9B
S21400501003900823029308E01BF06DFB03900B231C
S214005020029302E00023029300BF019B002B02D0F4
S214005030019B039A1A60009B002B02D0009B029AE9
S2140050401A6000BF05B05DF804FB00BF008000508A
S21400505000B585B00190009100230393214BD3F84F
S214005060003203F00703042B29D801A252F823F0DC
S214005070B950000085500000915000009D5000007F
S214005080A95000001BF033FB03900923029319E09C
S214005090FDF710FD03900823029313E01BF02BFB93
S2140050A003900B2302930DE0FDF7BEFC03469B0A1C
S2140050B003930E23029305E00123029302E00023EC
S2140050C0029300BF019B002B02D0019B039A1A603B
S2140050D0009B002B02D0009B029A1A6000BF05B00E
S2140050E05DF804FB0080005000B585B0019000918B
S2140050F000230393114B1B6803F00403002B06D018
S214005100FDF792FC034603930C23029305E002AAE4
S21400511003AB11461846FFF72DFE019B002B02D06D
S214005120039A019B1A60009B002B02D0029A009BF8
S2140051301A6000BF05B05DF804FB00BF10E000E099
S214005140054B5B68C3F30803002B14BF0123002341
S214005150DBB21846704700BF00ED00E084B003469F
S2140051608DF807309DF90730002B02DB9DF90730DC
S2140051703F2B0C4B03939DF907305A09039B53F8BA
S21400518022209DF8073003F01F0322FA03F303F0F2
S2140051900103002B0CBF01230023DBB2184604B02A
S2140051A0704700BF00E100E0024B034A1A6400BFEC
S2140051B0704700BF004009503254FFFF024B4AF6CA
S2140051C0CD321A6400BF70470040095008B500BFD2
S2140051D0042104481BF0D8FE0346002BF8D100BF7C
S2140051E000BF08BD8440005008B5FFF7EFFF044B32
S2140051F0D3F884309B0903F00303DBB2184608BDDE
S2140052000040005082B00190044B03F500531A464C
S214005210019BC2F8203400BF02B0704700C00350A4
S21400522000B585B003468DF807309DF80730002B93
S21400523013D12D4B00221A602C4B03F580531A46CF
S2140052404FF4003353662A4B5B68012B47D1274B3C
S214005250D3F80031244A136041E0234B1B68002B2F
S2140052603DD0234B5B68012B39D0204A1E4B1B6870
S214005270C2F800318020FEF7F9FF0346052B28D13F
S2140052804FF4C070FEF70CFC0390039B012B04D177
S21400529002214FF4C070FEF74DFC154B03F500538A
S2140052A01A4607231361124B03F580531A4601234F
S2140052B0536000BF0E4B1B6903F00103002BF9D0AF
S2140052C0039B012B0BD101214FF4C070FEF732FC7B
S2140052D005E0074B03F580531A460123536000BFD1
S2140052E005B05DF804FB00BF4020002000800050A1
S2140052F000C0015000B583B00190019B1A78054BA1
S2140053001A700121002000F0A3F800BF03B05DF87A
S21400531004FB00BF3C20002082B00190064B5B6F70
S21400532023F44072019B5B781B02034913434B67CF
S21400533000BF02B0704700BF0040005000B585B007
S21400534003468DF807309DF80730002B02D000206A
S214005350FFF766FF164B1B69154A43F004031361FB
S21400536004F032FD1BF02BFE1248FFF74BFF1BF03C
S214005370D5FD039026F0F8FB03981BF0DBFD1BF031
S21400538020FE04F053FD9DF80730002B02D00120CC
S214005390FFF746FF9DF8073083F00103DBB2002BD2
S2140053A001D01BF0ECFD00BF05B05DF804FB00BFAC
S2140053B000ED00E00000FF0F00B585B003468DF855
S2140053C007309DF80730002B02D00020FFF728FF9B
S2140053D0144B1B69134A43F0040313611248FFF78A
S2140053E011FF04F0F1FC1BF099FD039026F0BCFBC6
S2140053F003981BF09FFD04F019FD9DF80730002B65
S21400540002D00120FFF70CFF9DF8073083F0010360
S214005410DBB2002B01D01BF0B2FD00BF05B05DF87B
S21400542004FB00BF00ED00E00000FF0F82B001901B
S214005430064BDB6E23F03003019A12791146034ABD
S2140054400B43D36600BF02B0704700BF0040005059
S21400545000B585B001900B468DF80330019B002BFC
S21400546003D1FDF7B9FA039001E0019B03930D4BBE
S2140054701B78002B0AD0039B0B4A934206D89DF854
S21400548003301946012000F011F806E09DF80330BD
S2140054901946022000F00AF800BF00BF05B05DF80C
S2140054A004FB00BF3C200020005A620210B586B004
S2140054B003460A468DF8073013468DF80630FFF788
S2140054C093FE03461A469DF80730934240D0FDF7F8
S2140054D083FA0590059B04939DF80730012B03D1B2
S2140054E0012105981BF0D9FC1BF018FD03901A4B00
S2140054F003F500531A464FF0007353669DF80730C5
S21400550018461BF06CFD144C9DF8073018461BF02F
S21400551048FD0346236702E00F4BD3F884300E4B5A
S2140055205B6E03F00073002B06D10B4BD3F8843070
S21400553003F02003002BEFD003981BF0FBFC9DF834
S2140055400730022B05D1002105981BF0A6FC00E0D1
S21400555000BF06B010BD00BF0040005000B587B0C9
S21400556003468DF807300023059300230493444B2D
S21400557003F580531A464FF000435366414B03F53C
S21400558080531A46012353603E4B5B6C03F00103C5
S214005590002B14BF012300238DF80F30FFF70EFEFB
S2140055A09DF80730002B2BD1364B9B6803F0010388
S2140055B00293029B002B19D0324B03F500531A4678
S2140055C00123936002E0049B013304932D4BDB6AB6
S2140055D003F00103002B03D1049B2B4A9342F2D91C
S2140055E0049B294A934201D907230593254B03F5CB
S2140055F000531A460123536035E0049B013304939D
S214005600204BDB6A03F00803002B03D0049B1E4AE2
S2140056109342F2D9049B1C4A934202D9072305936E
S21400562021E0184B03F500531A4620235362154B0E
S21400563003F580531A46012393600023049302E087
S214005640049B013304930F4B5B6A03F02003002B8B
S21400565003D1049B0C4A9342F2D9049B0A4A934214
S21400566001D9072305939DF80F30002B01D0FFF7D3
S2140056709BFD24F072FC059B184607B05DF804FB02
S21400568000800050004009503F420F0000B585B032
S21400569001902B4B03F580531A464FF00043536698
S2140056A0284B03F580531A4601235360254B5B6C49
S2140056B003F00103002B14BF012300238DF80F30E5
S2140056C0FFF77CFD019B5B785B001F4A43F00103FC
S2140056D0D3631C4B9B6823F07402019B9B781B01D1
S2140056E01343019AD278002A01D0042200E0002257
S2140056F0144913438B60019B1B791B02019A927914
S2140057001146104A0B431361019B5B791B02019AF9
S214005710D27911460B4A0B435361019B1B781846FE
S214005720FFF71CFF9DF80F30002B01D0FFF73CFD64
S21400573024F013FC0123184605B05DF804FB00BFF7
S21400574000800050004009500040005084B00346DE
S2140057508DF807300F4BDB6E03F030030393039B8B
S214005760202B13D09DF80730002B08D0094BDB6E9A
S21400577023F03003074A43F01003D36607E0054BD7
S214005780DB6E044A23F03003D36600E000BF04B0AB
S214005790704700BF0040005082B00190044B03F5F4
S2140057A000531A46019BC2F8203400BF02B070476F
S2140057B000C0035082B0034600918DF807309DF874
S2140057C00730002B0AD09DF80730012B06D09DF835
S2140057D00730022B02D09DF80730032B08489DF8AF
S2140057E007200121009B994013465B0013441B01D0
S2140057F0034403F500531033196000BF02B070472E
S21400580000C0035082B0034600918DF807309DF823
S2140058100730002B0AD09DF80730012B06D09DF8E4
S2140058200730022B02D09DF80730032B08489DF85E
S21400583007200121009B994013465B0013441B017F
S214005840034403F580531033196000BF02B070475D
S21400585000C0035000B587B0029101921A46034675
S2140058608DF80F3013468DF80E30002305939DF803
S2140058700F30002B0AD09DF80F30012B06D09DF874
S2140058800F30022B02D09DF80F30032B019B072B05
S2140058900FD8019B9B00032202FA03F19DF80F200C
S2140058A0019B9B0002FA03F31A462D481BF0B7FB38
S2140058B011E0019B083B0593059B9B00032202FA1F
S2140058C003F19DF80F20059B9B0002FA03F31A468E
S2140058D024481BF0A4FB019B072B10D8019B9B00C0
S2140058E0032202FA03F1029B03F00302019B9B00D2
S2140058F002FA03F31A461C481BF091FB0FE0059BC7
S2140059009B00032202FA03F1029B03F00302059BAD
S2140059109B0002FA03F31A4614481BF080FB9DF81E
S2140059200E301A46019912481BF060FB9DF8203095
S2140059301A4601990F481BF059FB0122019B02FAF7
S21400594003F31846FFF728FF9DF824301A460199FE
S21400595009481BF04BFB00BF07B05DF804FB00BF17
S21400596000C4035004C4035008C403500CC40350BE
S21400597010C4035014C4035024C4035000B587B0A9
S214005980029101921A4603468DF80F3013468DF8A1
S2140059900E309DF80F30002B0AD09DF80F30012BEB
S2140059A006D09DF80F30022B02D09DF80F30032B47
S2140059B09DF80E3083F00103DBB29DF80F00032242
S2140059C002991BF04BFB9DF80E20019B103302FA48
S2140059D003F30593019B1033012202FA03F30493A9
S2140059E00599049800F00EF8019B10339DF82020CE
S2140059F0194603481BF0FAFA00BF07B05DF804FB2F
S214005A0024C4035000B583B001900091124BD3F824
S214005A103024019BDB4310491340C1F830340E4B51
S214005A20D3F830240199009B0B400B491343C1F86F
S214005A303034094BD3F82C240749019B1343C1F893
S214005A402C340120FFF782FE0198FFF7A5FE00BF69
S214005A5003B05DF804FB00BF00C0035082B00346ED
S214005A608DF807309DF90730002B0CDB9DF80730CA
S214005A7003F01F0205499DF907305B09012000FA73
S214005A8002F241F8232000BF02B0704700E100E0B8
S214005A9082B003468DF807309DF90730002B13DBE4
S214005AA09DF8073003F01F0209499DF907305B098E
S214005AB0012000FA02F2203341F82320BFF34F8F73
S214005AC000BFBFF36F8F00BF00BF02B0704700BFBC
S214005AD000E100E082B003468DF807309DF90730FC
S214005AE0002B0DDB9DF8073003F01F0206499DF9D9
S214005AF007305B09012000FA02F2603341F82320E8
S214005B0000BF02B0704700BF00E100E082B003466D
S214005B1000918DF807309DF90730002B0ADB009BBB
S214005B20DAB20C499DF907301201D2B20B4483F861
S214005B3000230BE0009BDAB207499DF8073003F01C
S214005B400F03043B1201D2B20B441A7600BF02B018
S214005B50704700BF00E100E000ED00E008B515204A
S214005B60FFF796FF094B00225A65084BFF229A6200
S214005B70064B00225A6000212020FEF76BF8002119
S214005B802120FEF767F800BF08BD00BF00000450E4
S214005B9000B583B001900B468DF8033001999DF84F
S214005BA0033083F00103DBB21A4603481BF0CFFA3A
S214005BB000BF03B05DF804FB4000045000B585B09C
S214005BC0019001212020FEF745F801212120FEF753
S214005BD041F81B4B01225A60019B1B781B0603935E
S214005BE0174A039B9360019B5B781B04019A92788B
S214005BF01146134A0B439361114BFF229A62104BD6
S214005C0000229A630E4B00221A640D4B4FF000429E
S214005C105A650B4B03F500531A464FF0FF331365D6
S214005C201520FFF757FF019BDB7819461520FFF775
S214005C306DFF1520FFF712FF00BF05B05DF804FBEF
S214005C400000045000B587B0039002910192039BB8
S214005C50DBB21A460123934005933E4B03F50053EF
S214005C601A46059B13653C49029B1A68039B41F83C
S214005C702320029B5B7B37491846039A13465B003A
S214005C8013441B010B4460331860029B9B7A1A0472
S214005C90029BDB7A1B051A43029B1B7B5B051343A7
S214005CA02C491846039A13465B0013441B010B4409
S214005CB05C331860019B274823F00301039A1346C0
S214005CC05B0013441B010344703319601BF03CF95E
S214005CD00490204B5A6D1F49059B13434B65029B4E
S214005CE01B7A002B05D01B4B1A6C1A49059B1343D5
S214005CF00B64029B5B7A002B05D0164B9A6B1549FA
S214005D00059B13438B63029B1B791B04029A9279B3
S214005D101343104A03F0FF1302F500529361029BEF
S214005D205B791B04029AD27913430A4A03F0FF13E5
S214005D3002F580529361059908481BF021FA054A3E
S214005D40059B936404981BF00FF900BF07B05DF83D
S214005D5004FB00BF00000450004004503400045010
S214005D6000B585B00190019BDBB21A460123934033
S214005D7003931BF0E9F80290084B5A6D039BDB4334
S214005D80064913404B65054A039B936202981BF035
S214005D90EBF800BF05B05DF804FB00BF0000045040
S214005DA000B587B0019000238DF81730019BDBB259
S214005DB01A460123934004931BF0C6F803900C4B3D
S214005DC0DA6A049B1340002B09D1094B5A6B049BDB
S214005DD01340049A9A4202D101238DF81730039893
S214005DE01BF0C2F89DF81730184607B05DF804FBA4
S214005DF000000450094B03F580531A464FF4003355
S214005E009366074B41F67132DA63054B03F5005390
S214005E101A460123D36000BF704700BF00800050C1
S214005E20000003500A4B41F67132DA63084B03F563
S214005E3000531A460123D360054B0022DA63054B54
S214005E4003F500531A464FF40033936600BF7047BD
S214005E50000003500080005084B001900091009B29
S214005E601B781A46009B5B789B001A43009BDB78E6
S214005E705B011A43009B1B791B014FF0B04042EABE
S214005E800301019A13465B0013449B00034430331E
S214005E901960009B1B78012B09D1064B0393009BCE
S214005EA09978019B9B00039A13440A461A6000BF28
S214005EB004B07047E8800350014B5B691846704792
S214005EC000C0075000B585B00190114B03F5805314
S214005ED01A464FF480335366FFF7EEFF0390039B9A
S214005EE09B09DBB203F03F03DAB2019B9A70039B77
S214005EF0DBB203F03F03DAB2019B5A70039B1B0B25
S214005F00DAB2019B1A7000BF05B05DF804FB00BF53
S214005F1000800050F0B482B00E4B9B6C01930D4B8A
S214005F20DB6C00221E4617464FF000024FF00003BF
S214005F3033000022019E00273046394642EA00041C
S214005F4043EA010522462B461046194602B0F0BC2D
S214005F50704700BF0080E00F024B1B681B0CDBB2D3
S214005F60184670470080E00F82B0074B9B68DBB294
S214005F700193019B0A3303F01F03012202FA03F385
S214005F80184602B0704700BF0080E00F82B0019054
S214005F90019B0E4A93420FD0019B0D4A93420BD0B1
S214005FA0019B0C4A934207D0019B0B4A934203D0B5
S214005FB0019B0A4A934201D1012300E0002303F02B
S214005FC00103DBB2184602B0704700BF00800450E1
S214005FD000C00450000005500040055000800550E9
S214005FE086B00390029101928DF80330039B224AFB
S214005FF093421AD0039B214A934214D0039B204A13
S21400600093420ED0039B1F4A934208D0039B1E4A1E
S214006010934201D1042309E04FF0FF3306E0032347
S21400602004E0022302E0012300E000230593174B5F
S2140060300493059B002B1BDB9DF80330002B0BD035
S2140060400499059A13465B0013445B00029A1344B6
S214006050019A41F823200BE0019B18020499059A47
S21400606013465B0013445B00029A134441F8230076
S21400607000BF06B0704700BF0080045000C0045048
S2140060800000055000400550008005500C8103506C
S21400609082B001900B468DF80330019B0D4A934267
S2140060A005D10D4A9DF80330C2F88C3108E0019BFB
S2140060B00A4A934204D1084A9DF80330C2F89C313C
S2140060C0019BDB6D43F08002019BDA6500BF02B0E6
S2140060D0704700BF00C00550008003500000065007
S2140060E000B587B00390029101928DF8033000232B
S2140060F00593029B002B04D14FF42070FDF7DCFDC6
S21400610002909DF80330602B13D0602B14DC402BDC
S2140061100CD0402B10DC002B02D0202B03D00BE041
S2140061201023059309E00823059306E0062305934C
S21400613003E00423059300E000BF059B002B2AD054
S214006140029B5A01059B019901FB03F35B0813446C
S2140061500493059B019A02FB03F3049AB2FBF3F344
S2140061600493049B203B0493049BDB000493049A53
S2140061700B4B13400493039B9B6823F06002039B26
S2140061809A60039B9A689DF803301A43039B9A60B3
S214006190039B049ADA6100BF07B05DF804FB00BFFA
S2140061A0F8FF7F0084B001900B468DF80330019B0A
S2140061B0144A934202D0019B134A9342019B03F573
S2140061C080531A46012353609DF80330DB43039344
S2140061D0039B03F005030393039B5A00019B5A613C
S2140061E09DF80320019B5A619DF80330002B05D1D2
S2140061F0019B03F500531A460123536000BF04B009
S214006200704700BF00C005500000065000B583B0C0
S21400621001900091019B554A934202D0019B544A3B
S2140062209342019800F0A8F8019B03F580531A46A4
S21400623001235360009B9B7C002B05D0019B9B6831
S21400624043F08042019B9A60009BDB7C002B05D0CC
S214006250009B1B7D19460198FFF71AFF009B5B7B8E
S2140062601A46009B1B8A1343009AD2891A43019B45
S214006270DA60009B5968009B9A68009B1B7B01981C
S214006280FFF72EFF009B5B7D002B05D0019B9B68D4
S21400629043F48032019B9A60009B9B7D002B05D0C7
S2140062A0019B9B6843F40042019B9A60009BDB7D48
S2140062B01B0703F0E042009B1B7E1B0503F4E00374
S2140062C01A43019B9A65009B5B7E022B03D0009BC2
S2140062D05B7E032B16D1274A019B24498B4208D0AC
S2140062E0019B23498B4201D1012303E04FF0FF338A
S2140062F000E000235B01134403F5B0531C33022275
S2140063001A6015E01B4A019B18498B4208D0019B76
S21400631017498B4201D1012303E04FF0FF3300E021
S21400632000235B01134403F518531C3302221A6042
S214006330009B5B7E012B03D0009B5B7E032B06D16C
S214006340019B03F580531A460423D36505E0019BA1
S21400635003F500531A460423D365009B1B781A46A0
S214006360019B5A6100BF03B05DF804FB00C00550F6
S2140063700000065000C0035082B00190019B254AE1
S214006380934202D0019B244A9342019B03F580531B
S2140063901A4601235360019B40F6AA625A61019B8C
S2140063A000229A60019B0022DA65019B41F20502F9
S2140063B0DA60019B00221A61019B0022DA61019BD0
S2140063C00022DA64019B03F500531A46134B9364CC
S2140063D0019B00229A65019B0E4A934203D0019BC3
S2140063E00D4A934202D1019B00221A65019B094A7D
S2140063F0934203D0019B084A934202D1019B00229C
S2140064005A65019B03F500531A460123536000BFEB
S21400641002B0704700C0055000000650FFFF0100A4
S21400642030B583B00190019823F0BCFD064A019B6D
S21400643014461D460FCD0FC495E8030084E80300FC
S2140064400023184603B030BD442000208EB00190D3
S2140064500B468DF803301346ADF80030BDF900301A
S21400646047F6FF72934201D1FF23F7E09DF8033011
S214006470022B00F2F2809DF803307A4AD35C012B9F
S21400648000F2EB809DF80330764AD35CDB00764A58
S21400649013440893089B9B780793089B1B78012B53
S2140064A02BD100230D93089BDB781A46079BD31A43
S2140064B00C9317E00C9A0D9BD31A5B080C9AD31A10
S2140064C00393089B5A68039B5B001344B3F90030A0
S2140064D0BDF900209A4203DA039B013B0C9301E0CE
S2140064E0039B0D930D9A0C9B9A42E3D30C9BDAB256
S2140064F0079BDBB21344DBB2B0E0089B5B680693F5
S214006500069B002B01D10023A8E0069BB3F90030C0
S214006510BDF900209A4204DD069B1B88ADF80030CA
S2140065200AE0069BB3F90230BDF900209A4203DA6E
S214006530069B5B88ADF80030C823ADF82E302823C4
S214006540ADF82C300023ADF82A30069B9B88FF2B35
S2140065500DD1BDF82A3001339BB2ADF82A30069B28
S214006560DB88ADF82E30069B9B68ADF82C30BDF965
S2140065702E20BDF90030D21ABDF92C3092FBF3F371
S2140065809AB2BDF82A3013449BB2ADF82A30089B65
S2140065905B781A46BDF92A309A4203DDBDF92A30E7
S2140065A0002B05DA089B5B78013B9BB2ADF82A30DE
S2140065B0BDF92A30DB00069A134404330593059B85
S2140065C05A68059BB3F902301946BDF9003001FB45
S2140065D003F313440493049B002B02DA002309936D
S2140065E001E0049B0993099B5C33204AA2FB03232A
S2140065F09B090993BDF92A309BB201339BB2ADF8D3
S2140066002A30BDF92A30089A5278934209DABDF941
S2140066102A30069ADB0013449B881A46099B93424D
S214006620C6D9BDF92A30013B069ADB0013449B8885
S2140066301A46099B934207D9BDF92A30013B069AB0
S214006640DB0013449B880993099A079B9A4201D260
S214006650079B0993099BDBB200E0002318460EB0A7
S214006660704700BF50C4020044200020D34D621083
S21400667088B001900B468DF8033013468DF8023033
S2140066809DF80330022B00F2C1809DF80330614A6A
S214006690D35C012B00F2BA809DF803305D4AD35CD0
S2140066A0DB005D4A13440693069B1B78012B26D11C
S2140066B0069BDB789DF802209A4203D9069BDB787E
S2140066C08DF80230069B9B789DF80220D31A8DF831
S2140066D002309DF80220069BDB781946069B9B78C5
S2140066E0CB1A9A4202DD00238DF80230069B5A68C8
S2140066F09DF802305B001344B3F9003087E0069B38
S2140067005B680593059B002B01D1444B7FE0059BFE
S21400671004330493069B9B789DF802209A4203D884
S214006720059BB3F9023072E0069BDB789DF80220E9
S2140067309A4203D3059BB3F9003068E000238DF836
S2140067401F30069B5B78013B8DF80F30049B1B883F
S214006750FF2B14D101238DF81F3010E09DF81F3059
S2140067600133DB00049A13441A889DF802309BB26A
S2140067709A420BD39DF81F3001338DF81F309DF8D9
S2140067801F209DF80F309A42E8D300E000BF9DF826
S21400679002304FF47A7203FB02F29DF81F30DB00E2
S2140067A004990B445B68D31A02939DF81F30DB00F4
S2140067B0049A1344B3F90230DA0F13445B101BB289
S2140067C01A46029B13449DF81F20D20004990A44DF
S2140067D0B2F9022093FBF2F30293059BB3F9003063
S2140067E01A46029B934203DD059BB3F900300EE088
S2140067F0059BB3F902301A46029B934203DA059BC7
S214006800B3F9023003E0029B1BB200E0034B1846CC
S21400681008B0704750C40200442000200080FFFFEC
S21400682008B50448FFF7FCFD012023F0BFFB00BFBE
S21400683008BD00BF5CC90200014B1846704700BF88
S214006840AC0B002000B587B001AB00221A605A607E
S2140068509A60DA601A6102238DF804300B4B0293BB
S21400686002238DF80D3004238DF80E3002238DF8A8
S214006870133005238DF8143001AB19464FF0FF3066
S21400688023F0C9FB00BF07B05DF804FB006A1800E0
S21400689082B001230193034A019B936000BF02B0BC
S2140068A0704700BF0020025C014BDB68184670474B
S2140068B00020025C86B003900291019200930023B0
S2140068C00593019B1B0403F47022029B1B0203F436
S2140068D070631A43039B03F00F031A43009B1B06C7
S2140068E003F0706313430593024A059B136000BFD1
S2140068F006B070470020025C00B587B00390029196
S214006900019200934FF000430493029B002B03D0A8
S214006910029B013B059301E000230593059BB3F51D
S214006920806F01D301231FE000BF1AF03CFE034630
S214006930002BFAD1049A039B13430493059B1A0277
S2140069400B4B1340049A13430493019B1B0703F05D
S2140069508053049A13430493049A009B13430493AE
S214006960044A049B53600023184607B05DF804FBF6
S21400697000FF03000020025C014B1B6818467047AE
S2140069800040025C014B1B68184670470410025C0E
S214006990014B1B68184670473010025C014B1B68A1
S2140069A0184670470010025C82B00190024A019BB4
S2140069B0136000BF02B070470810025C82B00190FE
S2140069C0024A019B136000BF02B070474010025C91
S2140069D082B003468DF80730034A9DF807301360EF
S2140069E000BF02B0704700BF4410025C82B0019046
S2140069F0024A019B136000BF02B070473410025C6D
S214006A00024B00221A6000BF704700BF0010025CF5
S214006A1008B5FFF7C3FF0346024A43F001031360BD
S214006A2000BF08BD0010025C08B5FFF7B7FF0346BD
S214006A30024A23F00103136000BF08BD0010025C89
S214006A40024B43F204021A6000BF70470010025C5B
S214006A5008B5FFF7A3FF0346024A43F0300313606E
S214006A6000BF08BD0010025C08B5FFF797FF03469D
S214006A70064A43F480731360FFF790FF0346034A09
S214006A8023F48073136000BF08BD00BF0010025CD3
S214006A9008B5FFF783FF0346024A43F4806313609A
S214006AA000BF08BD0010025C00B583B003468DF839
S214006AB00730FFF773FF034623F470229DF8073074
S214006AC01B04034913430B6000BF03B05DF804FBCF
S214006AD00010025C82B001900A4B1A68019B1A6093
S214006AE0094A019B043312681A60084A019B08335E
S214006AF012681A60064A019B0C3312681A6000BFBF
S214006B0002B070471010025C1410025C1810025C91
S214006B101C10025C82B001900A4A019B1B6813603D
S214006B20019B0433084A1B681360019B0833074A1D
S214006B301B681360019B0C33054A1B68136000BF7B
S214006B4002B070471010025C1410025C1810025C51
S214006B501C10025C00B583B0019000BFFFF718FF61
S214006B60034603F00103002BF8D1034A019B136090
S214006B7000BF03B05DF804FB2010025C82B0044B3B
S214006B800193019B01221A6000BF02B0704700BF4C
S214006B90FCFFFF3F00B583B00190009101990748C4
S214006BA01AF01DFE009906481AF019FE054B03223E
S214006BB01A6000BF03B05DF804FB00BF0000025C73
S214006BC01000025C3400025C82B010B586B001ACE6
S214006BD084E807000993029B0C9A934228BF134649
S214006BE00593039B03F08053002B04D0059B0333CF
S214006BF023F003030593059B23F070430593099B3D
S214006C00194613481AF0EBFD0B9B03F0E042059B78
S214006C101343104A43F0005313600F4B00221A60D0
S214006C20019B19460D481AF0DAFD039B03F0E0427B
S214006C30059B13430A4A43F000531360094B002296
S214006C401A6000BF06B0BDE8104002B0704700BF33
S214006C500000025C0800025C0C00025C1000025C93
S214006C601800025C3400025C054B3F221A60054B9C
S214006C7010221A60044B03221A6000BF704700BF40
S214006C803000025C1C00025C3800025C00BF044B53
S214006C901B6803F00203002BF9D100BF00BF70474A
S214006CA03C00025C054B1B6803F02403002B01D05C
S214006CB0042300E000231846704700BF2800025C4B
S214006CC082B0084B1B680193019B23F47F4323F09B
S214006CD0EF03002B01D0042300E00023184602B087
S214006CE0704700BF3C00025C82B001900091019B9F
S214006CF05B68202B22D0202B2FD8102B02D0182BED
S214006D000DD02AE0264B1B6803F08073002B01D1C0
S214006D10012342E0009B1A68009B1A601FE0204B8C
S214006D201B6803F00073002B01D1012335E0009BA4
S214006D301B6843F00802009B1A6010E0184B1B68A3
S214006D4003F08063002B01D1012326E0009B1B6823
S214006D5043F00402009B1A6001E007231DE0019B3C
S214006D601B68104A934209D1009B1B6843F04002FF
S214006D70009B1A60019B00225A600DE0019B1B6875
S214006D80094A934208D1009B1B6843F08002009B8F
S214006D901A60019B00225A600023184602B0704712
S214006DA00404025C7B2D00207C2D002000B587B0FB
S214006DB005900491039202930A4B1B6803F48073B8
S214006DC0002B01D1012308E0029B0093039B049A49
S214006DD00599002000F026F80346184607B05DF82F
S214006DE004FB00BF0404025C00B587B00590049164
S214006DF0039202930A4B1B6803F48073002B01D1A5
S214006E00012308E0029B0093039B049A0599002047
S214006E1000F042F80346184607B05DF804FB00BFD2
S214006E200404025C00B591B00A91099208930346E7
S214006E308DF82F30164B0F93089B5B68102B03D1F1
S214006E40129B5B68102B01D007231DE0114A0CAB88
S214006E5007CA83E807000CAA9DF82F00129B079329
S214006E600CAB06930CAB05930CAB04930CAB0393E3
S214006E700CAB0293099B0193089B009313460A9A56
S214006E800F991AF096FD0346184611B05DF804FBFC
S214006E903000010054C4020000B591B00A91099276
S214006EA0089303468DF82F30164B0F93089B5B68AC
S214006EB0102B03D1129B5B68102B01D007231DE01B
S214006EC0114A0CAB07CA83E807000CAA9DF82F00EE
S214006ED00CAB0793129B06930CAB05930CAB049379
S214006EE00CAB03930CAB0293099B0193089B009396
S214006EF013460A9A0F991AF05CFD0346184611B01D
S214006F005DF804FB1000010054C4020030B59BB0CD
S214006F102E4B08AC1D460FCD0FC40FCD0FC40FCDA2
S214006F200FC495E80F0084E80F00294B04AC0FCB84
S214006F3084E80F00274B6C460FCB84E80F00002335
S214006F401893FFF791FD0420FFF7AEFDFFF778FDDD
S214006F506B461846FFF7DEFD002319930BE0199BDE
S214006F609B0068336B4453F8483C1846FFF7F2FD25
S214006F70199B01331993199B0F2BF0D900BFFFF70C
S214006F8001FD0346032BFAD9FFF73AFD00231993B8
S214006F900FE0FFF7F1FC0246199B9B0068336B4439
S214006FA053F8583C5340189A13431893199B0133CF
S214006FB01993199B032BECD9189B002B01D00623A1
S214006FC000E0002318461BB030BD00BF34C50200E9
S214006FD074C5020084C5020000B585B00190019B0F
S214006FE0002B0AD0FFF792FF0390039B002B04D0E0
S214006FF00E4B01221A70062314E0FFF735FD082019
S214007000FFF7D2FC0020FFF7D9FC0720FFF7E0FCD3
S2140070104FF40070FFF7EAFC0820FFF745FDFFF786
S214007020F7FC0023184605B05DF804FB7D2D002014
S21400703000B587B01AF0E2FE0590059B002B04D041
S214007040114B01221A7006231AE0FFF795FC03463F
S2140070500193FFF791FC03460293FFF78DFC03466E
S2140070600393FFF789FC0346049301AB1846FFF72A
S21400707051FD1AF0F7FEFFF7EBFCFFF709FD0023C2
S214007080184607B05DF804FB7D2D0020024B012258
S2140070901A7000BF704700BF7E2D002082B00346E6
S2140070A08DF807309DF80730062B1FD801A252F83E
S2140070B023F000BFD1700000D5700000E57000001E
S2140070C0D9700000DD700000E1700000E97000007B
S2140070D06C230CE05C230AE0542308E0802306E0DF
S2140070E0102304E0582302E0242300E0002318467F
S2140070F002B0704700B58BB0019000911F4B039310
S214007100019B04931E4B059346F61103069300F06D
S2140071101FFA0990099B142B04D107AB18461AF0E6
S2140071208DFF04E0099B002B01D0099B21E04FF066
S214007130A84303225A634FF0A84203AB13604FF0F4
S214007140A842009B13614FF0A84303229A6300BF36
S2140071504FF0A843DB6B03F00303002BF8D1099B29
S214007160142B03D107AB18461AF080FF00F020FA64
S214007170034618460BB05DF804FB00BF5C200020F9
S2140071800400002010B5BAB00291019200930346A5
S2140071908DF80F308F4B31AC0FCB84E80F00409A40
S2140071A0019B13445B4203F00F0337933D9B002B78
S2140071B004D03D9B5B4203F00F0300E010233693A0
S2140071C0419B2D9301232E93429B43F000532F9314
S2140071D0429BC3F110031B0203F4F85343F0210350
S2140071E030933D9B002B01D131AB00E0009B2993EF
S2140071F09DF80F3083F00103DBB2002B04D0429BD6
S214007200002B01D02DAB00E001232A933D9B002BE1
S21400721003D03D9B43F0005302E0369B43F00053FF
S2140072202B939DF80F30002B02D1429B002B01D1EF
S214007230212200E00122369B1B0203F4F85313437D
S2140072402C93029B259329AB2693019B43F0005376
S2140072502793379B1B0203F4F85343F0410328930C
S2140072603F9B2193019B002B01D025AB00E029AB6F
S2140072702293019B002B01D0002201E04FF0005228
S214007280409B13432393019B002B06D1379B1B0285
S21400729003F4F85343F0410300E0412324933E9B5C
S2140072A01D9321AB1E934C4B1F9340F61103209366
S2140072B09DF80F30002B01D0484B00E0484B199347
S2140072C01DAB1A93474B1B9311231C9315AB00223F
S2140072D01A605A609A60DA6001231693429BC3F1E3
S2140072E0100343F08043179311AB00221A605A60D4
S2140072F09A60DA609DF80F3083F00103DBB2002B52
S21400730001D031AB00E0419B1193429B102B01D082
S21400731015AB00E001231293429B13930DAB0022A2
S2140073201A605A609A60DA60429B002B01D011AB5B
S21400733000E001230E93369B43F080430F9309AB86
S21400734000221A605A609A60DA603C9B0993369B6A
S214007350002B01D00DAB05E0429B002B01D011ABFA
S21400736000E001230A933C9B002B02D14FF08042A1
S21400737000E000223D9B13430B9305AB00221A60EE
S2140073805A609A60DA603D9B002B01D009AB00E0A2
S2140073900DAB0693409A019B1A44379B134443F067
S2140073A08043079305AA19AB11461846FFF7A2FEBD
S2140073B03590359B002B01D0359B2BE09DF80F3088
S2140073C083F00103DBB2002B23D000233993002384
S2140073D0389315E09CC502001000002094C50200FA
S2140073E098C502000400002031AA389B13441B787D
S2140073F0DBB21A46399B13433993389B01333893D3
S214007400389A429B9A42EFD3399B002B01D02C230B
S21400741000E0002318463AB010BD00BF00B5A3B088
S2140074200390029101920093029BB3F5807F0AD0ED
S214007430029BB3F5807F1CD8029B802B0FD0029B4B
S214007440C02B0AD015E0249B002B02D040F2344318
S21400745001E040F2144321930DE00F2358E0249BF3
S214007460002B02D04FF4866301E04FF48263219331
S21400747001E029234CE0249B1D9301231E93102337
S2140074801F9321232093259B1993249B002B01D027
S2140074901DAB00E001231A9310231B9301231C93BA
S2140074A0019B1593012316931023179321231893FA
S2140074B0194B119315AB1293184B139342F6110305
S2140074C01493009B0D9315AB0E9310230F9342F667
S2140074D01103109321AB0993009B002B01D00DAB39
S2140074E000E011AB0A9304230B9311230C93039B28
S2140074F0059309AB0693029BDB08079340F611033E
S214007500089319AA05AB11461846FFF7F3FD034684
S214007510184623B05DF804FBBCC50200100000103E
S21400752000B583B0094B1B68002B04D10421074823
S21400753004F080F90190054B1B68013343F00043CB
S214007540024A136000BF03B05DF804FB5C20002015
S21400755008B5154B5B6E144A43F004035366124B92
S214007560D3F88032104A43F00103C2F880320F4B42
S2140075705B68C3F30803002B09D000BF4FF0A84395
S214007580DB6B03F04303002BF8D114230AE000BFA3
S2140075904FF0A843DB6B03F04303002BF8D1FFF753
S2140075A0BFFF0023184608BD0080005000ED00E035
S2140075B0054B5B68C3F30803002B01D0002300E0F3
S2140075C000231846704700BF00ED00E0084B03F5A7
S2140075D080531A464FF400539366054B03F58053C9
S2140075E01A460323C2F8603200231846704700BFCD
S2140075F000800050084B03F500531A464FF4005322
S2140076009366054B03F500531A460323C2F860320F
S21400761000231846704700BF0080005010B582B0A7
S214007620019001981AF049FD0346012202FA03F47C
S21400763001981AF037FD03460F4A52F823202146D8
S2140076400A430D4941F8232001981AF036FD0346F7
S214007650012202FA03F3DC4301981AF023FD0346E5
S214007660064A52F8232021460A40044941F82320BE
S21400767000BF02B010BD00BF6020002074200020B4
S21400768010B586B0019001981AF017FD0346012246
S21400769002FA03F401981AF005FD0346164A52F85A
S2140076A0232021460A43144941F82320002305934A
S2140076B00023049309E0114A049B52F82330059AEC
S2140076C013440593049B01330493049B042BF2D9C3
S2140076D0059B002B0DD10023039307E0064A039B6E
S2140076E0002142F82310039B01330393039B042BD2
S2140076F0F4D900BF06B010BD742000206020002022
S21400770010B582B0019001981AF0D7FC034601220A
S21400771002FA03F401981AF0C5FC0346054A52F82B
S214007720232021464A40034941F8232000BF02B0E7
S21400773010BD00BF6020002010B582B001900198F7
S2140077401AF0B0FC0346094A52F8234001981AF092
S214007750B4FC034624FA03F303F00103002B14BF22
S21400776001230023DBB2184602B010BD60200020C3
S21400777010B582B0019001981AF094FC0346094AAD
S21400778052F8234001981AF098FC034624FA03F3B3
S21400779003F00103002B14BF01230023DBB21846BD
S2140077A002B010BD7420002082B00190019BA3F5AA
S2140077B00622A2F6FF42074BA3FB0213D9080B468C
S2140077C0DB010B44D11A01F5062303F55063184676
S2140077D002B07047813FE00F00B583B0CDE90001ED
S2140077E0DDE900011AF071FC0146084BA3FB0123FA
S2140077F0DA081346DB011344CA1A02F5062303F51A
S2140078005063184603B05DF804FB00BF813FE00FED
S21400781000B5A9B012AB40220021184623F031FA79
S21400782002AB40220021184623F02BFA2A4B27935E
S21400783047E0279B10332693269B284A934201D97C
S214007840264B2693264B1868269B013B12A90093CD
S214007850279B102222F034F92390002325930BE077
S214007860259B9B00A0336B4453F8583C1846FFF703
S214007870D5FE259B01332593259A239B9A42EFD369
S214007880174B1868269B013B02A90093279B1022E2
S21400789022F01FF92290002324930BE0249B9B00E8
S2140078A0A0336B4453F8983C1846FFF7E9FE249B38
S2140078B001332493249A229B9A42EFD3279B1033BA
S2140078C02793279B074A9342B3D9074B01221A7086
S2140078D000BF29B05DF804FB006D080000710800C9
S2140078E0880B0020FF7008007F2D002000B58BB0AD
S2140078F00590049103920293039B002B02D0039BF6
S21400790000221A60029B002B02D0029B00221A6003
S2140079101D4B1868102300930023049A05990EF057
S21400792011FD0990099B002B01D0099B27E0039BC2
S214007930002B02D0039B10221A60049B1B68134A7C
S214007940934201D0124B1AE0039B002B16D0029BE9
S214007950002B13D00C4B186807AA029B05990EF053
S21400796045FD0890089B002B01D0089B07E0029B72
S2140079701A68039B1B68D21A029B1A60099B18465A
S2140079800BB05DF804FB00BF880B0020105D175E8F
S214007990FFDF00F000B589B0CDE902010093134681
S2140079A08DF807300023069300230593DDE90201D6
S2140079B0FFF712FF05904E4B1B7883F00103DBB2F6
S2140079C0002B09D0FBF78CFF0346002B02D06FF08C
S2140079D0910389E0FFF71CFF0023049373E00598EA
S2140079E0FFF7AAFE034683F00103DBB2002B23D089
S2140079F00598FFF7BDFE0346002B09D0069B002B1B
S214007A0001D1059B06930598FFF7CEFE059057E03B
S214007A109DF80730002B0CD0069B002B04D00C9B47
S214007A20069A1A6000235FE00C9B059A1A600023F2
S214007A305AE06FF08B0357E00B9B0A9A0099059863
S214007A40FFF754FF0790079B2A4A934203D0079BF1
S214007A50294A93420CD1294B1B68059918460EF00B
S214007A6009FD0790079B002B02D06FF08B033BE0CD
S214007A70079B002B06D0079B214A934202D06FF04B
S214007A80910331E0009BD3E90223DDE9020199422C
S214007A9008BF904204D00598FFF786FE05900FE0D9
S214007AA09DF80730002B06D0009B5B68012B02D1A7
S214007AB06FF0840318E00C9B059A1A60002313E00D
S214007AC0049B01330493049B802B88D99DF80730D0
S214007AD0002B07D0069B002B04D00C9B069A1A603E
S214007AE0002301E06FF08B03184609B05DF804FB35
S214007AF07F2D0020FFDF00F011E000F0880B002053
S214007B00FEDF00F000B58FB0CDE9060105920493C4
S214007B10059B002B05D0049B002B02D16FF086033B
S214007B207FE0059B40F26C72934202D96FF091039E
S214007B3077E0109B012B05D0109B002B02D06FF036
S214007B4085036EE06FF096030D9300230893059B64
S214007B500C930C9B1033194601201BF0C6FC0B90AF
S214007B600B9B002B02D16FF08C035AE00C9B10335A
S214007B701A4600210B9823F084F80B9B0A931AF000
S214007B808DFA08AB029300230193002300930A9B0F
S214007B900122DDE90601FFF7FDFE0D900D9B002B8F
S214007BA007D00D9B13F18C0F2DD16FF08D030D9325
S214007BB029E00A9B1D4A1A600A99DDE90623C1E9F5
S214007BC002230A9B109A5A60059B002B06D00B9B3B
S214007BD01033059A0499184623F06CF8144B18686D
S214007BE008990C9B10330B9A0EF014FB0990099B16
S214007BF0002B04D1089B1846FFF710FD04E06FF039
S214007C0091030D9300E000BF0C9B10331A46002131
S214007C100B9823F036F80B981BF07CFC1AF040FA11
S214007C200D9B18460FB05DF804FB00BF105D175E95
S214007C30880B002000B595B0CDE9060105920493A7
S214007C40049B002B05D0179B002B02D16FF08603F8
S214007C5083E0049B002B11D0169B002B0BD0169BA9
S214007C60B3F1005F07D3049BC3F1005303F5004351
S214007C70169A934202D26FF086036EE06FF0960378
S214007C8013930CAB00221A605A609A60DA600023E5
S214007C900B930023129300230A931AF0FFF90CAA01
S214007CA009AB02930BAB01930AAB00931346002279
S214007CB0DDE90601FFF76EFE1390139B002B48D1FB
S214007CC00B9B1293049B002B14D0059A129B9A428E
S214007CD006D3129B002B03D06FF08603139339E074
S214007CE0129B002B0ED1059B002B0BD06FF086034A
S214007CF013932FE0059A129B9A4203D96FF08603DE
S214007D00139327E0129A059BD31A049A9A4205D930
S214007D10129A059BD21A179B1A6002E0179B049AC8
S214007D201A60104B186809990A9A059B1A44179B03
S214007D301B6800931346169A0EF004FB1190119BD5
S214007D40002B03D06FF09103139303E000231393EB
S214007D5000E000BF1AF0A4F9139B184615B05DF8B2
S214007D6004FB00BF880B002000B591B0CDE90401EC
S214007D706FF096030F930AAB00221A605A609A605F
S214007D80DA6000230993002308931AF087F90AAAF9
S214007D9007AB029309AB019308AB0093134600228E
S214007DA0DDE90401FFF7F6FD0F900F9B002B20D1B5
S214007DB00B9B012B03D16FF084030F931AE0114B3A
S214007DC01B68079A114618460EF054FB0E900E9B41
S214007DD0002B0AD1079B1846FFF792FC079B184614
S214007DE0FFF74EFC00230F9304E06FF091030F9310
S214007DF000E000BF1AF054F90F9B184611B05DF86A
S214007E0004FB00BF880B002030B58FB005AB83E8BD
S214007E1007001AF064FA0346002B07D01AF03FFA60
S214007E200C900C9B002B01D00C9B35E000230D938F
S214007E3025E0059A0D9BD418069A0D9BD51AFEF7D9
S214007E40A1FD03469B00194628461AF0C2F90246D1
S214007E5008AB214618461AF0A5F9099A104B02926B
S214007E606C461A1D92E8030084E803001B6808AA03
S214007E7007CA19F019FF099B0D9A13440D93069B28
S214007E800D9A9A42D5D31AF0B1F90B900B9B002BA2
S214007E9001D00B9B00E0002318460FB030BD00BF9A
S214007EA0C0C5020010B592B00790069105920493E3
S214007EB0079B002B08D0069B002B05D0059B002BAC
S214007EC002D0169B002B02D16FF08603D9E00798EC
S214007ED01AF06CFA0346ADF83630BDF8363023F4A7
S214007EE0435323F03F03B3F5824F03D1BDF836303A
S214007EF0DBB200E000238DF83530BDF8363023F4D1
S214007F00435323F03F03B3F5824F02D06FF085034F
S214007F10B7E09DF83530122B06D09DF83530172B7C
S214007F2002D06FF08503ACE0BDF8363023F0FF03D7
S214007F30B3F5E24F36D10023109307981AF03DFAB6
S214007F400246169B1A60169B1B68002B04D1059BE5
S214007F50DA00169B1A6009E0169B1B680733DB08DD
S214007F60059A9A4202D06FF086038AE0169B1B6839
S214007F70B3F5807F0BD19DF83530122B0AD1424BDA
S214007F801A68414B1B691344109300BF02E06FF060
S214007F90850376E000BF059A109906981AF014FA41
S214007FA011905AE000230F9300230E93069B1B7834
S214007FB0042B02D06FF0860363E0059B013BDB00D9
S214007FC05A08169B1A60169B1B68B3F5807F0AD169
S214007FD09DF83530122B09D12B4BDB680E932A4BBC
S214007FE00F9300BF02E06FF085034AE000BF069BD8
S214007FF0591C169B1B680733DB085A0009AB18464A
S2140080001AF0BDF9FFF7E2FA1190119B002B01D090
S214008010119B36E0169B1B680733DB080F9A0E99F8
S214008020039102936C460AAB93E8030084E80300CE
S214008030099B07CA19F0A3FE0C90FFF7DBFA119014
S214008040119B002B01D0119B1BE00C9B002B02D038
S2140080506FF0860315E000231193119B002B0FD1C0
S214008060149A059B9A4208D3059A0699049822F01A
S21400807021FE159B059A1A6002E06FF089031193A2
S214008080119B184612B010BD20C5020000B583B083
S214008090019001981AF0FBF90346B3F5105F02D081
S2140080A06FF085031DE001981AF0F8F90346DB0827
S2140080B0103B102B8CBF01220022D2B2002A0BD11B
S2140080C00A4A22FA03F303F00103002B14BF01232C
S2140080D00023DBB2002B02D16FF0860301E000BF65
S2140080E00023184603B05DF804FB00BF0101010041
S2140080F000B587B00390029101920093039B002B7A
S21400810008D0029B002B05D0019B002B05D1009BBD
S214008110002B02D06FF086033FE002981AF0BEF9FB
S2140081200346DB0804936FF086030593049A009BCE
S2140081309A4202D96FF086032FE04C220021039862
S21400814022F09FFD089B23F47E13164A93421FD10C
S2140081500298FFF79BFF0590059B002B01D0059B1F
S2140081601BE0009A049B9A4202D26FF0860314E04A
S214008170039B0433049A0199184622F09BFD039B47
S214008180049A5A62039B089A1A600023059303E038
S2140081906FF08503059300BF059B184607B05DF892
S2140081A004FB00BF0002C00300B589B00390029133
S2140081B00192039B002B02D0029B002B02D16FF092
S2140081C086037CE0019B002B01D1002377E0039B14
S2140081D01B6823F47E133C4A93426ED1039B9B6B31
S2140081E00793079B002B3ED0079BC3F11003069313
S2140081F0019A069B9A420FD2079B2833039A134490
S214008200019A0299184622F055FD079A019B1A44D6
S214008210039B9A63002352E0079B2833039A134478
S214008220069A0299184622F045FD039B10229A638F
S214008230019A069BD31A0193029A069B1344029353
S214008240019B002B0FD0039B28331022194603985E
S2140082501AF03EF90590059B002B01D0059B2EE0F9
S214008260039B00229A63019B102B17D9019B013BAD
S21400827023F00F030493049A029903981AF028F93E
S2140082800590059B002B01D0059B18E0019A049BE6
S214008290D31A0193029A049B13440293019B002B6A
S2140082A009D0039B2833019A0299184622F002FD52
S2140082B0039B019A9A63002301E06FF08803184637
S2140082C009B05DF804FB00BF0002C00300B591B022
S2140082D00390029101920093039B002B05D0029B12
S2140082E0002B02D0009B002B02D16FF0860363E0C8
S2140082F0039B1B6823F47E13314A93425AD1039B97
S2140083001B681B0C03F03F030F930F9B002B02D13F
S21400831010230F9305E00F9B102B02D96FF08603F6
S2140083204AE0019A0F9B9A4202D26FF0890343E01B
S214008330FFF74CF90E900E9B002B01D00E9B3BE0F6
S214008340039B03F12801039B9A6B0AAB18461AF0AD
S21400835087F8039B191D039B5A6A07AB18461AF049
S2140083607FF8039B03F13C0104AB102218461AF079
S21400837077F804AB04AA0AA907A8FEF735FD0D9006
S214008380FFF738F90E900D9B002B02D06FF092038A
S21400839012E00E9B002B01D00E9B0DE0039B3C339E
S2140083A00F9A1946029822F085FC009B0F9A1A60D5
S2140083B0002301E06FF08503184611B05DF804FB5A
S2140083C00002C00300B583B0074A6B4692E803007C
S2140083D083E803006B461846FDF758F90023184655
S2140083E003B05DF804FB00BFCCC5020000B583B047
S2140083F00A4B5B6F094A43F0010353676B46002242
S2140084001A601A7100238DF804306B461846FDF783
S2140084100DF80023184603B05DF804FB004000503A
S21400842030B597B02C4B0BAC1D460FCD0FC40FCDFF
S2140084300FC495E8030084E80300002312934FF06E
S214008440FF331593254BD3F84C3103F40023002B50
S21400845004D1224BD3F85031DBB21593159BB3F100
S214008460FF3F08D11E4B1B884FF6FF72934202D087
S2140084701B4B1B881593159BB3F1FF3F01D18C2333
S2140084801593159BB3F1FF3F18D0159BDBB28DF803
S2140084904530FCF7F3F90246159B13441593159BDC
S2140084A0002B02DA0023159304E0159BFF2B01DD59
S2140084B0FF231593159BDBB28DF844300948FAF775
S2140084C0DDFA0BAB1846FCF76FF83220FCF7B0FA73
S2140084D00023184617B030BDD4C502000080E00F58
S2140084E00001E00F00F0490230B587B00C4B01AC3C
S2140084F01D460FCD0FC42B6823600023039319235A
S2140085008DF805300423029301AB1846FCF71CFADD
S2140085103220FCF77FFA0023184607B030BD00BFB4
S214008520FCC5020082B0034600918DF807309DF925
S2140085300730002B0ADB009BDAB20C499DF90730A6
S2140085401201D2B20B4483F800230BE0009BDAB290
S21400855007499DF8073003F00F03043B1201D2B21F
S2140085600B441A7600BF02B0704700BF00E100E07F
S21400857000ED00E000B585B0019018F0CFFC039048
S214008580054A019B1360039818F0D4FC0023184694
S21400859005B05DF804FB00BF8820002000B583B05E
S2140085A00023019318F0BAFC0090054B1B6801935A
S2140085B0009818F0BFFC019B184603B05DF804FB5A
S2140085C08820002008B5054B1B6898680023022207
S2140085D0002116F08BF900BF08BD00BFA40C0020D8
S2140085E082B003468DF807309DF90730002B0CDB70
S2140085F09DF8073003F01F0205499DF907305B0917
S214008600012000FA02F241F8232000BF02B07047B2
S21400861000E100E082B003468DF807309DF9073090
S214008620002B13DB9DF8073003F01F0209499DF964
S21400863007305B09012000FA02F2203341F82320BC
S214008640BFF34F8F00BFBFF36F8F00BF00BF02B0F6
S214008650704700BF00E100E082B003468DF80730A7
S2140086609DF90730002B0DDB9DF8073003F01F0245
S21400867006499DF907305B09012000FA02F26033D3
S21400868041F8232000BF02B0704700BF00E100E0C1
S21400869030B58DB0099008910792069340220021CC
S2140086A0089822F0EEFA089B079A92E8030083E8FF
S2140086B00300089B00221A76079BDA68089BDA609C
S2140086C0079B1A69089B1A61089BDA68089B5A611F
S2140086D0079B1A7D089B83F82C20079B9A7D089B96
S2140086E083F82D20089B5A69089B1A63089B012271
S2140086F083F83420089B012283F83520089B069ACD
S214008700DA61089B109A1A62089B119A5A62089BB3
S214008710129A9A62079B93F90820089B83F83620E2
S214008720079B93F90920089B83F83720099B089A32
S2140087301A60099B444A5A60099B444A9A60099BFE
S214008740434A1A61099B434A5A61099B424ADA60C6
S214008750FAF760FC0B900B9B002B05D00B9B3F4A57
S214008760934201D010236CE0089B08330021184682
S214008770FAF78AFB0B900B9B002B01D0102360E0CE
S214008780099B374A1A62089B012283F83C20099B02
S214008790344A9A61099B344ADA61089B9DF8502056
S2140087A083F83B20089B9DF84C2083F83A20089BD2
S2140087B0002283F83920089B012283F83820079B83
S2140087C05B7D194608981AF078F8079B93F90930EC
S2140087D01846FFF741FF079B93F909301846FFF745
S2140087E0FFFE089B1B7A1D46089B1968089BDA68E3
S2140087F0089B5868089B1B691C46089B04931B4BE8
S2140088000393002302930194012300930346284612
S21400881018F0CAF90B900B9B002B01D0102310E028
S214008820079B93F908301846FFF716FF079B93F946
S21400883008301846FFF7D4FE099B1846FFF79AFE45
S214008840002318460DB030BD2D2B02004B2B020026
S214008850812802009F28020071880000038000F033
S21400886017280200BB280200332902002D890000C9
S21400887000B589B00190019B0793079B1B68069380
S2140088800023059300230493FFF788FE0390039AC2
S214008890079B9A4202D10020FFF76CFE069B93F9D5
S2140088A036301846FFF7D8FE069B93F93630184642
S2140088B0FFF7B0FE069B93F937301846FFF7CCFE5D
S2140088C0069B93F937301846FFF7A4FE069B1B7AE3
S2140088D01846FAF741FC0490069B1B7A1846FAF7EE
S2140088E05FFB0490FAF720FB0490049B002B02D059
S2140088F0049B0D4A9342079B00221A60079B0022A6
S2140089005A60079B00229A60079B00221A61079B09
S21400891000225A61069B9B6A069898470590059B1D
S214008920184609B05DF804FB058000F000B58FB06E
S214008930099008910792079B0C930C9800F048F852
S2140089400B900C9B5B690B9A9A4205D80C9B5A6954
S2140089500B9BD31A0D9307E00C9BDA680C9B1B69E4
S2140089601A440B9BD31A0D930D9B002B14D00C9B13
S21400897019680C9B58680D9B0C9A0492134A039234
S2140089800022029201930123009303460B9A099852
S21400899018F00AF90A9014E00C9B01225A760C9BF8
S2140089A093F82D30002B0CD00C9B002283F835203A
S2140089B00C9BDB6913210C9898470C9B5B6A0C9800
S2140089C09847002318460FB05DF804FB2D89000079
S2140089D084B00190134A019B1B7A19460B465B0034
S2140089E00B441B0113446C331B680393019BDA682A
S2140089F0019B1B691344039A9A4203D8019BDB68C8
S214008A00039A9A42019BDA68019B1B691344039AF6
S214008A109A4202D1019BDB680393039B184604B07D
S214008A20704700BF0000045010B58CB00790079B3D
S214008A3000225A76079B1B7A1846FAF729FB0B90FA
S214008A400798FFF7C5FF0A90079B5B690A9A9A4248
S214008A502FD1079B00221A76079BDB680A93079B99
S214008A600A9A5A61079B93F82D30002B03D0079B78
S214008A705A69079B1A63079B5B6A07989847079B88
S214008A801B7A1C46079B1968079B5A68079B1B693D
S214008A901846079B0493204B0393002302930190F0
S214008AA00123009313460A9A204618F07DF80B908F
S214008AB028E0079B01221A76079B1B7A1A460DF1BF
S214008AC0270319461046FAF7BBFB0B909DF8273094
S214008AD0002B17D0079B1B7A1A460DF12603194662
S214008AE01046FAF76BFB0B909DF8263083F00103D7
S214008AF0DBB2002B06D0079B1B7A079A002118468C
S214008B00FFF714FF079B1B7A1846FAF7F3FA0B9049
S214008B1000BF0CB010BD00BF2D89000000B58DB0A1
S214008B20099008910792069300238DF82F300023B2
S214008B308DF82E300E990123049301230393934B53
S214008B400293934B0193934B0093934B089A099887
S214008B50FFF79EFD0A900A9B002B01D00A9B11E1AD
S214008B60069B1A680E9B1A64069B5A680E9B5A64EC
S214008B70069B5A7A0E9B83F84920069B1A7A0E9B10
S214008B8083F84820069BDA7A0E9B83F84B20069BD8
S214008B909A7A0E9B83F84A20069B5A7B0E9B83F894
S214008BA04D20069B1A7B0E9B83F84C20069BDA7B97
S214008BB00E9B83F84F20069B9A7B0E9B83F84E20D5
S214008BC001213A20FBF746F8069B187A069B5B7A4B
S214008BD019460123042218F041FA069B987A069B50
S214008BE0DB7A19460123022218F038FA069B5B68E6
S214008BF001211846FBF72EF8079B00221A70069BE9
S214008C001B6807991846FDF701FB644A069B5B7CC8
S214008C105B01134403F21C6314221A60069B1B7A42
S214008C201A46069B5B7A1B0442EA03015B4A069BD4
S214008C305B7C5B01134403F234631960069B9B7AEA
S214008C401A46069BDB7A1B0442EA0301534A069B3C
S214008C505B7C5B01134403F22C6319600E9B0022BD
S214008C6083F85020079B5B7E032B26D801A252F880
S214008C7023F000BFBF8C0000858C0000958C0000A0
S214008C80A58C000001238DF82F300E9B012283F85F
S214008C90502015E001238DF82E300E9B022283F81B
S214008CA050200DE001238DF82F3001238DF82E3053
S214008CB00E9B032283F8502002E0232362E000BFCD
S214008CC09DF82F30002B1FD0069B187B069B5B7BE6
S214008CD019460023022218F0C1F9069B1B7B1A4690
S214008CE0069B5B7B1B0442EA03012C4A069B5B7CCB
S214008CF0B1335B01134404331960069B1B6803F50C
S214008D0080531A460423D3659DF82E30002B22D0BC
S214008D10069B987B069BDB7B19460023042218F0F3
S214008D209DF91E4A069B5B7C5B01134403F5B0531A
S214008D301C3302221A60069B9B7B1A46069BDB7B33
S214008D401B0442EA0301154A069B5B7CB1335B01B8
S214008D50134408331960069B1A7A0E9B83F8482042
S214008D60069B5A7A0E9B83F849200E9B1B6C0421A7
S214008D70184619F0FAFF069B1B6805211846FDF7F2
S214008D8011FA002318460DB05DF804FB1F2E0200F2
S214008D90BB2D0200D92D0200912D020000C0035009
S214008DA000B585B00190019B1B680393039B1B6C69
S214008DB09B6C03F00103002B14D0039B1B6C01215A
S214008DC0184619F0B9FF039B1B6C184619F0D9FF1B
S214008DD0034603F02003002B69D0039B184619F0C6
S214008DE0B6FD64E0039B042283F83C20039B1B7EB5
S214008DF0DBB283F00103DBB2002B09D0039B1B6CB4
S214008E000421184619F0A4FF039B01221A7651E0AC
S214008E10039B5B7EDBB2002B42D0039B93F82D3086
S214008E20002B3DD0039B002283F83520039B1B6C50
S214008E301321184618F07EFB039B1B6C0421184672
S214008E4019F093FF039B1B6C5B6A8DF80B309DF843
S214008E500B30112B04D1039B012283F8342007E04A
S214008E609DF80B30132B03D1039B002283F834208C
S214008E709DF80B30112B03D09DF80B30132B18D117
S214008E800E4A039B1B7A19460B465B000B441B01DC
S214008E9013446C331B68013B1A46039B1A6308E0B5
S214008EA0039B1B6C0421184619F052FF02E000BF1A
S214008EB000E000BF05B05DF804FB00BF00000450F2
S214008EC0BFF34F8F00BF064BDB6803F4E062044934
S214008ED0044B1343CB60BFF34F8F00BF00BFFDE7CB
S214008EE000ED00E00400FA0582B00190BFF35F8F4A
S214008EF000BF0A4A019B43F001035360084B5B6ABC
S214008F00074A43F480335362BFF34F8F00BFBFF36B
S214008F106F8F00BF00BF02B0704700BF90ED00E04B
S214008F2000ED00E0BFF35F8F00BF0A4B5B6A094AA3
S214008F3023F480335362084B5B68074A23F001032F
S214008F405360BFF34F8F00BFBFF36F8F00BF00BFEC
S214008F50704700BF00ED00E090ED00E000B583B084
S214008F6003460A468DF8073013468DF806309DF8FE
S214008F7006209DF807301946034819F0B7FF00BFD2
S214008F8003B05DF804FB00BF90ED00E000B585B0CF
S214008F90039002910192019B029A0399034819F0EB
S214008FA0DEFF00BF05B05DF804FB00BF90ED00E0FB
S214008FB000B585B00023039300230293FFF7B2FFAA
S214008FC04FF0005303932C4A2C4B9A4204D02B4B61
S214008FD023F01F03203B01E04FF080430293A021C3
S214008FE00020FFF7BBFF039A029B9A4215D8039B0B
S214008FF023F01F0343F003030193214B1868029BE1
S21400900023F01F0343F001031A460199FFF7BEFF42
S2140090101B4B1B6801331A4A1360174A174B9A42B8
S2140090201CD0154B1F3323F01F030393154B0293DD
S214009030039B23F01F0343F003030193104B1868B0
S214009040029B23F01F0343F001031A460199FFF722
S2140090509DFF0B4B1B680133094A13600420FFF782
S21400906043FFBFF34F8F00BFBFF36F8F00BF00BF3C
S21400907005B05DF804FB00BFD4110020980E002058
S2140090808C200020E0FFFF3F00B58DB003900291DA
S2140090900192002309930023089300230B93FFF704
S2140090A041FF00238DF82B300023079300230693FF
S2140090B0019B1F2B78D9039B03F01F03002B04D0C2
S2140090C0039B23F01F03203300E0039B0993029BBE
S2140090D003F01F03002B03D0029B23F01F0300E0C6
S2140090E0029B089300238DF82A3037E0354A9DF816
S2140090F02A309360334BDB6823F01F030793314B12
S2140091001B6923F01F030693099A079B9A4209D10D
S214009110089A069B9A4205D101238DF82B3000232E
S2140091200B930CE0099A069B9A4208D8089A079B6C
S2140091309A4204D301238DF82B3028230B939DF8F5
S2140091402B30012B11D01F4B9B681E4A23F0FF03C8
S21400915093609DF82A3001338DF82A309DF82A2036
S214009160194B1B689A42C1D300E000BF9DF82B3014
S214009170002B19D101210120FFF7F0FE099B23F0F7
S2140091801F0343F0030305930F4B1868089B23F057
S2140091901F0343F003031A460599FFF7F7FE0A4B31
S2140091A01B680133084A13600420FFF79DFEBFF3D7
S2140091B04F8F00BFBFF36F8F00BF0B9B18460DB0DD
S2140091C05DF804FB90ED00E08C20002000B583B035
S2140091D017F0A4FE0190194B1B7883F00103DBB255
S2140091E0002B19D00023009300F078FF0090009B1E
S2140091F0002B04D0019817F09DFE009B1AE0104843
S21400920017F07DFA01F0A6FD0E4B00221A6001F061
S214009210F3F803460C4A136000F032FC19F00CFF1A
S21400922003460A4A1360054B01221A70019817F08C
S21400923081FE0023184603B05DF804FB802D002055
S21400924090200020C020002094200020BC20002079
S21400925000B583B019F0AAFE0190AFF3008017F0B6
S214009260C0F8034683F00103DBB2002B05D0AFF352
S2140092700080019819F0A6FED5E06C4B1B78002BF9
S21400928005D0002000F01EFB684B00221A7000F08C
S2140092901BFA03468DF803309DF80330184600F09D
S2140092A099FA00F011FA03468DF803309DF8033062
S2140092B0012B08D95E4B1B7883F00103DBB2002B31
S2140092C001D000F067FD5B4B1B789DF803209A42A7
S2140092D015D0594B00221A70584B1B7883F00103A7
S2140092E0DBB2002B07D0534B1B789DF803201146AA
S2140092F0184600F003FA4F4A9DF8033013704E4BA1
S2140093001B78002B08D04B4B1B78022B04D14A4B02
S21400931000221A7020F082FF9DF80330012B12D92C
S214009320434B1B7883F00103DBB2002B0BD0444B7E
S2140093301B78002B04D100F0C3FD424B01221A70AB
S2140093403B4B01221A703B4B1B78184619F054FE13
S2140093503A4B1B78002B03D03B4B1A78354B1A70D0
S214009360AFF30080019819F02DFE19F01FFE019052
S214009370364B1B78002B11D0344B00221A702D4B25
S2140093801A78314B1B789A4208D12A4B01221A7060
S2140093902D4B1B780121184600F0B0F92C4800F040
S2140093A047FF17F03FF80346002B7FF466AF224BCB
S2140093B000221A701E4B1B78002B23D01F4B002256
S2140093C01A70204B1B78002B0ED000F081FD1D4B31
S2140093D000221A7008E0012019F00EFE019819F01C
S2140093E0F1FD19F0E3FD0190002000F0FBFD0346BF
S2140093F083F00103DBB2002BEDD100F007FE0C4B2F
S21400940000221A70002000F0E5F90A4B1B780021B4
S214009410184600F073F9074B00221A70AFF300806D
S214009420019819F0CFFD03B05DF804FB872D0020EE
S214009430862D0020812D0020832D0020852D0020E4
S214009440822D0020882D0020842D00208B2D0020CA
S2140094509C20002000B585B003460A468DF80730EC
S21400946013468DF806309DF80730002B02D09DF885
S2140094700730022B9DF80730013B2D4AD35CFF2BAB
S21400948005D19DF8063083F00103DBB2002B9DF872
S2140094900730013B264AD35C002B02D19DF80630EC
S2140094A0002B9DF80730013B214AD25C9DF8063020
S2140094B0002B01D0012100E0FF219DF80730013B81
S2140094C00A44D1B21A4AD1549DF80630002B2BD04C
S2140094D0184B1B78012B27D900F0F6F803468DF8B9
S2140094E00F309DF80F30012B02D800F029FA09E062
S2140094F0104B1B78032B05D19DF80F30022B01D1A2
S21400950019F0A2FD0B4B1B789DF80F209A420BD04A
S214009510084B1B789DF80F201146184600F0EEF811
S214009520044A9DF80F30137000BF05B05DF804FBC9
S21400953098200020812D002000B585B003468DF8C8
S214009540073017F0EBFC03901B4B1B78FF2B05D165
S2140095509DF8073083F00103DBB2002B164B1B7817
S214009560002B02D19DF80730002B144B1B78022BE2
S21400957005D99DF8073083F00103DBB2002B9DF878
S2140095800730002B01D0012200E0FF220A4B1B7897
S2140095901344DAB2084B1A70074B1B78002B0CBF2B
S2140095A001230023DAB2064B1A70039817F0C2FCA8
S2140095B000BF05B05DF804FB822D0020812D002041
S2140095C0832D002000B583B00023019317F0A6FC7E
S2140095D000900D4B1B78012B04D8009817F0AAFCBE
S2140095E0019B0DE000F02AF80346019300F04AFDC7
S2140095F00246019B13440193009817F09BFC019BC5
S214009600184603B05DF804FB812D002000B585B038
S21400961001900091019B009A5A6017F07FFC03901E
S214009620019B1946044817F072F8039817F082FC5D
S21400963000BF05B05DF804FB9020002082B0034B0D
S2140096401B680193019B184602B07047C02000209B
S21400965082B00190074B1B68019A02FB03F303F5E7
S214009660742303F23F23044AA2FB03239B0C1846F1
S21400967002B070479420002083DE1B4300B583B001
S21400968017F04CFC01900F4B1B788DF803300D4BF8
S21400969000221A70019817F04DFC01F047FA0346B5
S2140096A01A469DF803301343DBB2002B14BF012388
S2140096B000238DF803309DF80330184603B05DF89C
S2140096C004FB00BF8A2D002082B00123019302E034
S2140096D0019B01330193019B022B05D8019B013BA3
S2140096E0054AD35C002BF3D0019B8DF803309DF820
S2140096F00330184602B070479820002000B585B0A9
S21400970003460A468DF8073013468DF806300023C8
S21400971002939DF80630032B16D801A252F823F0C8
S21400972031970000379700003D97000043970000F0
S2140097300123029308E00423029305E0102302931A
S21400974002E04023029300BF9DF80730032B1FD88A
S21400975001A252F823F000BF69970000739700003B
S2140097607D97000087970000029B43F00203029358
S2140097700EE0029B43F00803029309E0029B43F0CD
S2140097802003029304E0029B43F08003029300BF91
S2140097900F4B1B68039312E0039B5B681A68029BDF
S2140097A01340002B08D0039B5B685B689DF806108F
S2140097B09DF8072010469847039B1B680393039B5E
S2140097C0002BE9D100BF00BF05B05DF804FB00BF69
S2140097D09020002000B58BB003468DF80F309DF822
S2140097E00F30032B60DC022B0EDA002B01D0012B8E
S2140097F05AE02F4B1B78002B53D0002000F062F865
S2140098002B4B00221A704CE005AB1946002000F0E6
S21400981085FD0890089B002B45D1059A254B1B68B3
S2140098209A4206D8012000F04DF8214B01221A700A
S21400983039E000230793002306931F4B1B6806930B
S214009840079A069B1344079300F01CFC0246079BEE
S21400985013440793059A079B9A4206D8012000F006
S21400986031F8134B01221A701DE00023ADF82630A4
S21400987000F02EFC0346002B02D00423ADF8263061
S214009880059A079BD11ABDF8263043F002039BB217
S2140098900193002300930023084A094819F009FCA5
S2140098A001E000BF00E000BF00BF0BB05DF804FBA6
S2140098B0872D0020BC200020C0200020359A000004
S2140098C09C20002000B583B003468DF80730194B66
S2140098D01B78FF2B05D19DF8073083F00103DBB220
S2140098E0002B144B1B78002B02D19DF80730002B61
S2140098F0104B1B789DF80720002A01D0012200E0BB
S214009900FF221344DAB20B4B1A709DF80730002B77
S2140099100CD0094B1B78012B08D9084B1B7883F019
S2140099200103DBB2002B01D000F04EF800BF03B0FD
S2140099305DF804FB98200020812D0020852D002056
S21400994000B583B017F0EAFA01901B4B1B78002B8A
S2140099502AD01A4B1B7883F00103DBB2002B05D00C
S214009960164B01221A70164B00221A70154B1B78E4
S214009970002B04D000F0ACFA124B00221A700198AB
S21400998017F0D8FA012000F02DFB17F0C7FA019067
S2140099900A4B1B78002B04D000F038FB074B002244
S2140099A01A70054B00221A70019817F0C3FA00BF10
S2140099B003B05DF804FB00BF862D0020892D002033
S2140099C0852D0020882D002008B5154B1B78002B10
S2140099D024D0144B1B78002B04D000F079FA114BDE
S2140099E000221A70002000F0FDFA0346002B0ED06D
S2140099F000F00CFB0A4B00221A700B4B1B7801215F
S214009A001846FFF77BFE084B01221A7006E0074B4C
S214009A1001221A70044B1A78054B1A7000BF08BD55
S214009A20862D0020882D0020812D0020852D0020E9
S214009A30842D002000B585B00190009117F06EFAD5
S214009A400390084B1B78002B03D0039817F072FA8C
S214009A5004E0FFF7B9FF039817F06CFA05B05DF85D
S214009A6004FB00BF892D0020044B1B69034A23F02A
S214009A700403136130BF00BF704700BF00ED00E075
S214009A802DE9F04F8DB000238DF8243009AB184631
S214009A90FBF730FC002000F039F9924B1B6F03F007
S214009AA00702914B1A608F4BD3F8003103F0030284
S214009AB08E4B1A608B4B03F580531A464FF40023E7
S214009AC05366884B03F580531A464FF400335366AB
S214009AD0874B9B6903F00203002B14BF012300236E
S214009AE0DBB2844A1370804B1B68032B06D07D4B79
S214009AF0D3F8203103F00303022B01D1012300E049
S214009B00002303F00103DBB27B4A1370754BD3F8D6
S214009B10243103F00703022B0CBF01230023DBB222
S214009B201A46754B1B781343002B14BF01230023E2
S214009B30DBB2714A13704FF4C870FFF789FD024616
S214009B406E4B1A6000238DF82F3012E09DF82F1010
S214009B506A4B1A686A4B43F821206A4B1A68674BAF
S214009B601B681A44674B1A609DF82F3001338DF836
S214009B702F309DF82F30092BE8D95E4B1B78002B31
S214009B801BD05D4B1B7883F00103DBB2002B14D097
S214009B90544BD3F8003103F00303012B0CBF012311
S214009BA00023DBB21A46544B1B781343002B14BF1A
S214009BB001230023DBB2504A13704E4B1B78002B58
S214009BC000F0838000230A93464BD3F8003103F05D
S214009BD00303032B0ED0032B10D8012B02D0022B2D
S214009BE004D00BE0F8F744FF0A9008E0F8F762FFAD
S214009BF00A9004E016F078FD0A9000E000BF0A9B89
S214009C00002B62D03A4BDB68C3F30B035A1C134697
S214009C109B00134400229846914642464B464FF01E
S214009C2000004FF00001590141EAD261500102469E
S214009C300B46B2EB080463EB09054FF000024FF049
S214009C4000036B0243EAD453620214461D4614EB2B
S214009C50080645EB09074FF000024FF00003BB0172
S214009C6043EA9663B201911B069163EB07030793E1
S214009C70DDE906120B4613EB080A134643EB090B05
S214009C800A9B013B002200930192DDE900120B467D
S214009C901AEB0303029313464BEB030303930A9B4F
S214009CA0002204930592DDE90423DDE9020113F0A6
S214009CB0B9FF02460B4613461846FFF7C9FC024694
S214009CC0114B1B681344104A13601F20FFF7C0FC9B
S214009CD002460D4B1B6813440B4A136000BF0DB0C1
S214009CE0BDE8F08F00800050D0200020CC2000205F
S214009CF000C001508D2D00208C2D00200821002052
S214009D00DC20002004210020D420002000B585B0EF
S214009D1003468DF807301D4B1B789DF807209A42A6
S214009D2030D000238DF80C3002238DF80D309DF8CE
S214009D300730002B03D002238DF80D3002E00023FD
S214009D408DF80D3003AB1846FBF7E6FA9DF80730A2
S214009D50002B09D04020FFF77BFC02460C4B1B680B
S214009D609B1A0B4A136008E04020FFF771FC02467E
S214009D70074B1B681344064A1360044A9DF80730D5
S214009D80137000E000BF05B05DF804FB7B0E0020FA
S214009D90D420002008B5094BD3F8203103F0030384
S214009DA0074A1360054BD3F8243103F00703054A2E
S214009DB0136017F008F900BF08BD00BF0080005010
S214009DC0C4200020C820002008B5154B1B78002BA7
S214009DD01ED0134B00221A70124B1B6F23F0070382
S214009DE0104A43F0010313670E4BD3F820310D4A97
S214009DF043F00303C2F820310A4BD3F8243123F092
S214009E000703084A43F00303C2F8243119F0EFF8B9
S214009E10054B03F500531A460123536700BF08BDE0
S214009E208E2D00200080005000C0005008B51E4B4C
S214009E3003F580531A46012353671C4B1B78002BEF
S214009E4030D0022019F09BFA0346002B2AD000F0EF
S214009E50B3FA0346002B25D0134B9B6D03F48033D7
S214009E60002B05D0124B1B6803F00203002B18D101
S214009E700D4B9B6D03F00103002B12D10D4B0122FD
S214009E801A7019F03DF903460B4A13600B4B1B6F13
S214009E9023F00703094A43F00303136719F0A7F8F2
S214009EA000E000BF08BD00BF00C000508C2D0020A1
S214009EB05CC000508F2D0020D8200020008000506D
S214009EC0024B01221A7000BF704700BF8E2D002083
S214009ED000B583B0384B1B7883F00103DBB2002B50
S214009EE064D1364B1B7883F00103DBB2002B20D005
S214009EF0334B9B6D03F48033002B05D0314B1B682E
S214009F0003F00203002B53D12D4B9B6D03F001038E
S214009F10002B4DD119F0F4F803462B4A13602B4B57
S214009F201B6F23F00703294A43F00303136719F056
S214009F305EF819F0E5F80246234B1B68D31A019326
S214009F40234B1B68234A12781146234A52F82120D5
S214009F501146019A8A1A9B1A1D4A13601D4B1B78DC
S214009F6019461D4A019B42F82130194B1B680933DC
S214009F701A4AA2FB0323DB08194A1360154B1B7809
S214009F800133DAB2134B1A70124B1A78134BA3FB39
S214009F900213D9080B469B000B445B00D31ADAB2B7
S214009FA00C4B1A70054B00221A7002E000BF00E04E
S214009FB000BF03B05DF804FB8C2D00208F2D002021
S214009FC000C000505CC00050D82000200080005028
S214009FD004210020902D0020DC200020CDCCCCCC0D
S214009FE00821002082B003468DF80730064B1B7808
S214009FF083F00103DBB2002B01D0012300E0012334
S21400A000184602B0704700BF8C2D002008B516F029
S21400A010E0FF164B1B6F23F00702154B1B68134916
S21400A02013430B67114BD3F8203123F00302114B77
S21400A0301B680E491343C1F820310C4BD3F824316A
S21400A04023F007020C4B1B6808491343C1F8243160
S21400A0500A4B1B78002B05D0094B03F500531A4614
S21400A0600123936218F0C3FF00BF08BD00800050B4
S21400A070D0200020C4200020C82000208C2D0020E6
S21400A08000C0005082B0002301930A4B1B78002BBF
S21400A09007D0094B1B680193019BDB08019A134408
S21400A0A00193064B1B68019A13440193019B1846C3
S21400A0B002B070478C2D002008210020D4200020FC
S21400A0C0024B01221A7000BF704700BF8C2D002083
S21400A0D0014B1B78184670478C2D002030B583B096
S21400A0E016F032FF01901E4B1B7883F00103DBB2A3
S21400A0F0002B2ED01B4B00221A601B4B00221A602E
S21400A1001A4B00221A8000F05BFD012019F003F9BB
S21400A11019F094F90346164A1360154B1B68002B7A
S21400A12004D1019816F020FF232316E0104B1B687D
S21400A13000221C46154622462B460E4840F2E731C2
S21400A14013F070FD02460B460B4B1A60044B0122BF
S21400A1501A70019816F008FF0023184603B030BDA9
S21400A160912D002010210020142100201A2D0020FF
S21400A1700C21002018FCFFFF1821002000B58DB030
S21400A180079006910592049300238DF82B30079BC9
S21400A190002B01D1222345E00DF12B031946079829
S21400A1A000F086F89DF82B30002B01D0022339E012
S21400A1B009AB1946069800F025F90B900B9B002B6F
S21400A1C001D00B9B2EE000F017F90246069B03FB1E
S21400A1D002F2164BA3FB02139B094FF47A7101FBA4
S21400A1E003F3D31A9BB2C3F57A739AB2079B9A838A
S21400A1F0079B9B8BB3F57A7F02D1079B00229A833D
S21400A200079B0022DA830999099ABDF83C3002932D
S21400A2109DF838300193049B0093059B079800F047
S21400A220F9FB034618460DB05DF804FBD34D6210EB
S21400A23000B587B0019000238DF81730019B002BE6
S21400A24001D122232EE016F069FE049000F0AAFB4E
S21400A250164B1B68019A9A4202D101238DF81730DB
S21400A260019800F03FFB0390039B002B04D004985A
S21400A27016F060FE039B15E09DF81730002B06D005
S21400A2800A4B1B68002B02D000F066FB06E0074B6B
S21400A2901B68002B02D1022000F02CFD049816F05B
S21400A2A049FE0023184607B05DF804FB1021002085
S21400A2B000B585B001900091019B002B02D0009B59
S21400A2C0002B01D1222322E0009B00221A7016F0F8
S21400A2D03BFE0290104B1B6803930AE0039A019B17
S21400A2E09A4203D1009B01221A7002E0039B9B68EE
S21400A2F00393039B002B06D0009B1B7883F001037F
S21400A300DBB2002BEAD1029816F02EFE0023184688
S21400A31005B05DF804FB00BF1021002000B587B033
S21400A32003460091ADF806300023049316F00CFEA9
S21400A33003901F4B1B6805932EE0059B5B69049AF0
S21400A34013440493059BDB88BDF806209A4203D08D
S21400A350BDF80630FF2B1CD118F0D0FF0246154B77
S21400A3601B68D31A049A9A4209D918F0C7FF024606
S21400A370104B1B68D31A049AD31A049301E00023E7
S21400A3800493009B049A1A60039816F0EDFD0023D0
S21400A39009E0059B9B680593059B002BCDD1039890
S21400A3A016F0E2FD1B23184607B05DF804FB00BF5D
S21400A3B0102100201421002000B583B00C4B1B7820
S21400A3C08DF807309DF80730002B0BD018F098FE5C
S21400A3D00246084B1B689B69D31A022B02D900233E
S21400A3E08DF807309DF80730184603B05DF804FB7B
S21400A3F0922D002010210020014B1B681846704744
S21400A4000C2100202DE9F04383B0019000911849FB
S21400A41009680198884225D8019900200E4607460B
S21400A4201449096800200C46054604FB07F006FBA5
S21400A43005F10144A6FB042319440B4640F2E7311C
S21400A44012EB010843F100094FF47A724FF0000353
S21400A4504046494613F0E6FB02460B46009B1A6050
S21400A460002300E02123184603B0BDE8F08300BFB8
S21400A470182100200C2100202DE9F04F8DB0099006
S21400A48000230B93504B1B68002B00F098804E4B1C
S21400A4901B68184618F056FE0346002B4FD0099B43
S21400A4A0002200930192DDE9004522462B464FF03C
S21400A4B000004FF00001590141EAD2615001024606
S21400A4C00B462146561A294663EB01074FF0000259
S21400A4D04FF00003BB0043EA9673B20016461F46D1
S21400A4E02346F31804932B4647EB030305934FF0DC
S21400A4F000024FF00003DDE904452946CB00214663
S21400A50043EA51732146CA0014461D462E4B1B686B
S21400A510184618F005FE0346C3F12001A3F12002F9
S21400A52024FA03F805FA01F148EA010825FA02F2CE
S21400A53048EA020825FA03F943460B933FE0099BD5
S21400A54000229A46934652465B464FF000004FF074
S21400A5500001590141EAD261500102460B46B2EBB6
S21400A5600A0463EB0B054FF000024FF00003AB004C
S21400A57043EA9473A20014461D4614EB0A0306939E
S21400A58045EB0B0307934FF000024FF00003DDE9A5
S21400A59006452946CB00214643EA51732146CA00A8
S21400A5A010461946084B1B68002202930392DDE909
S21400A5B0022313F037FB02460B4613460B930B9B06
S21400A5C018460DB0BDE8F08F0C2100202DE9F04FA5
S21400A5D08FB003468DF80F309DF80F3003F001035F
S21400A5E0002B0ED0874B1B889BB201339AB2854B4B
S21400A5F01A8000F0D7F9844B1B68002B01D000F0BE
S21400A600ABF99DF80F3003F00203002B00F0F68044
S21400A61000230C9300230B930023ADF82A3016F08A
S21400A62093FC0D9000F0BEF9C2E0774B1B680993CF
S21400A630754B1B680C93002308934FF000024FF0F5
S21400A6400003CDE9062300238DF817300AE00C9BA3
S21400A6501A79099B1B799A4201D9099B0C93099B8D
S21400A6609B680993099B002B03D0099B5B69002B11
S21400A670EDD00D9816F078FC0C9B1B69002B22D0B1
S21400A6800C9B1B69002200930192DDE90023CDE9B3
S21400A690062318F033FE02460C9B9B69D31A0893D8
S21400A6A0089BDA171C461546DDE90623A242AB4195
S21400A6B009DA01238DF817300C9B9A690C9B1B69ED
S21400A6C01A440C9B9A619DF8173083F00103DBB2A5
S21400A6D0002B08D016F038FC0D900C9800F002F90C
S21400A6E00D9816F041FC0C9B1B69002B49D09DF879
S21400A6F0173083F00103DBB2002B42D0089BDA1739
S21400A7001E461746DDE90623B2EB060863EB07098B
S21400A710CDE906890C9B9B8B002B20D00C9BDA8BFB
S21400A7200C9B9B8B13449AB20C9BDA830C9BDB8BA3
S21400A730B3F57A7F13D30C9BDB8BA3F57A739AB2AF
S21400A7400C9BDA83DDE9062312F1FF3A43F1FF3B67
S21400A750CDE906AB0C9B9B695A1E0C9B9A6116F0C2
S21400A760F3FB0D90069B19460C9800F051F80C9BD5
S21400A7709A690C9B1B691A440C9B9A610D9816F0FB
S21400A780F3FB0C9BDB88ADF82A300B9B01330B9355
S21400A7900C9BDB68002B06D00C9BDB680C9A1268BF
S21400A7A011460C98984716F0CFFB0D9000F0FAF87B
S21400A7B0154B1B68002B05D0134B1B685B69002BE1
S21400A7C03FF433AF114B00221A700B9B012B08D1BC
S21400A7D0BDF82A3003F00203002B02D00B4B0122F7
S21400A7E01A70094B1B68002B02D000F0B5F802E087
S21400A7F0022000F07FFA0D9816F0B6FB00BF0FB0EF
S21400A800BDE8F08F1A2D002010210020932D002087
S21400A81000B587B001900091009B0593019BDB88F3
S21400A820002B0AD1FEF7CEFE0290059A029B9A42B2
S21400A83003D2029B059318F0ABFB019B059A5A6165
S21400A840274B1B68002B40D000230493244B1B6827
S21400A85003930CE0039B5B69059AD31A0593019B4F
S21400A860059A5A61039B0493039B9B680393039B7F
S21400A870002B13D0039B5B69059A9A42EAD2039B8E
S21400A8805B69002BE6D0039B5B69059A9A4205D16B
S21400A890019B1A79039B1B799A42DBD8049B002BF9
S21400A8A003D0049B019A9A6002E00D4A019B136054
S21400A8B0019B039A9A60039B002B0CD0039B5A695A
S21400A8C0059BD21A039B5A6105E0054A019B13605B
S21400A8D0019B00229A6000BF07B05DF804FB00BF32
S21400A8E01021002084B0019000230393194B1B68AD
S21400A8F0029304E0029B0393029B9B680293029BD5
S21400A900002B03D0029A019B9A42F3D1029A019B34
S21400A9109A4201D0022319E0039B002B04D0019B2E
S21400A9209A68039B9A6003E0019B9B68094A136040
S21400A930019B9B68002B08D0019B9B685969019B73
S21400A9405A69019B9B680A445A610023184604B062
S21400A950704700BF1021002000B583B00F4B1B6866
S21400A9605B69002B0DD00D4B1B685A690C4B1B689E
S21400A97013440193022018F0CEFC019800F066F90B
S21400A98005E0022018F0C7FC022018F0E6FC00F0F4
S21400A990A1F800BF03B05DF804FB00BF1021002043
S21400A9A01421002000B585B018F0A8FC0190174BC4
S21400A9B01B680393164B1B68019AD31A029318E080
S21400A9C0039B5B69029A9A4208D8039B5A69029BCA
S21400A9D0D21A039B5A610023029307E0039B5B692C
S21400A9E0029AD31A0293039B00225A61039B9B6828
S21400A9F00393039B002B02D0029B002BE0D1044A5A
S21400AA00019B136000BF05B05DF804FB1021002019
S21400AA101421002000B587B00390029101920093A4
S21400AA20039B9DF824201A71039B089A1A60039BC7
S21400AA3000229A60039B019A1A61039B009ADA60CF
S21400AA40039BBDF82820DA80019B002B07D118F065
S21400AA5055FC0246029B1A44039B9A6106E018F0D6
S21400AA604DFC0246019B1A44039B9A61029B002BF5
S21400AA7015D1039B00225A61039BDB68002B06D08E
S21400AA80039BDB68039A1268114603989847019B5C
S21400AA90002B02D0019B029301E0002313E016F086
S21400AAA03DFA0590FFF77EFF02990398FFF7B0FE88
S21400AAB0074B1B68039A9A4201D1FFF74DFF059892
S21400AAC016F038FA0023184607B05DF804FB00BFFE
S21400AAD01021002082B0134B1B68019300230093C3
S21400AAE0114B00221A7014E0019BDB8803F002036E
S21400AAF0002B03D00C4B01221A700FE0019B9B68C1
S21400AB000193019B002B08D0019B5B69009A1344BC
S21400AB100093009B012BE7D900E000BF00BF02B006
S21400AB20704700BF10210020922D002000B583B092
S21400AB3016F00AFA0190064B1B788DF80330019840
S21400AB4016F012FA9DF80330184603B05DF804FBC1
S21400AB50932D002082B003468DF807309DF907300C
S21400AB60002B0CDB9DF8073003F01F0205499DF90A
S21400AB7007305B09012000FA02F241F8232000BFEB
S21400AB8002B0704700E100E082B003468DF807305F
S21400AB909DF90730002B0DDB9DF8073003F01F02F0
S21400ABA006499DF907305B09012000FA02F260337E
S21400ABB041F8232000BF02B0704700BF00E100E06C
S21400ABC000B585B01F4A02AB92E803001860043354
S21400ABD019801D4A6B4692E803001860043319700A
S21400ABE001213E20F9F736F800238DF808300020C2
S21400ABF018F055FB0346DBB28DF80C3002AB184656
S21400AC0016F020FB00238DF800306B461946012015
S21400AC10FBF722F940F2FF3018F00CFB40F2FF3051
S21400AC2018F0FCFA002018F0E8FA012016F0D4FA22
S21400AC300C20FFF7A9FF0C20FFF78CFF00BF05B024
S21400AC405DF804FB10C6020018C6020000B587B007
S21400AC500190019B059316F061F9049018F04EFBE5
S21400AC60039018F051FB029018F0FFFA034603F029
S21400AC704003002B0AD10399029818F0ECFB034618
S21400AC80032B03D8029A039B9A421BD1039905987B
S21400AC9018F0E1FB0346022B02D8039B033305930F
S21400ACA0059BB3F1FF3F2CBF0122002252429B1AA4
S21400ACB00593059B013B1946012018F085FA0220F2
S21400ACC018F029FB049816F035F9094B1B78002B71
S21400ACD00AD04FF0B043DB6B4FF0B04243F00203B4
S21400ACE0D363034B00221A7000BF07B05DF804FB65
S21400ACF07C0E002000B585B003468DF80730002393
S21400AD0003939DF8073003F00103002B03D0039B49
S21400AD1043F0010303939DF8073003F00203002B72
S21400AD200ED0039B43F040030393094B01221A7095
S21400AD304FF0B043DB6B4FF0B04223F00303D36316
S21400AD40039818F077FA00BF05B05DF804FB00BF63
S21400AD507C0E002008B5074BD3F8403203F00303FF
S21400AD60013B012B03D8022018F0B3FA00E000BF25
S21400AD7000BF08BD0080005008B5044A04490548D5
S21400AD8006F064F80346184608BD00BF68C6020011
S21400AD9048C6020020C6020030B585B0019000917A
S21400ADA0009B002B15D00C4B1B68009A00210198C5
S21400ADB09847009B1A46013A039200221C46154605
S21400ADC04FF000024FF00003EB0043EA5473E2003A
S21400ADD0019B00BF05B030BDB40B002082B00190CF
S21400ADE00B46ADF80230019A184B1340B3F1607F62
S21400ADF006D1BDF80230B3F5885F01D1002322E00A
S21400AE00019A124B1340B3F1707F1AD1BDF802308D
S21400AE1003F4E043B3F5005F13D1BDF8023003F44A
S21400AE20E043B3F5005F0CD1BDF802301B0A9BB2BD
S21400AE3003F00703012202FA03F3012B01D90023D2
S21400AE4001E06FF08603184602B070470000C07F2E
S21400AE5000B587B0034602910192ADF80E30019A14
S21400AE60029B9A4201D101235DE2019B23F0FF037E
S21400AE70974A934221D0019B23F0FF03954A9342C1
S21400AE801BD0019B23F0FF03934A934215D0019BEE
S21400AE9023F4FF7323F00103B3F1062F0DD0019BBB
S21400AEA023F0FF038D4A934207D0019B23F4FF73E0
S21400AEB023F001038A4A93423BD1029B23F0FF030F
S21400AEC0834A934221D0029B23F0FF03814A934298
S21400AED01BD0029B23F0FF037F4A934215D0029BB0
S21400AEE023F4FF7323F00103B3F1062F0DD0029B6A
S21400AEF023F0FF03794A934207D0029B23F4FF73A3
S21400AF0023F00103764A934213D1029BDBB2002B57
S21400AF100FD0029BDBB243F00073724A934208D113
S21400AF20029A019B5340FF2B94BF01230023DBB200
S21400AF30F9E1029B03F0FE43B3F1A06F1FD1019B22
S21400AF4003F0FE43B3F1A06F19D1029A019B534060
S21400AF5023F47E13002B12D1029B03F40043002B34
S21400AF600DD0029B1B0C03F03F02019B1B0C03F051
S21400AF703F039A4294BF01230023DBB2D3E1029B36
S21400AF8003F0FE43B3F1407F40F0AA81019B03F03B
S21400AF90FE43B3F1407F40F0A381029A019B5340E9
S21400AFA023F47E13002B40F09B81BDF80E3019462B
S21400AFB00298FFF713FF0346002B01D00023B2E1EF
S21400AFC0019B03F47C13002B04D0019B1B0C03F0A5
S21400AFD03F03BFE0019A444B1340B3F1607F40F05B
S21400AFE09F80019BDBB243F00073404A93426DD0D2
S21400AFF0019BDBB243F000733D4A934264D0019B51
S21400B000DBB243F000733B4A93425BD0019BDBB25A
S21400B01043F00073384A934252D0019BDBB243F0B0
S21400B0200073364A934249D0019BDBB243F000736B
S21400B030334A934240D0019BDBB243F00073314A5F
S21400B040934237D0019BDBB243F000732E4A934203
S21400B0502ED0019BDBB243F000732C4A934225D0DE
S21400B060019BDBB243F00073294A93421CD0019B3C
S21400B070DBB243F00073274A934213D0019BDBB246
S21400B08043F00073244A93420AD0019BDBB243F09C
S21400B0900073224A934201D140235BE0002359E02B
S21400B0A0302357E0202355E01C2353E0202351E0B3
S21400B0B01C234FE040234DE030234BE0202349E0A3
S21400B0C01C2347E0142345E0142343E0102341E00B
S21400B0D00003000600130006000200060009000632
S21400B0E000040006FF0000020000C07F030000020C
S21400B0F00400000205000002080000020900000229
S21400B1000A0000020B0000020C0000020D00000204
S21400B11010000002110000021200000213000002DC
S21400B120019A834B1340B3F1707F12D1BDF80E30F5
S21400B13003F4E043B3F5005F09D1BDF80E301B0AF7
S21400B1409BB203F00703012202FA03F302E0002396
S21400B15000E000230593019A754B1340B3F1607F1E
S21400B16076D1019BDBB243F00073724A93426DD0F6
S21400B170019BDBB243F000736F4A934264D0019B9D
S21400B180DBB243F000736D4A93425BD0019BDBB2A7
S21400B19043F000736A4A934252D0019BDBB243F0FD
S21400B1A00073684A934249D0019BDBB243F00073B8
S21400B1B0654A934240D0019BDBB243F00073634A7A
S21400B1C0934237D0019BDBB243F00073604A934250
S21400B1D02ED0019BDBB243F000735E4A934225D02B
S21400B1E0019BDBB243F000735B4A93421CD0019B89
S21400B1F0DBB243F00073594A934213D0019BDBB293
S21400B20043F00073564A93420AD0019BDBB243F0E8
S21400B2100073544A934201D1402333E0002331E0C7
S21400B22030232FE020232DE01C232BE0202329E0D1
S21400B2301C2327E0402325E0302323E0202321E0C1
S21400B2401C231FE014231DE014231BE0102319E029
S21400B250019A374B1340B3F1707F12D1BDF80E3010
S21400B26003F4E043B3F5005F09D1BDF80E301B0AC6
S21400B2709BB203F00703012202FA03F302E0002365
S21400B28000E000230493029B1B0C03F03F03002BFB
S21400B29007D1059A049B9A420CBF01230023DBB218
S21400B2A041E0019B1B0C03F03F03002B08D1029BDF
S21400B2B01B0C03F03F03049A9A4201D1012332E0AB
S21400B2C0029B03F40043002B0AD0029B1B0C03F0E6
S21400B2D03F03059A9A422CBF01230023DBB222E0EB
S21400B2E0029B03F0FE43B3F1106F1BD1029B23F0C9
S21400B2F01F6323F4702343F00063B3F1006F11D192
S21400B300019B03F0FE43B3F1106F0BD1019A164B6D
S21400B310134043F01063029A9A420CBF01230023A5
S21400B320DBB200E00023184607B05DF804FB00BF60
S21400B3300000C07F030000020400000205000002B7
S21400B34008000002090000020A0000020B000002CA
S21400B3500C0000020D0000021000000211000002A6
S21400B36012000002130000020000FFF600B585B0D0
S21400B37003900B460192ADF80A30019B002B02D1D8
S21400B3806FF08603A9E0019B23F0FF03554A934222
S21400B39021D0019B23F0FF03534A93421BD0019B0D
S21400B3A023F0FF03514A934215D0019B23F4FF7309
S21400B3B023F00103B3F1062F0DD0019B23F0FF030A
S21400B3C04B4A934207D0019B23F4FF7323F00103FB
S21400B3D0484A93423DD1019BDBB2002B39D0019BFA
S21400B3E023F0FF033F4A934221D0019B23F0FF0343
S21400B3F03D4A93421BD0019B23F0FF033B4A9342F6
S21400B40015D0019B23F4FF7323F00103B3F1062F3D
S21400B4100DD0019B23F0FF03354A934207D0019BD2
S21400B42023F4FF7323F00103324A93420CD1019BAD
S21400B430DBB2002B08D0019BDBB243F000732E4A30
S21400B440934201D1012300E0002303F00103DBB2A5
S21400B45024E0019B03F0FE43B3F1407F08D1019B3B
S21400B46003F40043002B14BF01230023DBB215E0D6
S21400B470019B03F0FE43B3F1A06F08D1019B03F4D8
S21400B4800043002B14BF01230023DBB206E0019B20
S21400B490194A93420CBF01230023DBB2002B02D0D3
S21400B4A06FF0860319E0039B5968BDF80A30019ACD
S21400B4B01846FFF7CDFC0346002B0AD1039B99687C
S21400B4C0BDF80A30019A1846FFF7C2FC0346002B67
S21400B4D001D0002301E06FF08403184605B05DF844
S21400B4E004FB00BF0003000600130006000200066F
S21400B4F00009000600040006FF00000200B589B03F
S21400B5000390029101926FF096030793029818F049
S21400B51066F80346ADF81A30029818F067F80590FA
S21400B520039B03F0FE43B3F1407F02D06FF0860327
S21400B5307CE1BDF81A3019460398FFF74FFC0790D8
S21400B540079B002B01D0079B70E1039B03F47C1341
S21400B550002B06D0039B1B0CDBB203F03F03DBB2D1
S21400B56097E0039A9C4B1340B3F1607F76D1039B20
S21400B570DBB243F00073994A93426DD0039BDBB273
S21400B58043F00073964A934264D0039BDBB243F0C9
S21400B5900073944A93425BD0039BDBB243F0007384
S21400B5A0914A934252D0039BDBB243F000738F4A1A
S21400B5B0934249D0039BDBB243F000738C4A93421C
S21400B5C040D0039BDBB243F000738A4A934237D0E5
S21400B5D0039BDBB243F00073874A93422ED0039B53
S21400B5E0DBB243F00073854A934225D0039BDBB25F
S21400B5F043F00073824A93421CD0039BDBB243F0B5
S21400B6000073804A934213D0039BDBB243F000736F
S21400B6107D4A93420AD0039BDBB243F000737B4A19
S21400B620934201D1402334E0002332E0302330E05F
S21400B63020232EE01C232CE020232AE01C2328E0D5
S21400B640402326E0302324E0202322E01C2320E0B1
S21400B65014231EE014231CE010231AE0039A5E4B0A
S21400B6601340B3F1707F13D1BDF81A3003F4E043F2
S21400B670B3F5005F0AD1BDF81A301B0A9BB203F07F
S21400B6800703012202FA03F3DBB202E0002300E024
S21400B6900023019A1370019B1B78032B02D86FF0CE
S21400B6A08503C3E0019B1B781946039A4A4B134057
S21400B6B0B3F1607F76D1039BDBB243F00073474A59
S21400B6C093426DD0039BDBB243F00073444A93422F
S21400B6D064D0039BDBB243F00073424A93425BD0D4
S21400B6E0039BDBB243F000733F4A934252D0039B66
S21400B6F0DBB243F000733D4A934249D0039BDBB272
S21400B70043F000733A4A934240D0039BDBB243F0C7
S21400B7100073384A934237D0039BDBB243F0007382
S21400B720354A93422ED0039BDBB243F00073334A74
S21400B730934225D0039BDBB243F00073304A93421A
S21400B7401CD0039BDBB243F000732E4A934213D007
S21400B750039BDBB243F000732B4A93420AD0039B51
S21400B760DBB243F00073294A934201D1402350E0F4
S21400B77000234EE030234CE020234AE01C2348E020
S21400B780202346E01C2344E0402342E0302340E0F0
S21400B79020233EE01C233CE014233AE0142338E048
S21400B7A0102336E0039A0C4B1340B3F1707F2FD171
S21400B7B0BDF81A3003F4E043B3F5005F09D1BDF8D5
S21400B7C01A301B0A9BB203F00703012202FA03F3A6
S21400B7D01FE000231DE000BF0000C07F0300000242
S21400B7E00400000205000002080000020900000232
S21400B7F00A0000020B0000020C0000020D0000020E
S21400B80010000002110000021200000213000002E5
S21400B81000238B4202D26FF0860307E0019B1B7861
S21400B820142B02D96FF0850300E00023184609B0F8
S21400B8305DF804FB00B585B001900091104B1B78B5
S21400B840002B02D16FF0880315E00023029302ABB1
S21400B850009A01990B4816F08EFE0390039B002B6E
S21400B86001D0039B07E0029B009A9A4202D06FF039
S21400B870930300E00023184605B05DF804FB00BF04
S21400B8801C2100202021002008B500F05FF9074B9E
S21400B8905B78002B02D0064818F0C6FC0C21034843
S21400B8A0FFF77AFA17F0BBFE00BF08BD1C21002088
S21400B8B02021002000B583B01B4B1B78002B01D045
S21400B8C000232DE017F099FE0190019B002B1CD160
S21400B8D0154B01229A70154818F09AFC124B01225B
S21400B8E05A70124818F0ACFC0190019B002B0ED148
S21400B8F00D4B02225A7000F01FF90190019B002B9D
S21400B90007D1094B01221A7004E000BF02E000BF15
S21400B91000E000BF019B002B01D0FFF7B5FF019BA5
S21400B920184603B05DF804FB1C21002020210020EF
S21400B93082B00190019B064A934204D9019B002BDA
S21400B94001DB012300E00023184602B0704700BF69
S21400B950FCFFFF7F82B001900B468DF80330019B01
S21400B96093F82030052B77D801A252F823F000BFB9
S21400B97089B90000A7B90000C5B90000E3B9000006
S21400B9802DBA00001FBA00009DF80330012B58D0D6
S21400B9909DF80330022B54D09DF80330042B50D072
S21400B9A06FF087035EE09DF80330022B4BD09DF8C6
S21400B9B00330052B47D09DF80330042B43D06FF09F
S21400B9C088034FE09DF80330032B3ED09DF80330EC
S21400B9D0052B3AD09DF80330042B36D06FF0880341
S21400B9E040E09DF80330022B0ED09DF80330052B67
S21400B9F00AD09DF80330042B06D09DF80330032BA5
S21400BA0002D06FF088032DE09DF80330022B1ED184
S21400BA10019BDB69002B1AD06FF0880322E09DF8AB
S21400BA200330002B15D06FF088031BE09DF8033021
S21400BA30052B10D09DF80330002B0CD06FF0880338
S21400BA4010E000BF08E000BF06E000BF04E000BF53
S21400BA5002E000BF00E000BF019B9DF8032083F8D2
S21400BA6020200023184602B0704700BF00B587B0FC
S21400BA70019000916FF096030593019B02930023BB
S21400BA8003930298FFF754FF0346002B18D0029B3F
S21400BA9003F1004303332C2202FB03F3254A13442D
S21400BAA00393039B9B681946019818F01BFC0346FA
S21400BAB0002B01D0002301E06FF08B0305932CE0F0
S21400BAC00121019818F044FC0346002B02D16FF0C8
S21400BAD087032BE00023049312E0049B2C2202FB36
S21400BAE003F3144A13440393039B9B681946019877
S21400BAF018F0F8FB0346002B06D1049B0133049391
S21400BB00049B022BE9D900E000BF049B022B01D85E
S21400BB10002301E06FF08B030593059B002B01D0FB
S21400BB20059B03E0009B039A1A60059B184607B026
S21400BB305DF804FB28210020034B012283F88420B3
S21400BB4000231846704700BF2821002000B583B0A8
S21400BB500023019310E0019B2C2202FB03F30C4A06
S21400BB601344009304210098FFF7F4FE009817F0A2
S21400BB70D8FF019B01330193019B022BEBD9044BA9
S21400BB80002283F8842000BF03B05DF804FB00BFEA
S21400BB902821002000B589B0019000916FF096032F
S21400BBA00793354B93F88430002B03D16FF088034E
S21400BBB0079356E000230493049B05930023069303
S21400BBC020E0069B2C2202FB03F32B4A134403932C
S21400BBD0039B93F82030002B02D1039B059314E0BF
S21400BBE0049B002B0BD1039B5B68DBB2002B06D0BB
S21400BBF0039B93F82030022B01D1039B0493069BF2
S21400BC0001330693069B022BDBD9059B002B11D133
S21400BC10049B002B0ED0049B059304210598FFF788
S21400BC2099FE0790079B002B01D0079B20E0059804
S21400BC3017F077FF059B002B10D0059B0E4A9B1A2A
S21400BC409B100E4A02FB03F303F10043033B019AE9
S21400BC501360009B059A1A60002309E06FF08C03BE
S21400BC600793009B00221A60019B00221A60079B24
S21400BC70184609B05DF804FB28210020A38B2EBAD5
S21400BC8000B587B00390029113468DF807306FF029
S21400BC9096030593029B00221A60444B93F8843067
S21400BCA0002B02D16FF088037BE002990398FFF720
S21400BCB0DDFE0590059B002B1AD19DF80730002B62
S21400BCC006D1029B1B68184618F06CFB05900AE02C
S21400BCD09DF80730012B06D1029B1B6805211846EC
S21400BCE0FFF738FE0590059B002B01D0059B58E01A
S21400BCF0059B13F18C0F01D0059B52E004AB029913
S21400BD001846FFF747FF0590059B002B01D0059BC3
S21400BD1047E0029B1B68039A9A60029B1B680122FD
S21400BD205A606FF08B030593059B13F18C0F05D1BA
S21400BD30029B1B68184618F057FB0590059B002BC6
S21400BD4012D0029B1B6804211846FFF703FE029BD5
S21400BD501B68184617F0E5FE059B13F18C0F1FD1E4
S21400BD606FF0870305931BE0029B1B680C33184695
S21400BD7018F0C5FA9DF80730002B06D1029B1B6809
S21400BD80184618F00FFB05900AE09DF80730012BC7
S21400BD9006D1029B1B6805211846FFF7DBFD0590C0
S21400BDA0059B184607B05DF804FB00BF282100205D
S21400BDB000B587B00390029101920093009B059313
S21400BDC0059B0822284918461EF074FF059B083379
S21400BDD00021184617F0CFFB059B03F10C02019BD0
S21400BDE05B681946104617F0C6FB059B03F1100268
S21400BDF0019B1B881946104617F0A8FB059B03F10C
S21400BE001202019B5B881946104617F09FFB059BA4
S21400BE1003F11402019BDB681946104617F0ABFBD2
S21400BE20059B14331A1D019B1B691946104617F013
S21400BE30A2FB059B143303F10802019B5B691946BC
S21400BE40104617F098FB059B20330299184617F00A
S21400BE5092FB059B2433029A039918461EF02AFF8C
S21400BE6000BF07B05DF804FB88C6020000B583B0CB
S21400BE7001900822074901981EF0D9FE0346002BC0
S21400BE8002D06FF0980300E00023184603B05DF878
S21400BE9004FB00BF88C60200F7B505466B4616468B
S21400BEA0164A0C461068516803C395F82A300833C2
S21400BEB06B4413F8087CAB8DDA0609D43346224669
S21400BEC03946284618F081FD00F5FA7003B0F0BD3B
S21400BED020461FF0A1FBAB8D00F10A049B074FEA3A
S21400BEE0C40405D030461FF097FB04F50C740444D8
S21400BEF0E823781E584304FB0700E5E790C60200D7
S21400BF009022174B10B51C68002102FB0044204607
S21400BF101EF0B7FE134B04F108001B680021DB7807
S21400BF20637619F0F7FD4FF40063E3842385072357
S21400BF3084F82A301323FF22A385236A84F824205A
S21400BF4043F01303236284F85420074B074A204625
S21400BF50C4E91C32C4E92032BDE8104018F059BDCF
S21400BF60B021002084230020D6BE898E555555006A
S21400BF70F0B5104B02461E6893F804C035464FF0E5
S21400BF80FF3400239C4508DC91B1631C10D090233D
S21400BF9003FB046080F82420F0BD95F82470284642
S21400BFA09742F9D0FF2F08BF1C4690350133E9E7CA
S21400BFB00020F1E7B021002070B50446234D00288C
S21400BFC042D0083001F02EFD0026FF2304F1400089
S21400BFD084F82430E6611FF09AFA04F144001FF05A
S21400BFE096FA04F148001FF092FA04F14C001FF094
S21400BFF08EFA04F150001FF08AFA2868144B201AB3
S21400C00000115843C0B218F0D7FC0146304618F06D
S21400C010CEFCE06E10B100F037FEE666606E18B13A
S21400C02018F0DDFC00236366A06E18F0D4FC002335
S21400C030A36670BD286806FB0400FFF7BDFF013449
S21400C0402B79A342F6DCF4E79026F9E7B02100202E
S21400C050398EE338F7B504461BF08BF8C0F30F2390
S21400C060542B3ED9AA2B34BF01230223C0B27E280C
S21400C0708CBF0222012203218DF804301344B3FB47
S21400C080F1F000EB40001B1A8DF805301344B3FBAB
S21400C090F1F202EB42029B1A8DF806300023184696
S21400C0A01D461A46104901AF4B7517F8016B44FA46
S21400C0B006FC1CF0010F06D053009E4001233043BF
S21400C0C00132C0B2D2B20135EDB2032DEDD103B1CB
S21400C0D048754B7D43EA82134B75FF230B7503B0FF
S21400C0E0F0BD0023C2E700BFB0210020064B1B684E
S21400C0F0D97ADA78437E5B1A9342A8BFDAB2002177
S21400C100427618F0C2BC00BF84230020B0F862302C
S21400C1102BB9836813F4601F08BFA0F8623011B112
S21400C120012911D070474369417E23F01003436113
S21400C130064B1A68D37A92780B449342D8BFDAB289
S21400C1400121427618F0A1BCFFF7D0BF842300205F
S21400C1502DE9F0410025344E8AB03379AB4203DC3A
S21400C16001200AB0BDE8F0819023346803FB054443
S21400C17094F82430FF2B0DD0236A980106D504F1DD
S21400C180500840461FF040FA074628B9226A12F0C7
S21400C190A06F1ED10135E0E7BB7908A90C333B44FC
S21400C1A0D8689A7A1B8AC2F38012ADF8243000232E
S21400C1B08DF81F2008901A460DF11F0018F013FC8A
S21400C1C038469DF81F2094F8241008AB19F021FD7E
S21400C1D0D7E7A38D1D2B18D13C23FF210020CDE9E6
S21400C1E00431CDE902000121CDE9000004F12E035F
S21400C1F0C2F3802219F058FF0028B2D04FF0A06199
S21400C20004F1200018F0B1FBC4E712F0807F08BFED
S21400C2103C214FF0000218BF432194F8393094F8BF
S21400C220240019F053FEE7E7B02100202DE9F04185
S21400C2301F46C36904460D4616468BB169B914F00D
S21400C24083FE06462946A06E18F0C1FB2046294606
S21400C25018F004FC304614F087FE0020BDE8F0819C
S21400C2600029FAD0036A03F01203022B00F0BA800A
S21400C270236ADD0700F1BE8094F82430FE2B0CD133
S21400C28004F1550001F094FE01F08AFE28B14FF447
S21400C290800104F1200018F060FB256A614B2B40FA
S21400C2A0B3F5807F00F0B980A8052FD5C5F38025AB
S21400C2B004F12E0800224146284618F098FB00217B
S21400C2C084F8540018F0A2FB41460022284618F0D5
S21400C2D093FBA18D20B194F95400002880F296803B
S21400C2E04FF4007104F1200018F03FFBA28D02F01D
S21400C2F00302012A0AD14146284618F07DFB28B1E0
S21400C3004FF4006104F1200018F027FB236AD906D9
S21400C31000F18180D4E910122046FFF7BDFD012F01
S21400C3200ED040F27123E28C5A43904208D9228DF7
S21400C3305A43904273D800F51C70B0FBF3F0E084CB
S21400C340394BE361002384F83930236AE168B4F896
S21400C350625023F4803284F83870226221613DB93D
S21400C36013F0100F0CBFC8253C25257605F2B31533
S21400C3704EB140F27121238D42F48032C3EB061396
S21400C3804B432262E363236A43F400232362274B72
S21400C3901B68DB78637614F0D7FD6369074643F0C5
S21400C3A0100304F108002946636119F0B3FB01206D
S21400C3B002F0FCFD28B963691A075CBF43F004036A
S21400C3C0636126B11AF011FFE36B0344E363204672
S21400C3D002F0F6FD384614F0C7FD0121A06E18F0F5
S21400C3E0F6FA3AE7406C1FF017F900287FF440AFE2
S21400C3F00C2033E7E36E002B7FF43EAF00F0EEFB3D
S21400C400E06600287FF438AF092027E701F0010135
S21400C41018F0FCFA6AE7064B93E712201EE7452061
S21400C4201CE700BF0001400093490200842300205F
S21400C43069C5000070B500249026094D2B79A342EB
S21400C44000DC70BD286806FB040090F82430FF2B43
S21400C45004D000231A461946FFF7E8FE0134EDE73C
S21400C460B02100202DE9F04F91F806B08DB00BF109
S21400C4700C0B04460E46012201EB0B050DF12700BE
S21400C4800AA918F0BFFA824668B19DF827100AAFCD
S21400C490384600F041FC60B1304613F005FC002041
S21400C4A00DB0BDE8F08FA97A05F10C07C1F3801135
S21400C4B0EEE7E36EE06695F807900793236A484632
S21400C4C0298956F80BB003F0100803F047FC8344A4
S21400C4D0B8F1000F39D1A9F10303012B94BF032350
S21400C4E0022340F271225B0002FB03B21D4B1B6865
S21400C4F05B79637605F11803BAF1000F27D09DF833
S21400C500271094F824E0B8F1000F24D04FF0010C67
S21400C510A87AC0F3401095F90550CDE902E0CDE9C0
S21400C5200071CDE904C50121079800F06BFCB8F155
S21400C530000F05D01AF000FE0121204618F08EFAF2
S21400C540304613F0B1FB0120AAE70123C9E7A97A18
S21400C550C1F38011D5E794F88FC001200CF00F0CC2
S21400C560D9E700BF84230020012810B50C461CD054
S21400C570022822D030BB084618F0A4FC40F27121F5
S21400C580E38C228D94F82A00D21AE36803F59C53B4
S21400C590083301FB02332361FFF75CFD0A4B20469C
S21400C5A0BDE81040996802F05FBF02F06DFE84425D
S21400C5B008D1BDE810401AF0BFBD0846BDE81040DF
S21400C5C0FFF794BD10BD00BFB021002038B50A4D5E
S21400C5D00020FFF7F1FCAB6813B100221A60DA8086
S21400C5E019F075FB00242B79A34200DC38BD2046E9
S21400C5F0FFF786FC0134F6E7B021002070B52A4C20
S21400C6000546A06818B113F04FFB0023A360FFF7A0
S21400C610DDFF002018F0D4F955B9032025712560F8
S21400C620E58213F08DFA207918F0CAF928B970BDA2
S21400C63002201FF0D9F8A06048B90025A06825712F
S21400C640256060BB002018F0BBF90720EFE7002646
S21400C650032025712660E68213F072FAB542E2DD09
S21400C66005EBC501090133460122032089B213F008
S21400C67019FA06460028E0D1032013F091FA20604C
S21400C6800028DAD0902231466A431EF0FAFA23795F
S21400C690B342C8DD3046FFF733FC0136F7E713F048
S21400C6A003FBA560CEE700BFB021002030B5174BD6
S21400C6B0826A1B681206597926D5028F1C79436B4D
S21400C6C01203B2FBF3F2631AB2FBF3F2B0F89C303B
S21400C6D003B1013BD0F8A05005B15B101B02B3FBC1
S21400C6E0F2F35B180CD090F895200F2A08D912099F
S21400C6F0B3EB820FB8BF00234FEA8201A8BF5B1AD4
S21400C7009C42A8BF1C46E1B2417630BD842300207F
S21400C710084B9A7E82420AD94FF4A4721B6802FB29
S21400C7200030836A13F0100F08BF00207047002007
S21400C730704700BFC8210020084A09491368C31A79
S21400C740D810002B01FB00F005DB937E8342D8BF98
S21400C7504FF0FF3070474FF0FF307047C821002081
S21400C760199C8FC170B504460E4614F0EDFB314699
S21400C770054604F1300018F0E9FB2046FFF7DCFF21
S21400C78001218140054818F0E1FB4FF4807004F069
S21400C79049FD2846BDE8704014F0E6BBEC210020B9
S21400C7A0F329F8B504460D46724E25D1338D63B98C
S21400C7B0A36813F4601F00F0BA80238F626B1B011E
S21400C7C0B3FBF2F3F32D9FB22DD1204618F05FFC99
S21400C7D0B4F89C70002F40F0B380A36A13F0800F6B
S21400C7E00CBF3E23082384F877302046FFF75EFF11
S21400C7F0F32D36D1012057E07369590640F18F803A
S21400C800836A1A0740F18B80336900F14001436068
S21400C81019F025FE338D002BCAD0238F626B1B01C7
S21400C820B3FBF2F39FB2618FB4F89C209BB25B1A05
S21400C8309A427EDC736994F836019B074CBF002150
S21400C84002211AF049FD40F2022372699343BCD1DB
S21400C8502046A4F89C7018F01BFC2046FFF726FF25
S21400C8600127A36A1807C5D5628F002AC2D013F421
S21400C870C05FBFD1726912F00C0FBBD140F2022329
S21400C8809343B7D1D4F8A430002BB3D12046A18F60
S21400C89019F094FF002855DD638F0133984251DC70
S21400C8A00128A7D0013880B2236BA4F87C00590475
S21400C8B009D54FF4804104F1300018F04FFB0021F9
S21400C8C02046FFF74FFFB4F87C20A38F94F8701033
S21400C8D01344A387B4F89C309B1AA4F89C3094F8B1
S21400C8E06F3002FB01332522B3FBF2F102FB11335A
S21400C8F084F86F304FBBA36A1A0702D41E4B1B681E
S21400C90098472046082119F013FE20460221FFF71B
S21400C91029FF2046BDE8F840012102F09FBB318D7B
S21400C920238F626B00293FF443AF1B0178E7338502
S21400C93043E7737F002B86D0032194F8360180E707
S21400C940012752E7608F0130ADE7204618F028F83F
S21400C9502046A18F19F0BCFDA36A05461B0702D42A
S21400C960054B1B689847002DCBD02046BDE8F84005
S21400C97018F00BBCC8210020FC2100200022074B29
S21400C98010B55A77202204465A6118F02BFB84F81B
S21400C9903601204618F05DFC10BD00BFC8210020FF
S21400C9A0012810B50C462AD0022830D000283DD1E8
S21400C9B091F8953060F3071381F895300846FFF735
S21400C9C0DDFFA36A20461B0716D502F0E1FF042010
S21400C9D001F084FB50B3164A937F3BB3D37F0133F9
S21400C9E0DBB2D37792F821209A421FD8BDE81040D8
S21400C9F04FF0806004F016BC03F09EF9E7E702F003
S21400CA0043FC844212D1BDE8104002F0B5BF91F855
S21400CA1095302046C3F30312013262F3071381F800
S21400CA209530BDE81040F321FFF7BABE10BD00BF39
S21400CA30C821002010B501F0B1FBFB22114B10F00D
S21400CA40020F1A770CBF012203224107197E48BF46
S21400CA5042F0040262F3030119761A7EC2F3030160
S21400CA6061F307121A764FF4417100221984DA76C0
S21400CA70DA835A621A611A85034BBDE810401B68B8
S21400CA80184700BFC8210020F42100202DE9F843F4
S21400CA904B4C0546A06818B113F006F90023A360B6
S21400CAA0022013F04DF85FFA85F8002017F086FF95
S21400CAB0404618F0B3FA0646002868D1404618F0FB
S21400CAC0B8FA0746002862D1002D75D005EB85011F
S21400CAD005EBC101C90033460122022089B212F0DB
S21400CAE0E1FF002850D14FF4A479022084F81A8080
S21400CAF013F056F809FB05F731463A4620601EF05B
S21400CB00C0F832462368681E03EB0901824233DB15
S21400CB10002DA7F5A4724FF00001D8BF002299504F
S21400CB202846636017F04AFF88BB404618F068FA4C
S21400CB3068BB404618F06AFA074640BB002D16DD73
S21400CB4002201EF051FE0223A060C371837939468D
S21400CB50C3F102020C33D2B218441EF092F801213F
S21400CB60A3689A7913441A7B61F301021A73FFF7DC
S21400CB7061FF3046BDE8F88309FB02FC013243F84A
S21400CB800C1001F5A471C1E7C4E90077A77600256B
S21400CB90002018F043FA002018F04BFA2846C4E9A3
S21400CBA00055A57618F02CFA284617F007FF022045
S21400CBB012F0C6FF0726DCE72B46A5762560AFE712
S21400CBC0C8210020014B987E704700BFC821002076
S21400CBD0014BD87E704700BFC8210020F8B5284D0D
S21400CBE014F0B2F96C681CB914F0BEF92046F8BD12
S21400CBF04FF4A476012723686B60EB7E0133EB7657
S21400CC0014F0B2F93246002120461EF03AF804F13C
S21400CC1028004021676118F099F92B8B0722A4F8A9
S21400CC20443194F83731002167F3030384F8373131
S21400CC304FF6FF73A4F87A302B7FA4F8866084F84A
S21400CC40423144F29023A4F8403194F8853004F140
S21400CC50080062F3030384F885300A4BC4F8883072
S21400CC6003F1CE5303F59813C4F88C3041F61B330A
S21400CC70A4F890301B2384F8923018F04BFFB5E7E9
S21400CC80C821002048014801F8B50446002619F0DE
S21400CC90FEFD04F1A4001EF03AFC04F1A8001EF00C
S21400CCA036FC04F1AC001EF032FC04F1080000F083
S21400CCB0B9FE04F1A0001EF02AFC154B20461B68A6
S21400CCC098472046C4E90A66FFF736FDC5B22846EF
S21400CCD017F06EFE0746284617F06CFE01463846EB
S21400CCE017F065FE14F030F905464FF4A47231468D
S21400CCF020461DF0C6FF074B28465A682260DA7E9B
S21400CD005C60013ADA76BDE8F84014F02DB900BF51
S21400CD10F8210020C82100202DE9F04106464FF4F6
S21400CD2080400F4601F0DAF9044630B90E4B1D6814
S21400CD3093F81A807135A04502D80020BDE8F0812E
S21400CD4055F8493CDA0609D5C3F38003BB4205D142
S21400CD500622294630461DF06AFF18B1013405F553
S21400CD60A475E8E70B20E9E7C821002008B5B0F86D
S21400CD7094305A1C62F30B03A0F89430042001F0A0
S21400CD80ADF970B1074A937F0133DBB2937792F81F
S21400CD9020209A4205D8BDE808404FF0806004F095
S21400CDA041BA08BDC821002038B58B7905460B442A
S21400CDB09B7D0C4603F00303032B09D101212C3085
S21400CDC018F0C4F84FF4006105F1280018F0BEF81A
S21400CDD021460548A5601EF02AFCBDE838404FF005
S21400CDE0005004F01FBA00BFD4210020014B187772
S21400CDF0704700BFC8210020014B187F704700BF56
S21400CE00C82100202DE9F74F1D4616462A4604463F
S21400CE109DF838309DF83C8080F89B3052F8103BE7
S21400CE200F46C0F8283100F14401B8F1000018BFE1
S21400CE300120DDF830A09DF840909DF834B003F056
S21400CE400BFF204619F06DFB204618F0F4F81AF098
S21400CE5049FA49460246204618F0E7F8C823204615
S21400CE600DF10601ADF8063018F0D2F847F6FF735C
S21400CE70A4F83031AB88A4F82C31AB7984F82E3185
S21400CE80DAF80030C4F87130BAF8043004F1280A31
S21400CE90A4F87530BBF1000F03D00421504618F0FB
S21400CEA055F8B8F1000F04D04FF40051504618F072
S21400CEB04DF84FF4607001F011F9C0F3C018C305C7
S21400CEC04FEA881848BF48F08008810548BF48F4F4
S21400CED0807814F039F883464FF48261504618F093
S21400CEE035F8414604F12C0018F030F8584614F096
S21400CEF03BF8BB1E012B7AD84FF40021504618F0A1
S21400CF0025F801212046FFF72DFC0421204619F0C4
S21400CF100FFB6B7D2046C3F3040384F870306A89E8
S21400CF2007F0FD0752006263697B2A7B42EA012212
S21400CF306287E97BAA7B42EA012222876A7D84F81F
S21400CF406F30C2F3421284F83E2000220523A287E7
S21400CF500122A4F89C30A4F87C209DF9441018F017
S21400CF606FF801F015F920F40060C4E908012046C6
S21400CF70FFF79CFB3A4A3B4BB2F82880B8F1000F0B
S21400CF8068D1002F38D140F2C7186660E3612046AA
S21400CF90166117F0ECFFB9F1010FE0600AD094F8C3
S21400CFA03731204669F3030384F8373109F00F015F
S21400CFB018F0C7F904F10800414618F0ABFD01204F
S21400CFC001F0F4FF28B963691A075CBF43F0040355
S21400CFD0636140F271216B892046013B594317F08B
S21400CFE0E5FF204601F0ECFF03B0BDE8F08F012F0F
S21400CFF087D140F2014185E74FF4D778E36140F2EC
S21400D00071272B8940F608015B0007FB0366504634
S21400D010666004F1400617F099FF3146204619F085
S21400D0201EFA2B89314601335B0020467B4304F110
S21400D030340201F0C1F8EB7931465B00012220464C
S21400D0407B4319F012FA236C20469E0817F08FFFD8
S21400D0503044A0E76660E361002FD0D197E700BFB9
S21400D060C8210020A1C9000070B51D46C36A044649
S21400D0701B07164613D408212C3025F4105517F03C
S21400D08065FF25F01005064B2D0433402D0C204679
S21400D090C4E90835BDE870404021FFF763BB70BDAA
S21400D0A02FCF87F72DE9F04F85B00446019108464B
S21400D0B089B34B799A071FD41EF0AEFA019D70B95A
S21400D0C06B79DB0705D54FF4803104F1280017F0A3
S21400D0D03DFF01A81EF01BFA05B0BDE8F08FA36A5D
S21400D0E0DF0309D54FF4803104F1280017F036FF2E
S21400D0F06B7943F001036B71019E13F025FF737982
S21400D10031469E0705461ED504F1AC001EF09EFA79
S21400D110284613F029FFDFF8909113F015FFA36A55
S21400D1200746DD0514D5D4F8AC3043B19A791344DC
S21400D1301B7B392B03D829FA03F3D80711D43846BA
S21400D14013F012FFC8E704F1A8001EF070FADFE73C
S21400D15094F94631022BF2DCD4E92A2372B9002B6B
S21400D160EDD004F1AC001EF0F0F90546384613F099
S21400D170FBFE2946204618F092FACEE7002BF0D1A7
S21400D18094F89280039304F1A80BD4F8A86096F85C
S21400D19007A0B379AAEB030A5FFA8AFAC24527DC2E
S21400D1A058461EF031FA0546A8EB0A086B79294660
S21400D1B06FF3C3036B7103A81EF039FAD4F8A830D6
S21400D1C02BB15B79990702D1B8F1000FDDD1039B33
S21400D1D0002BB4D09B79022B40D800201EF004FB15
S21400D1E0014670BB039904F1A8001EF02FFAA6E7CB
S21400D1F000201EF0F9FA054630B9039904F1A8009C
S21400D2001EF024FA03959AE78079B1790C300C3138
S21400D2104246314428441DF04DFDEB7953FA88F31D
S21400D220EB71B379727953FA88F3B3716B794FF077
S21400D230000862F300036B7173796FF30003737178
S21400D240B4E7039B4A79587960F300024A715A7929
S21400D25003A86FF300025A711EF0F3F9E36A9A0509
S21400D26012D50398034600680028FBD1DB79C3F18A
S21400D2704503DBB2032B07D81EF0B6FA014600289A
S21400D280B0D003A81EF0D3F9D4F8A83013B15B7958
S21400D290DB0704D5039A537943F0080353713846E5
S21400D2A013F062FE039965E77C2C020070B5036BF1
S21400D2B00446DA0786B033D5866A330723D516F4D4
S21400D2C0002F14BF032501252046FFF735FA94F8F2
S21400D2D09B30294605930023049394F83E30C6F30A
S21400D2E080020393238F80B20293638F0193636B54
S21400D2F0C3F34F03009304F1710318F0D5FE30B961
S21400D300002006B070BDB50C05F00205DCE7012173
S21400D31004F1300017F022FE4FF4005117F016FE0D
S21400D320236B980410D52046FFF706FAA16AC0B210
S21400D330C1F3403118F086FC0028E1D04FF40051CC
S21400D34004F1300017F00AFE236BD90409D500213A
S21400D3502046FFF7A7FE4FF4805104F1300017F087
S21400D360FDFD236B5A0512D52046FFF7E5F900238D
S21400D37094F89B50C2B21946284618F0A7FD00281C
S21400D380BED04FF4806104F1300017F0E7FD236B48
S21400D3905B0711D52046FFF7CFF9616B238F628FAD
S21400D3A0C1F34F0180B218F05FFE0028A8D0042118
S21400D3B004F1300017F0D2FD236B1E0709D5204676
S21400D3C019F0EAFB00289BD0082104F1300017F082
S21400D3D0C5FD236BDD0618D52046FFF7ADF9E16ADB
S21400D3E080B211F4805100F0C580002118F0D1FE03
S21400D3F0002885D04FF4805104F12C0017F0AEFDC4
S21400D400102104F1300017F0A9FD236B580615D53E
S21400D4102046FFF791F994F8773080B20093D4E96C
S21400D420082318F099FE00283FF46AAF0023402135
S21400D43084F8773004F1300017F090FD236B19055F
S21400D44016D52046FFF778F900230093B4F89830F5
S21400D450B4F8962094F89A1080B218F0B3FB00281F
S21400D4603FF44EAF4FF4006104F1300017F076FD44
S21400D470236B13F4804532D19A0516D52046FFF764
S21400D4805BF994F8371194F8772001F00F0180B219
S21400D49000F0F8FC00283FF433AF4FF4007184F836
S21400D4A0775004F1300017F059FD236B1B0616D594
S21400D4B02046FFF741F9B4F88C3080B2009394F818
S21400D4C09130B4F88A2094F8901018F094FE002852
S21400D4D03FF416AF802104F1300017F03FFD236BB8
S21400D4E09E0612D52046FFF727F994F8771080B2EB
S21400D4F018F066FE00283FF403AF0023202184F8CE
S21400D500773004F1300017F029FD236BDD0508D5D0
S21400D51004F130004FF4807117F020FD204619F01A
S21400D520D0F9236B180408D504F130004FF40041FD
S21400D53017F014FD204617F000FF236BD90308D51B
S21400D54004F130004FF4803117F008FD204617F044
S21400D55067FD236B9A0308D504F130004FF40031C1
S21400D56017F0FCFC204617F069FD236B9B0704D4DC
S21400D5700120C6E618F024FE3AE7002220461146AF
S21400D58017F05AFD204617F059FD2046FFF7D4F84D
S21400D59094F8771080B218F0C9FE00283FF4B0AEB9
S21400D5A0022104F1300017F0D9FC2046FFF76CFB8F
S21400D5B0014B1B689847DBE7F4210020F8B50023F1
S21400D5C0124A02F1240151E8004F41E80035002DCF
S21400D5D0F7D1012734B9BDB10D48294617F0B6FC7E
S21400D5E02046F8BD94FAA4F0B0FA80F007FA00F6E8
S21400D5F024EA0604FFF78CF80028EBD0FFF756FE67
S21400D6000028E7D13543E5E70120EAE7C8210020F6
S21400D610EC2100202DE9F74F04460190002860D049
S21400D620C5794FF000080C35054413F08DFC4646CE
S21400D63000904FF4A47A40462B4FBA7E5FFA88F9E2
S21400D6404A4517D90AFB09FB3A685A44916ACB0641
S21400D65044D5B2F89420C2F30B02002A3ED0E279F9
S21400D660C2F14502D2B2032A15D802201EF0BCF839
S21400D670044640B900230098FB8313F075FC30463F
S21400D68003B0BDE8F08F014601A81DF0D0FF0020D2
S21400D690E5790C35254404220123002112FB0033D2
S21400D6A005F82090E9543B6802FB005C5B44B3F845
S21400D6B0943001368CF80230032312FB0032A95452
S21400D6C03B6801305B44B3F89420C0B261F30B02B0
S21400D6D0A3F89420E379F6B20433E37108F1010865
S21400D6E0ABE70646CBE700BFC8210020F7B5684683
S21400D6F003F0A6FA00254FF4A477124EB37EAB4291
S21400D70001DC03B0F0BD346807FB0544A36A03F0F0
S21400D7101803102B13D10522694604F145001DF0AD
S21400D72086FA60B10121204619F0ECF838B90120DC
S21400D7301EF05AF8014610B1204601F00DF90135E9
S21400D740DCE700BFC82100202DE9F74F13F0FCFBF3
S21400D750424BDA6800920022DA6013F005FC009B68
S21400D76013B903B0BDE8F08F68461DF0EEFE82796F
S21400D770876802F10C04044401460190A07A0A323C
S21400D78010F0200F14BF0320022002448A71FA6AA8
S21400D79052050FD5E07AA27A42EA0022384618F0FF
S21400D7A06CF938B901A81DF0B2FE3D21384618F0D4
S21400D7B056F8D4E7BA6A94F80AB012F400720199DF
S21400D7C00BF0030013D003288A79EBD10A44127BAE
S21400D7D0392AE7D8224B23FA02F2D307E2D54A7950
S21400D7E0384642F002024A7100F0BEFDB7E7032851
S21400D7F0F5D048790BF0030B62F3410048710846F8
S21400D80094F8069094F905A01DF006FF019D0646C3
S21400D810AC793846063CE4B2AC71FEF78DFF0C34AA
S21400D820C0F3032305EB040843EA0B1388F8033020
S21400D8302B46F6B288F80200A8F8046005F804A0A3
S21400D84088F801905A796FF341025A711B68002BD1
S21400D850F8D1284618F00DFA81E700BFC82100204D
S21400D8607C2C0200002370B50D46D1688AB009BA38
S21400D8700291C178C66861F30703817836BA61F30E
S21400D8800F23417806AC61F317439168069609BAF0
S21400D8900391816809BA07915168126809BA12BAE9
S21400D8A0049105920178426861F31F6312BACDE9CC
S21400D8B0082323468022012002A9009414F02EFBA0
S21400D8C00028F6D1DDE90810DDE9063200BA09BA0B
S21400D8D012BA1BBA28606960AA60EB600AB070BD15
S21400D8E0F8B504460026084F0CB90748F8BDA179DC
S21400D8F0E579B8196D1AEDB20C3121442A461DF0AF
S21400D900D9F92E442468EFE704220020F8B504462F
S21400D9100026084F04B9F8BDA079E579B9192D1A83
S21400D920EDB20C3020442A461DF0C4F92E4424687B
S21400D930F0E700BF04220020104B1A7842F0F002F5
S21400D9401A701A7C42F0F0021A7493F8202042F003
S21400D950F00283F8202093F8302042F0F00283F89B
S21400D960302093F8402042F0F00283F8402093F8ED
S21400D970502042F0F00283F8502070471423002015
S21400D9800368054A23F07F6323F4002302EAC142BA
S21400D99013430360704700BF0000F80FF8B54488D3
S21400D9A0054604F00704072C1C4E28D113F0CCFAC9
S21400D9B000221101735C06EB02171B090F2B0AD01D
S21400D9C00132062AF5D1164A13880133138013F064
S21400D9D0CBFA1920F8BD2B6894B27B8011237354C0
S21400D9E013F0C2FA19F001FC06EB0413D8602B689A
S21400D9F0002023F4E02343EA04432B60EAE72301F4
S21400DA00F15CC1F30312013202F00F02052A28BFAF
S21400DA10002262F30711F154E4E700BF142300204C
S21400DA201C2D002038B54488054604F00704072C52
S21400DA300FD013F089FA074A2401135D43F0F00370
S21400DA4013552B6843F4E0232B60BDE8384013F0F1
S21400DA508BBA38BD142300202DE9F04745880746C9
S21400DA6005F00705072D894637D01D4C4FEA0518E7
S21400DA7014F8086019F0B9FB04EB051ADAF80C3054
S21400DA80360906EBC506C01A04EB4606708014F885
S21400DA90083003F00F02042A9EBF013262F303032C
S21400DAA004F80830B9F1030F14D114F8081004EB89
S21400DAB00514A01C01F00F0119F0ACFA044613F08F
S21400DAC043FA3A68074B134023433B60BDE8F047F0
S21400DAD013F04ABA4FF6FF74F1E7BDE8F08700BFCF
S21400DAE0142300200000FF7F064A08B59268824291
S21400DAF007D0427922F0030242F00302427103F09B
S21400DB00F9FB08BD7423002010B5064C20461DF016
S21400DB10FEFC201D1DF0FBFC04F10800BDE81040D3
S21400DB201DF0F5BC7423002010B502201DF05CFE2D
S21400DB30034C606002201DF057FEA06010BD00BFC1
S21400DB407423002008B5FFF7DFFF0022024BDA60DF
S21400DB50BDE80840FFF7E8BF74230020014B586873
S21400DB60704700BF74230020014B9868704700BFC1
S21400DB707423002038B50C4CE3681BB1E368984763
S21400DB800023E36023686BB107481DF0DEFC054602
S21400DB9040B123681BB14FF0004003F043FB28461A
S21400DBA018F0DDFB38BD00BF7423002010B5084C0C
S21400DBB0E0604FF0004003F035FB00BF00BF00BF41
S21400DBC000BFE3681BB1E36898470023E36010BD1D
S21400DBD07423002038B58379044603445B7B13F036
S21400DBE0300F437923F0030308BF43F0010343716A
S21400DBF013F0AAF90546214605481DF018FD4FF01A
S21400DC00004003F00FFB2846BDE8384013F0ACB9DF
S21400DC107423002010B5084C6068837918440F30D0
S21400DC2000F08AF90023A0681A46BDE810404FF6B7
S21400DC30284117F07DBF00BF74230020242816D883
S21400DC400F2805D802280CD8B0FA80F04009704793
S21400DC50084B103880B2C34003F0010383F0010084
S21400DC6070470538012894BF002001207047012026
S21400DC70704700BF2D2011002DE9F04F95B0FFF73B
S21400DC806DFF42F23603867905460C3630F806807C
S21400DC90841998450ED1FFF761FF02211DF00EFC96
S21400DCA07F22A3780233A370AA550023202223776D
S21400DCB0627063770121E078FEF75AF90023064682
S21400DCC0002800F0D780CDE91233237AE2888DF859
S21400DCD04A30E37AADF848208DF84E30A388B4F881
S21400DCE0092013F01000ADF84C2003F0050306D011
S21400DCF093B1E37D012B51D00025122614E07BB3AF
S21400DD00E37D657E012B37D16B1EDBB2022B09D873
S21400DD1000F044FA012338E04FF48043DDE91212A4
S21400DD20914220D900251126FFF71EFF0123324617
S21400DD304146ACB217F0FCFE002DCCBF0534053CC6
S21400DD4024B2002E40F099800A2394FBF3F4E4B248
S21400DD50FFF70AFFC3791844C47215B0BDE8F08F08
S21400DD604FF6FF73DAE71F29DCD99A42DAD8E37D4B
S21400DD70657E0028BED1C5E7032BD3D16B1EDBB270
S21400DD80022BCFD800F00AFA04230342CAD0032D90
S21400DD9008BF04252840C0B20028C3D0E07816F09B
S21400DDA012FE20B1A088FFF749FF0028A4D0344A0D
S21400DDB0237F1278002A54D0042B9DD8637F042B2F
S21400DDC09AD8A388DB0653D419F08CFA0121C8220E
S21400DDD0084002F0AFFD94F91630B4F804E003EB07
S21400DDE08303B0EB430F4FEA4302637B677E0F93D8
S21400DDF0A37BE188109304F10F031193637F94F8DB
S21400DE000C9094F815A094F818B00546E07DC8BFAD
S21400DE1015B2B4F809200C93237F03280B93E37EF6
S21400DE2008BF0420032F08BF0427003B18BF0123A8
S21400DE300A93A37E1FFA85FCCDE90873119BCDE9F2
S21400DE40060B0293109BCDE904ACCDF80C90019321
S21400DE500F9B304600935FFA8EF316F069FE064677
S21400DE6062E7002B7FF45EAF637F002BA9D059E7F3
S21400DE700020ABE70546072656E7002468E700BF04
S21400DE80942D0020F8B5074601200D4616461DF0D5
S21400DE90ABFC0446C0B106220C2117F05CFE691EDE
S21400DEA0C9B2032988BF0022A37998BF074A03F1A5
S21400DEB00C0398BF525C234420469F80DE70DA71C4
S21400DEC09A71FFF711FE0120F8BD00BF98C6020048
S21400DED0F8B5FFF743FE83791844B0F80F60B0B288
S21400DEE0FEF716FC0446C0B117F093FB0138C0B22B
S21400DEF0032814D800270B4B1C5CFFF735FE05469D
S21400DF0004233A4642F2300117F012FEAB790C3386
S21400DF10E818C68004724472F8BD0227EDE70024B4
S21400DF202746EAE798C60200024B1A6802609B88FA
S21400DF30838070479C2D002013B50D4C28B10368D4
S21400DF4023608388A38002B010BDF7F7E3FFCDE916
S21400DF5000019DF80230BDF80020A370BDF8053022
S21400DF602280A4F803309DF807306371EBE700BF0A
S21400DF709C2D002010B5044612F0E6FF2268064BE2
S21400DF801A60A2889A80054A137843F0010313703A
S21400DF9012F0EAFF012010BD962D0020952D0020DE
S21400DFA0024B1878003818BF01207047952D0020C6
S21400DFB0024B1A6802609B8883807047962D00206B
S21400DFC0024B186908B103F02DB9704738120020CB
S21400DFD0002310B53C4A02F1100151E8001F02F17F
S21400DFE0100C4CE80034002CF5D140EA0104A102E4
S21400DFF001D501F04FF8220101D502F05DFB002C9F
S21400E00001DAFFF7B7FD630001D517F08DFDA0001C
S21400E01001D5FFF799FBE10007D5FEF799F820B97F
S21400E0204FF08051294818F0EDF9620107D517F036
S21400E030BBFB20B94FF08061244818F0E3F9A30138
S21400E04005D519F048F9FFF751FB16F0C1FCE001C1
S21400E05008D516F0D9FF072804D14FF080711B4869
S21400E06018F0D0F9610201D516F0ACFC220201D5F9
S21400E07016F09CFCE30207D516F0C4FF20B94FF457
S21400E0808011124818F0BEF9A00507D500F03AF93D
S21400E09020B94FF400710D4818F0B4F9E10507D522
S21400E0A0FFF78CFA20B94FF48071084818F0AAF9E7
S21400E0B0620503D517F03AFD17F039FD230501D5A3
S21400E0C018F0A8F910BD00BF381200204812002032
S21400E0D00146014818F096B938120020014B1B681B
S21400E0E0184070473812002010B5044BD3E906429A
S21400E0F004430A43C3E9064210BD00BF381200209D
S21400E10070B51E4D04462B68002B03DAFFF71AFD88
S21400E110002031E04CF20C000021FFF7E5FF002361
S21400E120174E336024B163682B60A36803B1336075
S21400E1304FF00040FFF7CCFF33680BB9114B33604C
S21400E140114B1248AB6000232B7311F0E9FDFFF76B
S21400E150F3FB2046F2F7CCF870B92CB1B4F90E10E8
S21400E160B4F90C0001F028FE19F0C0F802F036FDF4
S21400E17002F0C4FC0028C9D070BD00BF38120020D1
S21400E180842300207D0E0020C1DF00003C1200200A
S21400E190014BD3E90601704738120020054B9B69F6
S21400E1A0DA054CBF032001201B0548BF40F00400E1
S21400E1B0704700BF38120020F8B517461C460D46BB
S21400E1C0064602F0B7F91C4BBA7A1C4953F82220CF
S21400E1D053F820308C421A4424D9194B9C4214D947
S21400E1E0184B013C93FBF2F3002BB8BF03339A1095
S21400E1F004EBA304B4FBF2F371682A68A1EB930165
S21400E20002EB430271602A60F8BD0F4B0F49A3FB77
S21400E21004435B0902FB03F303F6C313A1FB0313DA
S21400E220DB0AE9E702FB04F3094A03F574338F338C
S21400E230A2FB03231B0CDFE7DCC602004C621000C7
S21400E2401366660640420F001F85EB515917B7D17B
S21400E25083DE1B43024B1A6802601860704700BFDB
S21400E2608C2300200022024B1A6000F0FBB900BF8E
S21400E2708C2300202DE9F843064616F024FF0446BA
S21400E280002835D045784DB912F05EFE23786370CD
S21400E2901B4B1B682570636012F066FE4FF001088A
S21400E2A0677837B923781BB34FF4007002F0BAFFD3
S21400E2B01EE097FAA7F5B5FA85F508FA05F55FFAB0
S21400E2C085F9636833B90E4B27EA050565701B6848
S21400E2D06360E5E79B681BB963681B686360F0E7EB
S21400E2E0494630469847012805D163681B68636035
S21400E2F00120BDE8F8830228EED10020F9E700BF30
S21400E3008C23002070B500250D4EFEF75BFCA8425E
S21400E31001D8012012E03068FEF7FAF950B93468E7
S21400E320FEF750FC0134B4FBF0F303FB1044013558
S21400E3303460EAE7FFF79EFF0028F0D170BD00BF0B
S21400E3408823002010B50446837903441B7B392BB1
S21400E35096BF044AFF21D15C1DF0B0F8A0790C30BE
S21400E360204410BD9CC602002DE9F34105460C462C
S21400E370019116F09BFE830605D501A81DF0C7F88F
S21400E38002B0BDE8F081019FBE790C36BB5D392B2B
S21400E39018D8164A12F80380B8F1FF0F12D0384684
S21400E3A01DF03AF9013840450CD1114B1E6896B95C
S21400E3B021462846A37923441A7B02B0BDE8F041E3
S21400E3C018F018B901981DF0A2F82846BA5D019910
S21400E3D018F010F9D4E773680BB93668E7E72146FA
S21400E3E0284698470028F8D0CAE700BF9CC6020017
S21400E3F08C23002037B504460D46202116F058FE23
S21400E4002946204616F0BEFE2146012018F099F94E
S21400E4102146002018F095F9012000232146034AE2
S21400E420009018F01FF903B030BD00BFCD640200A5
S21400E43073B50C461646054618F0F5FA80F001004E
S21400E4402946C0B216F029FEC368012C9A7907D077
S21400E45032462146284602B0BDE8704018F0E9BAB8
S21400E46013441022DB8A294600920020024A18F044
S21400E470F9F8204602B070BD336A020037B504468C
S21400E48018F011FB0321204616F02DFE002503464A
S21400E49021460120034A009518F0E4F8284603B008
S21400E4A030BD00BF196902002DE9F3470746022078
S21400E4B00E461DF099F90546002846D0B37900218E
S21400E4C00C333344B3F80480B3F806A0B3F80890CE
S21400E4D018F046F82846FFF735FF0221044638466E
S21400E4E016F001FEA4F804806081A4F806A0A4F843
S21400E4F0089018F03EFE08F10108B0FBF8F303FBA5
S21400E5001800022360806370AB79B371EA7903F177
S21400E5100C00F271D21AD2B2291830441CF0CAFB91
S21400E5203946012016F0B9FD1022C66063893946C7
S21400E53001200092064A18F095F83846294618F049
S21400E5400DF8002002B0BDE8F0870720FAE700BF0C
S21400E550336A02002DE9F34104460D4601460120C8
S21400E56016F09BFD01210746284617F0F9FF2846BE
S21400E570FFF7E8FE064600F10108404602F060FBA1
S21400E580D6F801300221C7F8123073792046BB75E1
S21400E59016F0A9FD29460746F080204617F0DEFF54
S21400E5A020232146009301203B46034A18F05AF8E0
S21400E5B0002002B0BDE8F081FF6902007FB5044686
S21400E5C00D460146012016F068FD50E8003F43F472
S21400E5D0806340E80036002EF7D1204618F023FA74
S21400E5E0D8B3204616F067FD430715D533463246A6
S21400E5F020460DF10F0116F0F3FF9DF80F30062BA5
S21400E6000AD8284611F050FB012200232046FEF7C8
S21400E6102BFD002004B070BD0E21284617F0A0FF89
S21400E6202846FFF78FFE0646FFF7B2FDC6F8051030
S21400E630FFF7AEFD2946C6F80100204617F08EFF0C
S21400E6400321204616F04FFD002203460092214685
S21400E6500120034A18F006F8DBE70821DDE700BFD3
S21400E6601D69020010B5054C054A2046054918F0FC
S21400E67044F92046BDE81040FFF7ECBD902300208B
S21400E680E56A0200F1E70000F7B58B7904460C3323
S21400E690CE18CB5C0D46023B0F2B00F2A080DFE8C5
S21400E6A003F0089E9E9E9E739E829E9E2C689E9E53
S21400E6B09E4F12F049FC71780746204616F062FD20
S21400E6C02021204616F0F4FC2146012018F039F8E7
S21400E6D02146002018F035F8012300930023214638
S21400E6E01846404A17F0BEFF284611F0DDFA3846B5
S21400E6F012F03AFC012003B0F0BDB388728871783E
S21400E70016F054FF204616F0D6FC830708D4294698
S21400E710204618F0C8F90121204617F009FFE9E75E
S21400E7202146012016F0B9FC2F4B82689A4203D18D
S21400E7302146012017F0D5FF284611F0B5FAEAE782
S21400E74077780846B67811F0AFFA162F05D132461C
S21400E7500321204618F05FFBCCE72146012016F087
S21400E7609CFC8368002BC5D0324603212046984780
S21400E770C0E70146012016F090FC0746284676784A
S21400E78011F092FABB68EDE70146012016F085FC11
S21400E79007462846767811F087FABB68002BA9D082
S21400E7A032460421E2E70146012016F076FC0F4BC4
S21400E7B082689A4203D0284611F076FA9AE7D6F88D
S21400E7C00120D6F805302046FEF74EFC284611F00C
S21400E7D06BFA2146012017F084FF02219CE70020F7
S21400E7E089E700BF9B6A0200196902001D690200E2
S21400E7F02DE9F3410C46054618F015F9A3790028D3
S21400E8006BD00C3314F80380E618B8F1010F41D032
S21400E810B8F1080F39D0B8F1000F51D171892846E8
S21400E82017F00EFFB188738872788B4294BF074644
S21400E830002709290B4638BF0923013B9BB29A42A1
S21400E8400FD8002A08BF00270846F388328917F039
S21400E85016FE40B9204611F027FA012002B0BDE8A6
S21400E860F0814746F0E7002FF4D02946002016F046
S21400E87014FC1022C46073890092013B1B4A9BB2B1
S21400E8802946002017F0EEFEE7E72146284618F056
S21400E89068F8E2E72846F18817F0D2FE0746701CB3
S21400E8A018F032FD0028D5D0002FD3D029460020FE
S21400E8B016F0F3FB2023C4600093F3880C4ADFE7CE
S21400E8C02146284618F094FB0028C6D12146284643
S21400E8D002B0BDE8F041FFF7D7BE23441B7B0E2BEA
S21400E8E0D3D02146284618F072FBEDE731E400004D
S21400E8F0B769020038B504460D4616F0DCFB420741
S21400E9000BD4204616F0D7FB830706D429462046AC
S21400E910BDE83840034A17F085BF284611F0C4F911
S21400E920002038BD7DE4000038B505460C4616F0DC
S21400E930BDFB00F01800102806D121462846BDE889
S21400E9403840044A17F06EBF204611F0ADF90C208F
S21400E95038BD00BFA9E40000014A17F063BF00BF3E
S21400E96055E5000070B505460C460146012016F038
S21400E97094FB0646284616F09EFB020704D5204662
S21400E98011F092F9002070BD33685B05F7D4284675
S21400E99018F049F840B121462846FFF7ABFF18B9F2
S21400E9A01CF022FF044630B121462846BDE87040E0
S21400E9B0024A17F037BF0720E5E700BFBDE50000B5
S21400E9C073B504460E4616F071FB00F030001028B2
S21400E9D04FF0020031D11CF007FF054678B34379AB
S21400E9E0022143F00203437117F0BAFD2846FFF7F1
S21400E9F0A9FC29464670204617F0B0FD1621204691
S21400EA0016F0C0FB2021204616F052FB21460120BE
S21400EA1017F097FE2146002017F093FE204617F0C9
S21400EA2036FF0121204616F05EFB034601202146F4
S21400EA300090044A17F016FE002002B070BD0720B2
S21400EA40FBE700BF47690200F0B589B00D460446F3
S21400EA5018F063F8AB79002800F0A3800C33EA18AE
S21400EA60EB5C033B082B00F23881DFE813F009006B
S21400EA703601360184003601360136015D007E001F
S21400EA80D2F80100D2F8051003ABB2F8097003C340
S21400EA9002F1130301210B32204616F036FF042143
S21400EAA0284617F05DFD2846FFF74CFC06460C216D
S21400EAB005A802F037F805AB03CB3346C6F80100CD
S21400EAC0C6F80510079A002143F8092F2046721C45
S21400EAD016F01BFF2146002016F0DFFA034603AAB5
S21400EAE0478303CAC3F81200C3F81610204608214D
S21400EAF0FDF738FE4FF40071204616F0D9FA20468E
S21400EB0016F01FFF2946204617F028FD0321204651
S21400EB1016F0E9FA034600202146714A009017F0E5
S21400EB20A1FD012009B0F0BD0B21284617F018FD05
S21400EB302846FFF707FC2946204617F00FFD12F07F
S21400EB4003FA05464FF44071204616F0B1FA4FF42A
S21400EB508051204616F0B1FA284612F005FA4FF416
S21400EB608061204616F0ACFADBE7284611F09CF8E8
S21400EB704FF40071F5E70621284617F0F1FC284609
S21400EB80FFF7E0FB204616F03CFD2946204617F02E
S21400EB90E5FC204616F0FBFE2146002017F0A1FDFE
S21400EBA0BFE72B441B7B043B072BBBD801A252F8C4
S21400EBB023F000BFD5EB0000FBEB00005DEC00008F
S21400EBC025EB000025EB000025EB000025EB000000
S21400EBD073EC000020464FF4007116F069FAAA792B
S21400EBE020460C322A4402F109030021013216F0B5
S21400EBF08CFE284611F058F893E74FF48060FFF734
S21400EC006DFAB0B100274FF40061204616F050FAB6
S21400EC102046CDE90577FDF78FFD0646204616F01F
S21400EC2043FA39460346009505AAB0B217F026FB0C
S21400EC3077E72146012016F030FA00F1120120464F
S21400EC4016F0BAFE0621284617F08AFC2846FFF77B
S21400EC5079FB2946204617F081FC62E7284611F02A
S21400EC6023F82146012017F06CFD204616F08FFE93
S21400EC7057E712F069F906464FF40071204616F081
S21400EC8017FA4FF48051204616F017FA304612F065
S21400EC906BF94FF4C061204616F012FA294620465A
S21400ECA017F05CFC2146012016F0F7F9C26805460D
S21400ECB082B1937901210C331A4402F113032046E2
S21400ECC00B3216F022FE204616F03BFE2046E96880
S21400ECD017F044FC0023EB6023E7002022E700BF88
S21400ECE0276B020010B5074C07492046002217F094
S21400ECF004FE2046FFF7AEFABDE8104001200021D2
S21400ED00FFF7F2B99C23002049EA000038B50C460C
S21400ED108B7905460C331944E35C142B03D0152B72
S21400ED200FD0002038BD013117F077FF1521284697
S21400ED30224617F0BAFF2146284617F00FFC01209E
S21400ED40F0E70146012016F0A8F90B4B82689A42BC
S21400ED5003D0204610F0A8FFF1E7A1792846214409
S21400ED600D3117F05AFF204610F09EFF294601206D
S21400ED7017F0B7FCE3E700BFFF6C020037B50446A8
S21400ED800D460A46142117F090FF2946204617F034
S21400ED90E5FB0321204616F0A6F930220346009232
S21400EDA021460120024A17F05DFC002003B030BD6A
S21400EDB0FF6C020010B5074C07492046074A17F0BB
S21400EDC09CFD2046FFF746FABDE8104020200021B3
S21400EDD0FFF78AB9A82300200DED0000036D02009E
S21400EDE073B51E46ADF800208DF80230009B044631
S21400EDF001A801930D46114617F0F9FE9DF806305E
S21400EE00B34203D1BDF804308B4205D0284610F03B
S21400EE104BFF122002B070BD204616F090FA9DF807
S21400EE200230827A9A4209D18288BDF800309A422E
S21400EE3004D1284610F038FF0020EBE7694620464C
S21400EE4016F039FD29462046014A17F0EBFCE1E7AB
S21400EE507DED00002DE9F04116461A4307460C46A4
S21400EE601D46BDF8188005D12046BDE8F041114684
S21400EE7017F09ABF4146204617F0CEFB78B12146E0
S21400EE80384616F00AF940238674C5742146069360
S21400EE9038464346BDE8F041024A17F0E3BBBDE8FA
S21400EEA0F08100BF616E0200F7B505460E460146CA
S21400EEB0012016F0F2F8036813F0F00F03D029468D
S21400EEC0012017F03EFC284616F0A0FBB3790C3361
S21400EED033445F789B781F400378C3F3030000EA4F
S21400EEE01310384017F03AFF044668B9284617F062
S21400EEF03EFF384017F032FF044628B9284616F081
S21400EF0088FB00F04FFF04462846002116F019FA49
S21400EF101721304617F024FB3046FFF713FA314628
S21400EF2044708470284617F019FB0321284616F013
S21400EF30DAF840220346009229460020024A17F0DB
S21400EF4091FB03B0F0BD00BF176E020010B5074C72
S21400EF502368DA0607D523F01003236018B90120CA
S21400EF60A16815F017FD0023A36010BDB423002090
S21400EF70014610B50446022015F00CFD054B1B6833
S21400EF80D90305D463691A075CBF43F004036361C1
S21400EF9010BD00BFB4230020034B10B5DC6818F08A
S21400EFA024F9DC3C201A10BDB4230020034B1B6858
S21400EFB013EA004314BF012000207047B42300204A
S21400EFC038B5002303604369044658070DD520462C
S21400EFD050F8081FC90C01F4FC7141F00501FEF75A
S21400EFE0CFFC636923F0040363616369D90602D525
S21400EFF018F0FBF860601848024652F8043F8BB9D8
S21400F0002360146083684BB1617E5A7E914219D2A8
S21400F0106269D2060ED50020FFF798FFBDE838409B
S21400F02017F015BA59686568491B0029E8DA1A46C8
S21400F0301B68E4E75A681B69134462689B1A002B36
S21400F040ECDBE8E71A895B68D31A62681344E26867
S21400F050D342E3D5DFE700BFB423002038B504462B
S21400F0600A4D0846AB68A34201D1FFF76FFF6B68F5
S21400F070074A1BB1A342196804D11160BDE83840A5
S21400F08017F0E5B91A460B46F3E700BFB423002095
S21400F090B82300202DE9F047754D2B685B0700F17B
S21400F0A0AF80AB68002B40F0AB8055E8003F43F0E4
S21400F0B0040345E80032002AF7D16C689CB118F0CA
S21400F0C094F8D4E9043717F0100F0646A26819D052
S21400F0D010FA82F262602068D4F8048038BBDC3311
S21400F0E04344C5E9024355E8003F23F0040345E8DE
S21400F0F00037002FF7D1AC68002C74D1BDE8F0477C
S21400F10001F02CB9606892B2811AFF07A1EB0601E4
S21400F11009D40029DFDAE768DF1BCF4205D4324482
S21400F1201844831AD6E70029D5DA20464FE041690D
S21400F1300289CF06D0F804E048BF06EB020EAEEB1D
S21400F140020211F0010C11BF1146D0E90371C91B70
S21400F150891808EB03077F1A002F28DDBB4205D964
S21400F160E768A1EB0801DC378F423AD9D4F814A03F
S21400F1701AF0010F1DD12169D0F80C90278941445F
S21400F180A1EB0901C91BE768A1EB0E01DC37B94208
S21400F1900FDD971BBCF1000F03D10169A1EB09013C
S21400F1A00F44002F05DB4B46C0F804E00446006819
S21400F1B092E7477E617E8F42F9D2921BBCF1000F28
S21400F1C003D1D0E903135B1A1A44002A02DAFFF7C8
S21400F1D0CFFE72E71AF0100FA7D0C368C0F804E09D
S21400F1E0E4E70B46E3E7A36813F4601FC3F3C240EB
S21400F1F008D121462B6843F010032B6015F0CAFB9C
S21400F200BDE8F08704F108063046FEF7C7FB2B681A
S21400F210214643F010032B60F8B915F0BBFBA3683A
S21400F22013F4601F4FEAD341C3F3C24517D0013D24
S21400F230EDB201F4FC7130462943FEF7A1FB032131
S21400F2403046FEF709FC75B1A268237E1344120C03
S21400F2509BB212041343A360D2E73846CEE70321DD
S21400F2603046FEF7F9FB3046FEF7DCFBECE700BF66
S21400F270B423002008B5034B996809B115F08AFB42
S21400F28008BD00BFB4230020014B9868704700BF3C
S21400F290B42300200A4B70B59C6884420FD12146E7
S21400F2A0012015F077FB6668258917F09EFFAD1BD9
S21400F2B0C54221464CBF0020022015F06BFB70BDF6
S21400F2C0B4230020054B1B681B6A13F0100003D004
S21400F2D013F0030018BF0120704700BFC4230020AE
S21400F2E006222DE9F341344B06469C688846A579EC
S21400F2F00C35635D671903F04F036355838D7A7091
S21400F300103B0D2B31D8DFE803F053304F07300C9D
S21400F310303030303030300C635D6FF303036355AC
S21400F32023E00123625D006A63F3030262550C2248
S21400F33010F4006F7A7006F12E0107F108020CD067
S21400F34001924FF0FF32C0F3802000921A4615F06B
S21400F35051FB635D43F08003E1E7D6F82E30BB60D7
S21400F3608B889380336A5B05F3D4B28D635D304639
S21400F37062F345136355B91C17F084FF635D60F3B1
S21400F38086136355A3797A7802331344E371B38DF9
S21400F39003F01403142B04D0B8F1000FC4BF42448A
S21400F3A07A7002B0BDE8F081635D62F30303B6E7EE
S21400F3B00222635DF9E700BFB021002038B5294975
S21400F3C004460B7D4A7D0133DBB2B3EB921F0B750F
S21400F3D003D3032300200B7538BD016AC90234D558
S21400F3E0032390F87E20243A92FBF3F303EB4303C7
S21400F3F0D21A2532D2B2A18D94F87F3011F01001C6
S21400F400B4F9340084F87E2003F00F0323D117F0FC
S21400F41064FF00F0E9FCB4F9782004F1700582423C
S21400F42004D0A4F8780001F087F96881284600F037
S21400F430DFFF00221146104615F0AEFA94F87E0063
S21400F440002117F049FF0120C6E75B001A4102F0D1
S21400F45003022532CFE702461946002001F06AFA79
S21400F460D7E700BFB02100201F4B2DE9F04104462E
S21400F4701860006C1CF0D0F801462046FFF730FFFD
S21400F480A38D1A4E03F01403142B0CBF0022226C1B
S21400F490B36820461A60FFF791FFFFF713FF144B7F
S21400F4A0051E144808BF184601F040F963696768EE
S21400F4B003F0100817F099FE6D000346627EE8B26E
S21400F4C0B8F1000F03D1FF1AB7F59B7F07D5114699
S21400F4D000F0F6FFB068BDE8F04100F0C5BF616817
S21400F4E017F089FEF6E700BFC4230020B0210020F5
S21400F4F085F50000D1F7000070B50546FFF7E2FE7F
S21400F500104B041E104808BF184601F00FF9284695
S21400F510FFF754FF0D4E054660B133686000597E14
S21400F52000F0FE0000F0CCFFBDE87040084B986885
S21400F53000F09ABF01F0FAF829463068BDE870403E
S21400F540FCF7E4BD85F50000D1F70000C4230020D9
S21400F550B0210020034610B5094C052B20680AD0C0
S21400F560062B0CD1002001F0E1F820680121BDE84F
S21400F5701040FCF7CBBDBDE81040FFF7BDBF10BD87
S21400F580C4230020032803D1024B1868FFF7B4BF3A
S21400F590FFF7E0BFC42300200C4B032810B51C68FF
S21400F5A00FD1206C1CF038F801462046FFF798FE75
S21400F5B0074B226C9B682046BDE810401A60FFF798
S21400F5C09BBFBDE81040FFF7C5BF00BFC4230020A7
S21400F5D0B02100202DE9F8438B7906460C33CC1871
S21400F5E02379DA0703D44FF0FF30BDE8F883E77AD3
S21400F5F0252FF8D83C4B9A6893790C33D118D35CF6
S21400F600A27AC3F38013B3EBD21FECD1056A0622AD
S21400F610EB064CBF0231043104F112001BF007FB6D
S21400F6200028E0D194F80A9015F0E8F905F4C045F2
S21400F63080F001032A1EC9F3801904F10C08414624
S21400F64018BF01224846DBB217F0DFFD014658B16D
S21400F650A37A03F00F03032B16D1336A9807C2D59B
S21400F6600C2FC0D10320C0E715F0CEF90028BAD180
S21400F670A37A03F00F03002DEDD0032B85F4C045CD
S21400F68013D1A904AFD5E8E7052BACD1306AC20781
S21400F690A9D500F01403142B0CD004F1180017F0B1
S21400F6A022FD00289FD005209FE7052B9BD16B04E9
S21400F6B0ECD498E706F12E052946C0F3802015F015
S21400F6C094F90028E9D1A27A336AC2F38012C3F310
S21400F6D080239A4287D10622294640461BF0A7FA85
S21400F6E00028DAD07FE700BFB02100202DE9F74FD1
S21400F6F000244FF0FF31074601A8019400F0B4FC47
S21400F700019949B13846FFF765FF032806D005285A
S21400F7104BD001A81BF0FBFE01203FE0DFF8A880DD
S21400F720284801F003F8D8F800302046597E00F04B
S21400F730EBFED8F800B0DFF89490DBF84400D9F878
S21400F74008601BF069FFB47905460C34335D06EBA0
S21400F750040A03F0400343F0040333550AF10201A0
S21400F760584617F08FFD335D002D60F38613335532
S21400F770D8F80030D9F808005B6CA4BF06358AF8C4
S21400F7800150036000F070FED8F800301B6ADB04FE
S21400F79007D53846019915F0CDFB002003B0BDE82B
S21400F7A0F08F01A81BF0B3FEF7E7019800F012FDFA
S21400F7B03846019915F067FB0028ADD0204600F0CA
S21400F7C0B5FFEAE799F50000C4230020B021002029
S21400F7D00E4A032810B5146805D0042809D0BDE8E1
S21400F7E01040FFF7B7BE617E0120BDE8104000F074
S21400F7F023BE2046FFF77AFF30B100F029FF2046EF
S21400F800BDE81040FFF778BE10BD00BFC42300203F
S21400F81038B50D460446002000F088FF00F018FFBB
S21400F82029462046FCF7BCFF0022014B1A6038BD73
S21400F830C82300200123074A03FA00F002F114034C
S21400F84053E8003F034302F1140C4CE80031002952
S21400F850F4D17047C8210020F8B5244F05467B69CF
S21400F8600C4613F4C07F03D099063BD401200CE06D
S21400F87039B15A0705D4D5F8A43013B90820FFF7D4
S21400F880D9FF7B699B0601D50020F8BD7B7FAE6A59
S21400F890022B06F0080604D916B114B90220F4E7C4
S21400F8A0E4B995F8921095F83701063100F00F008C
S21400F8B000F054FA85B20EB904B16D00FFF76CFB88
S21400F8C0A8420DDB7B6913F01C0FDDD11EB1002CA6
S21400F8D0DAD10520D9E7002CFBD1D5E70320D4E701
S21400F8E00420D2E7002CCFD0C3E700BFC8210020F9
S21400F8F038B50446114D4FF480616B69283043F4E7
S21400F90000736B6117F020FC0121204615F0D8FB30
S21400F91000212046FFF7A0FF014620B12046BDE8A3
S21400F9203840FFF775BF6869617E80F48070C0F369
S21400F9300020BDE8384000F07FBD00BFC821002091
S21400F94038B504460B4B186000F5947000F050FD77
S21400F9502046FCF7F1FEC4B2204615F029F805460D
S21400F960204615F027F829460246022015F014F81E
S21400F97038BD00BFC823002008B5002000F0D6FE22
S21400F98000F066FE0022014B1A6008BDC823002066
S21400F99010B50446FFF7D4FF064800F0C7FE6168BE
S21400F9A0226C637E1120BDE8104001EB920200F04D
S21400F9B0F1BD00BF81FC00003F4B37B51C6800233B
S21400F9C0A26A01935005D4F8A03012D504F1A40021
S21400F9D001931BF0BAFDC4F8A00050B194F846316C
S21400F9E04FF48061013B84F8463104F1280017F09B
S21400F9F0ABFBD4F8A0500DB9304B9D6894F9463156
S21400FA00022B0DDCD4F8A83013B1A36AD90502D5B1
S21400FA10D4F8AC3023B14FF480512046FCF7A2FE58
S21400FA20D4F8A410A36A002914BF01210021AA79E2
S21400FA304FEA830302F10C0203F00C0343EA0113BE
S21400FA40A95C21F01C0143EA0103AB540DD11B4A0B
S21400FA5002F1140353E8003F23F0080302F11400F8
S21400FA6040E800310029F3D102E00320FFF7E2FE70
S21400FA70284600F0F9FC019B53B15B7903F00A03BA
S21400FA80082B02D12046FDF771F901A81BF03FFDB7
S21400FA906B799A070ED5A36A1B040BD50820FFF7CF
S21400FAA0C9FE4FF4004104F1280003B0BDE8304021
S21400FAB017F04ABB03B030BDC8230020C821002081
S21400FAC000232DE9F04385B00446032103A80393E1
S21400FAD000F0CAFA039D35B9F4212046FFF798FED8
S21400FAE005B0BDE8F083AB79644F0C331D442A792A
S21400FAF07B69D6074ED4DD064CBF07200420FFF7EF
S21400FB0099FE002601212046FFF7A6FE054650B9BD
S21400FB107869617E80F48070C0F30020400000F0B9
S21400FB20F3FCFFF749FF039800F054FBDDF80C8068
S21400FB307A6998F80630510603F10C0308EB0309BE
S21400FB4015D458F8033006203B61FFF773FEA36A0E
S21400FB501A060CD404F1280252E8003F43F0800352
S21400FB6042E800310029F7D10120FFF763FE49463D
S21400FB70204615F0ABFA99F80430DB077BD5002E4B
S21400FB8052D11DB129462046FFF742FE03A800F0D9
S21400FB9045F9A5E7012023F010037B61FFF74AFE35
S21400FBA0AE7AF0062FD50220FFF744FEA36AAA7AA3
S21400FBB083F00203C2F38002C3F340039A422FD1BC
S21400FBC04FF4006104F1280017F0BEFA50E8002F49
S21400FBD042F4806240E80023002BF7D1A26A82F04C
S21400FBE00202A2627B77AA7AA36AC2F3C00203F07B
S21400FBF001018A4285D183F0010316F0030618BF7F
S21400FC000126A3627EE707F1140353E8003F23F0C2
S21400FC10040307F1140141E80032002AF3D1C5E7D6
S21400FC207B7F0133DBB2DDE72046FCF785FDC0B203
S21400FC3014F0BEFE06462046FCF77EFDCDF8048096
S21400FC40A38F82B2009331460023022014F0ACFE4C
S21400FC504FF0FF3103A800F007FA03998B790B44A5
S21400FC60DB7D002B8DD02046FDF79EF8002D3FF45F
S21400FC7037AF294631E7002E83D0E9E7C8210020B8
S21400FC8008B50346114A042B10680BD002D8032B84
S21400FC9018D008BD053B012BFBD8BDE80840F12174
S21400FCA0FFF7B6BDFFF70CFF094A02F1140353E84D
S21400FCB0003F23F0200302F1140040E80031002941
S21400FCC0F3D1E6E7BDE80840FFF712BEC8230020E0
S21400FCD0C8210020164B033810B51C68032818D816
S21400FCE0DFE800F00702181E2046BDE81040FFF7C8
S21400FCF0E7BE2046FFF7FCFD0E4A02F1140353E868
S21400FD00003F23F0200302F1140040E800310029F0
S21400FD10F3D110BDF1212046BDE81040FFF778BDB5
S21400FD204FF4806104F1280017F00EFAF221F2E792
S21400FD30C8230020C821002010B50446FFF700FEA7
S21400FD40054800F0F3FCFFF737FE627E616802208C
S21400FD50BDE8104017F04FBAD5FC0000064B10B5B2
S21400FD605B690C4610B101F035F8034618795B88DC
S21400FD7004FB003010BD00BF58120020084B10B521
S21400FD805B690C4610B101F025F803465A88A2427A
S21400FD903DBF1B79A41AB4FBF3F0002010BD00BFD2
S21400FDA0581200200138C0B203289ABF014B185CD5
S21400FDB000207047D6C602008BB200294FF00A0119
S21400FDC0B4BF053B05331BB293FBF1F3014A108029
S21400FDD093707047242D0020024B9B78C01A40B2C7
S21400FDE0704700BF242D0020024B1B88C01A00B2AB
S21400FDF0704700BF242D0020074B186840F20D13F3
S21400FE0038B9002BC1BF45224433B3FBF2F0C0B271
S21400FE1070470068453BF3E7581200202DE9F04193
S21400FE20064611F091F80746FFF7E6FF354604460A
S21400FE30286818B16CB928461BF069FB31680A4877
S21400FE401BF0F5FB384611F08FF800233360BDE851
S21400FE50F081D0F800801BF0BBFC2B68013CC3F897
S21400FE6000802D68E4B2E3E758120020024BDB6BFB
S21400FE7003B11847FFF7FEB958120020C04310B56B
S21400FE80054A131D53E8003F0340141D44E80031A3
S21400FE900029F6D110BD00BF5812002010B5054A43
S21400FEA0131D53E8003F0343141D44E800310029A6
S21400FEB0F6D110BD58120020F8B516461C46074667
S21400FEC01946104617F086F932462346384617F08C
S21400FED086F9434DD5E9062300EA020401EA030643
S21400FEE054EA060313D0670104F0806010D56B68EF
S21400FEF0180623D43B4B234093BB3B4B06F0200213
S21400FF002340134356D12046314617F05FF9F8BD1B
S21400FF10A4F1080333431CD1EB7A012B42D16B6862
S21400FF20D90743D50323EB7204206B8C01336B8413
S21400FF30FFF79CFF012017F04EF9E4E72B1D53E86E
S21400FF40003F23F08003291D41E80032002AF5D146
S21400FF50DDE7A4F10C03334317D117F03CF9DBE7D8
S21400FF6024F0011323F4A0433343C6D1EB7A012BCC
S21400FF7018D140F201436A680520934314BF00235A
S21400FF800323EB72FFF772FFBDE7231F334302D153
S21400FF9017F022F9B7E704F17F433343AAD1EB7A8F
S21400FFA0022B0FD0042017F0FBF8ACE713F4006325
S21400FFB0BAD1B8E70420FFF771FF4FF0006001F0F8
S21400FFC031F9A0E76B689A0706D50423EB722B8CF1
S21400FFD0032001332B84ABE713F02003F7D1F5E7BA
S21400FFE058120020015001000DD50155014B986AAA
S21400FFF0704700BF5812002010B5064CA06A1AF0D1
S21401000094F828B9A06A1AF092F800F0010010BD21
S2140100100120FAE758120020014B986A1AF089B8B5
S21401002058120020024B5868C0F34020704700BFAA
S2140100305812002010B504464FF40070FFF71EFF5B
S214010040084B986A1AF077F838B10CB9002010BD41
S2140100504FF40070FFF722FFF8E7002CF6D00C20D3
S214010060F5E700BF581200202DE9F04F0468064658
S2140100708846574D89B0002C48D02046A7791BF0FA
S214010080CBFA0C3727443C890A38B8F1FF3FA4EB7A
S214010090000402D04445A8BF4446B5F83890B0EBFA
S2140100A0090713D4002C0EDD6D6B36683D44FF2C1A
S2140100B0224629463046A8BFFF221BF00BFA241A17
S2140100C036680544F3D109B0BDE8F08FA9EB000905
S2140100D0A145A8BFA146296BC846D6F800A001EBEA
S2140100E0000BB9F1000F0DD04246FF2A5946504683
S2140100F0A8BFFF221BF0EEF9B8EB0008DAF800A063
S2140101008344F1D1A4EB09044F44CBE70321A86A49
S21401011003AA19F067FFBDF80E70A14602940A37CC
S21401012002ACE86209E023601B682B602368C3F811
S21401013000902368002F1C4611DD2B68453F002BDD
S214010140F1D101201BF050FB034620600028F1D1BD
S214010150019002A81BF0DBF9019B3360B3E72B1D6E
S21401016053E8003F43F008032A1D42E80034002C00
S214010170F5D14FF0006001F055F80298BDF8102057
S21401018043790A2143F001034371069B30606B6398
S214010190059B2A872B638379BDF80E200C33034415
S2140101A01C711A812A7ADC719A719DF80C20072A33
S2140101B00BBF0122AB8C1A7101331FBFAB846B8C52
S2140101C003F1FF336B841BF079F9346855E700BF00
S2140101D0581200202DE9F041877905460C37C419DD
S2140101E0237986B013F002081BD1174E43F00203A1
S2140101F023716A46D6E90A0119F0F8FE2389694691
S2140102000333B06AADF8043019F0F2FE009B9DF995
S2140102100E00EB51FFF7E0FD6071B37A022B03D8B5
S214010220E37106B0BDE8F0819DF81130012B04D0D2
S214010230022B04D02BB90423F2E70323F0E70123B2
S214010240EEE784F80780ECE75812002037B5124B2A
S21401025000F00F041B88012CADF8043015D0022CD9
S21401026015D18DF8044042F222000C4D6B68034014
S214010270A3420ED0FFF702FE2046FFF70FFEA86A44
S21401028001A919F03AFE03B030BD2024EBE70024A3
S214010290E9E70020F7E700BF00C702005812002078
S2140102A02DE9F0430223164600258846134F85B0F4
S2140102B08146B86AFB72CDE9025506F00BFB304663
S2140102C0CDF808808DF80C5016F082FF00902A4673
S2140102D0797AB86A02AB06F039FB044650B948464B
S2140102E0FFF7B4FF334604462A46012140463E73D3
S2140102F016F06AFF204605B0BDE8F08358120020CC
S21401030037B5144B00F00F041B88012CADF80430F0
S21401031014D0022C16D0002441F601000E4D6B6855
S2140103200340A34213D0FFF7A9FD2046FFF7B6FD11
S214010330A86A01A919F0F7FD03B030BD04238DF8B2
S2140103400430E9E78DF804404FF40064E4E7002048
S214010350F2E700BF00C7020058120020002210B5C5
S214010360084C1046114616F02EFFA06A06F0B2FAA7
S21401037016F034FF20461BF0CAF8BDE810400820EE
S214010380FFF77CBD58120020014B986A19F00FBF89
S2140103905812002038B5154C0546A37A834210D072
S2140103A0431E042B08D8DFE803F0030D11161800CE
S2140103B0A06A06F0D9FE20B92846A57200F00AFD0B
S2140103C0606138BDA06A16F012FFF4E70121A06A49
S2140103D016F00FFFEFE70321F9E7FFF723FE0028EA
S2140103E0EAD0A06AFFF7D0FFE5E700BF5812002069
S2140103F073B50446408900F0FDFA0E4DA07B002639
S214010400287216F0B8FE6872E07B00F00F00FFF766
S214010410C1FF0096A37BD4E90021A86A19F0EBFE80
S21401042032463146304614F0B7FA206816F0D5FE4B
S21401043002B070BD5812002038B50123094D0C4694
S214010440EB72FFF75DFF10B1042016F0A9FE2B7BBF
S214010450A34204D922460021012016F0B4FE14F06E
S2140104609CFA38BD58120020F8B5044614F096FAE6
S2140104700746A179E279114E521A0C310123B06A6E
S214010480D2B2214419F0A8FDE579A379ED1A57FAFD
S21401049085F524680CB93561F8BDA179E2790023A8
S2140104A0521A0C31D2B2B06A214419F095FDE379A3
S2140104B0A2799B1A55FA83F5EBE700BF5812002084
S2140104C0F8B502230F4E0D46F372FFF7BFFE044642
S2140104D020B1BDE8F840042016F062BE284616F0AA
S2140104E077FE07462A4621460120357316F06BFE35
S2140104F03B462246717AB06A06F01AFA0028E8D11D
S214010500F8BD00BF5812002038B50223084D0C462E
S214010510EB72FFF79BFE10B1042016F041FE2B7B19
S214010520A34204D922460021012016F04CFE38BD14
S21401053058120020014B587B704700BF581200200C
S21401054068B1084B194653F8042F0AB18242FAD211
S2140105505B1A9B10013BDBB2034A537370470123BE
S214010560FAE700BFDCC602005812002010B5084C9E
S214010570606810F480700AD0A06A19F04AFD30B99C
S2140105800121A06A19F043FD80F00100C0B210BD40
S214010590581200202DE9F0434FF0010985B0254D92
S2140105A004460F4690460021102268461E4685F8EE
S2140105B00B901AF066FBA86A06F08CF90023E20697
S2140105C000978DF80430CDF8088005D56B691B8837
S2140105D08DF80D9043440293002330468DF80C307D
S2140105E0C4F340138DF80E3016F0F2FD6A4603464A
S2140105F0697AA86A06F0B6F928B1042016F0D0FD8B
S21401060005B0BDE8F0832046FFF77AFE33460121A8
S214010610C4F38012804638462E7316F0D5FD14F0CA
S214010620BCF9230601D5FFF7A1FFB8F1000FE4D10D
S214010630E6E700BF58120020044B5A68D20503D5DE
S2140106400021986A19F0E3BC704700BF58120020D9
S21401065038B5114CE37A23B100221146104616F044
S214010660B2FD00252846E57216F0B5FDA06A012206
S214010670032119F0D1FB2A46A06A012119F0BAFC20
S214010680FFF7DAFF8020FFF7F9FBBDE838404FF4AB
S2140106904050FFF703BC00BF5812002008B5FFF713
S2140106A0D7FF044A0620D38C0133D384BDE8084023
S2140106B0FFF7DCBB58120020F8B51B4D6B685907D5
S2140106C004D50420FFF7DAFBFFF7E8FF6B681A078B
S2140106D00FD510F039FC0646FFF78EFB0446124F85
S2140106E024B101201BF080F80146A8B9304610F06D
S2140106F03BFC6B68DB0615D51020FFF7BFFB00F04F
S2140107007BFB78B110F020FC0446FFF7C7FF2046BC
S214010710BDE8F84010F028BC3846013C1AF091FFBD
S214010720E4B2DDE7F8BD00BF58120020014BD863E4
S214010730704700BF5812002073B50F4B04469B7DCF
S2140107400E4EFF2B15D10023ADF804000DF1030268
S214010750B06A01A98DF8033006F0D0FC9DF803506D
S21401076022462946B06AF5F771FE40EA052002B036
S21401077070BD034B1D78F3E7242D0020581200208E
S2140107801E2D0020044BC2B2C0F30721986A82B026
S21401079002B0F5F76DBF00BF5812002010B50D4C22
S2140107A00021A06A19F08FFB0B49A06A19F0E9FB3A
S2140107B0FE21A06A19F0D3FBA06A06F0B9FA074B2E
S2140107C0B3F910208242C8BF18821A8A9A805A8AC0
S2140107D0DA8010BD581200201E2D0020242D002086
S2140107E0F0B585B0ADF80210ADF8042069464FF0BB
S2140107F0C812ADF806304FF08213ADF80000CDE90F
S214010800022304200B460C4C02ADB4F91070B1F96A
S214010810002035F9026BBA42A8BF3A46B242A8BFD9
S2140108203246013821F8022BF1D103CB034BA060ED
S214010830596005B0F0BD00BF242D00202C2D0020EE
S21401084073B50546F5F7F8FF314E0368314C336052
S2140108508388FF2DB3804FF00003A3702380337885
S21401086018BF1D46A5752C4D8DF801300DF10303FB
S214010870A86A0DF102020DF1010119F051FC9DF873
S214010880013040B90133DBB20D2B8DF80130EDD9C3
S214010890012002B070BDA27DFF2A00D0A3758DF89D
S2140108A0053033709DF802308DF804300198FFF75B
S2140108B069FFC828A8BFC8209DF8033020828DF89C
S2140108C004300198FFF75EFF144B9842B8BF1846F4
S2140108D06082B4F91000FFF72FFFADF8040001980D
S2140108E0FFF750FF2082B4F91200FFF725FFADF89D
S2140108F004000198FFF746FF4FF6FF73A3826423B7
S21401090060821A4618461946FFF76AFF0020C0E7BC
S2140109101E2D0020242D0020581200200CFEFFFF63
S2140109200346034AB2F906000BB1FFF75DBA7047FA
S214010930242D0020084B10B5B3F9044030B903EB61
S2140109404103B3F906309C42A8BF1C46A242A8BF89
S2140109502246104610BD00BF242D0020014BB3F9DE
S21401096012007047242D0020014BB3F91000704788
S214010970242D002073B5064610F0E6FA0C4D044609
S214010980B5F91200B5F91030B042B8BF30469842FA
S214010990A8BF1846FFF7D0FEADF804000198FFF790
S2140109A0F1FEE880204602B0BDE8704010F0DCBAE7
S2140109B0242D002073B5064610F0C6FA0C4D0446E9
S2140109C0B5F91000B5F91230B042A8BF30469842CA
S2140109D0B8BF1846FFF7B0FEADF804000198FFF760
S2140109E0D1FEA880204602B0BDE8704010F0BCBA27
S2140109F0242D0020F0B5C0F3072585B0FE2DADF8F7
S214010A00040027D09DF8047010F09EFA124C06469A
S214010A10637DAB420ED0114B02A918689B880290E9
S214010A20ADF80C300E4B8DF80850986A19F0A9FAFB
S214010A30FF232375237DBB4206D0094B3946986AAE
S214010A4019F08DFA27756575304605B0BDE8F0409A
S214010A5010F08ABA05B0F0BD242D00201E2D00200E
S214010A60581200202DE9F04707460E461446DFF8D7
S214010A70409086B00DF10808A9F1100A3A46802187
S214010A805046CDE900980A4BF6F7C8FC0028F5D188
S214010A90102C254628BF102530462A4641461AF016
S214010AA009F9641B2F442E44E8D106B0BDE8F0874F
S214010AB0B22D002030B589B020226946FFF7D2FF5B
S214010AC06A460C4D04AB144603CC9C422860696010
S214010AD0224605F10805F6D1074C08AD1A4603CAA9
S214010AE0AA4220606160134604F10804F6D109B0F9
S214010AF030BD00BFA22D0020B22D002010B588B059
S214010B00694620200FF07EFA044630B96846FFF7A2
S214010B10D1FF0122024B83F82020204608B010BDE9
S214010B20A22D002070B5134B054693F820300C46D5
S214010B308CB00BB9FFF7E2FF0023CDE90033CDE916
S214010B40023354B91C22214605A804941AF099F8D8
S214010B5004A8FFF7AFFF0CB070BD102C264628BFC7
S214010B601026294632466846FFF77CFF3544A41B0B
S214010B70E7E700BFA22D0020174B2DE9F047D3F879
S214010B80048098FAA8F4B4FA84F406460F464FF0A7
S214010B90010A1D6804EB440293F8089005EB8205F0
S214010BA04C4504DB4FF0FF342046BDE8F0870AFAD7
S214010BB004F313EA080F0BD0AB6803F00103B3424A
S214010BC006D10622294638461AF031F80028EBD01D
S214010BD001340C35E4E700BFEC2500200022014B70
S214010BE05A607047EC250020F8B5044624EAE47400
S214010BF010F0AAF9202CA8BF2024104D06462B7A07
S214010C00A34205D10024304610F0AEF92046F8BDC7
S214010C10002728682C726F6010B10FF0D3F92F608F
S214010C202B7A002BEED00C2060430FF0ADF9286034
S214010C300028E7D107242872E5E700BFEC2500204D
S214010C40044BD3F8012002605B7903F01F030371A4
S214010C50704700BFC32D0020244BF0B5002918BFF4
S214010C600B4614460021012512688BB0C3F80120FB
S214010C70227919705A71C1F3C402A65C01F0070209
S214010C8005FA02F21642CFB207D01A7802F1280608
S214010C906E44013206F8287C1A7001312529EAD102
S214010CA01A7828B16946981D1AF004F80BB0F0BD01
S214010CB0002AFBD001260533C0F3C405675D00F0AA
S214010CC0070506FA05F52F42C1B208D1B1FBF2F5C8
S214010CD002FB15110AAD55FA81F111F8281C0130F5
S214010CE0252803F8011FE7D1E0E700BFC32D002048
S214010CF0034B002818BF03460B449879704700BF82
S214010D00C32D0020224B10B5002814BF84469C46F4
S214010D104FF0010E82EA124290B280EA010393FA82
S214010D20A3F31BBA9BB203EB031303449BB293FAE0
S214010D30A3F31BBA9BB203EB031303449BB293FAD0
S214010D40A3F31BBA9BB203EB031303445840114CA5
S214010D5082B2A4FB0234131B04EB5304630903EBB6
S214010D60C30103EB8103D31AC3F3C401D8B26144B0
S214010D7003F007030EFA03FE4B7813EA0E0F01BFCA
S214010D809CF8003053430CEB134C9CF8060010BD46
S214010D90C32D00204D91CFBA064B074A01201A6099
S214010DA0064B074A1A60074B074A1A60074B084A60
S214010DB01A607047002200202F730200FC210020D9
S214010DC067730200F82100202D730200F421002031
S214010DD069730200052808BF03200622024B01386A
S214010DE002FB0030704700BF02C70200014B186EBD
S214010DF080B2704700C001B80A4BD86800F0706036
S214010E00B0F1106F0CD008D8B0F1E06F08D0B0F197
S214010E10006F14BF002001207047B0F1406FF8E763
S214010E2001207047000002B8431C07B5014606D0F2
S214010E300023044ACDE90033034812F03AF903B01F
S214010E405DF804FB117402001427002070B50E46ED
S214010E501546044618B302F00DF910B3236813F4CF
S214010E60807F18BF0122104B18BF1A700F4A1B78DB
S214010E7014600F4A16600F4A15601BB917F0CAF9BD
S214010E8002F0E2F80FF074F801F09CFF0A4B0B48F1
S214010E90197801F0A3FFBDE8704001F02FBD2120B5
S214010EA070BD40F20440FBE7EF2D00200026002035
S214010EB0FC250020F8250020602E002089FF010077
S214010EC02DE9F04186B00FF027F88A4B8A4D1A7843
S214010ED011208A490EF050FE2B6851215A6854237E
S214010EE0B2FBF3F2002392B218460EF0DBFD044685
S214010EF0002840F0F1800EF099FE814B1968814B75
S214010F00186805F0ADF800F059F90446002840F0DD
S214010F10E3802B681C7F002C00F0B080102C28BFCB
S214010F2010241AF040FA621C81B200230820D2B2C3
S214010F300EF0B8FD0446002840F0CE800D20724A1F
S214010F4072490EF0E3FC0446002840F0C5800EF01E
S214010F5063FB0221322004AA00F0E8F928B94FF019
S214010F60FF30BDF8101019F035F86E4600233246F2
S214010F7006212C208DF8063000F0D8F958B93046F5
S214010F8016F0A4FF08B130287AD13C2000F0ECF925
S214010F902C2000F0E9F99DF80630190740F1818010
S214010FA096E80300ADF80C10090C02908DF80E10AF
S214010FB09DF8063013F0280F07D1DDE90201ADF8E0
S214010FC00410090C00908DF806102B68186900288B
S214010FD07CD12B68586900F037F92B6893F82220EA
S214010FE0D2077DD412F0BFF802A902460746286848
S214010FF016F012FA044600286ED106F057FA12F0DF
S21401100052FA0446002867D1012000F0CFF9404B80
S21401101018681AF0F9FC044600285DD117F01AFC8E
S214011020044602F0E1FA804616F07AFF414602468F
S214011030204615F0F0F9044600284DD12B681B68B0
S2140110409B050CD4B7F5FA7F09D90FF067FF01218C
S21401105007460846F8F7FEF938460FF06BFF2B688F
S2140110609A692C4B1A6016F021FA2B4B1860304601
S21401107000F05AFA29480EF043FC2DE0042450E70C
S21401108001213C2004AA00F051F940B99DF8103026
S214011090012B14BF492372238DF806307BE74923C1
S2140110A0FAE7F4F737FFCDE90401030C8DF80A30AF
S2140110B0BDF81530ADF80800ADF80B309DF81730C7
S2140110C08DF80D3049238DF80E3071E716F01DFEB0
S2140110D0044600283FF47DAF204606B0BDE8F08107
S2140110E093F8230017F097F800283FF47BAF40F2FF
S2140110F00C44F1E7602E00200026002089FF010045
S214011100A80B0020880B0020B1740200AD74020009
S214011110FC2500203827002034270020290E010056
S2140111200022032101481AF0E3B800BFC0270020BF
S214011130F8B5114816F077FFE0B916F0B7F90F4D7C
S2140111400D4E286006F10C07286816F075FE0EF0A5
S2140111509FFA0446304616F062FF10B938461AF078
S214011160D6F901F0EFFE08B9002CEDD1BDE8F84044
S21401117016F0D5BEF8BD00BFB80B002034270020FE
S21401118008B5054B1B782BB916F028F9B0FA80F094
S214011190400908BD0020FCE7EE2D0020012310B514
S2140111A0044C2370044B1B6803B19847002323703B
S2140111B010BD00BFEE2D0020382700200D4B9842B1
S2140111C00DD8023B984210D870B1023B98420ED01F
S2140111D020F0704020F4604000F590607047064BA8
S2140111E09842F5D140F21C4070472120704740F2EA
S2140111F01B4070470AE000F00BE000F04FF0805211
S214011200014B5A60704700BF00ED00E00023044A1E
S21401121052E8000F42E800310029F9D1FCF7D8BEA8
S21401122040270020064A52E8003F034342E80031C7
S2140112300029F8D1034B1B6803B11847704700BF5C
S214011240402700203C270020034B002814BF0246FD
S2140112501A46024B1A607047FD1101003C27002018
S21401126037B51C68E10705D516F0D9FD16491748AC
S2140112701AF046F8A20723D501F01AF8D0B9144D92
S21401128001900FF061FE044628461AF05EF90190BF
S21401129020460FF069FE019890B143799B070CD464
S2140112A001A802211AF0DCF9019800F0F1FF16F00E
S2140112B039FDE6E716F036FDDEE700F0DDFFF6E77E
S2140112C0002003B030BD00BFCC0B0020C02700209B
S2140112D04427002008B505480EF0AAF9044B012161
S2140112E01870BDE808400EF0B3B900BFDC0B002053
S2140112F0F02D002038B5044648B10FF025FE05460E
S214011300214608481AF093F928460FF02DFE064BA1
S214011310022193F900000EF09BF9BDE83840FFF773
S2140113203DBF00BF44270020F02D0020F8B50C4B30
S2140113300C4F04460E4638681968154604F090FEB0
S214011340FFF73CFF50B933462A46386844F48021FB
S21401135004F0AAFFBDE8F840FFF730BFF8BD00BFB4
S214011360A80B0020880B002038B50A4B0A4D04460E
S2140113701968286804F074FEFFF720FF40B9286852
S21401138044F4802105F076F8BDE83840FFF716BF33
S21401139038BD00BFA80B0020880B00200149024879
S2140113A019F0AEBFEC0B0020C027002010220A4B1C
S2140113B02821DA826422C3E906124FF6FF721A84E4
S2140113C002225A60002283F82B200F2283F82D0078
S2140113D083F82C20704700BF4827002038B516F048
S2140113E06CF840B9094B48241A6893F82A1003464A
S2140113F02432994200DC38BD04FB03F55559ED064D
S21401140001D40133F5E70120F5E700BF48270020A6
S21401141038B5104C94F82B30D3B1626812F0010540
S21401142016D104F1080016F0D1FCFFF7D7FF78B10A
S2140114304EF6602294F82C304FF4827153430648DE
S2140114402A460EF087FA18B9636843F00103636011
S21401145038BD00BF48270020C027002022F00042E8
S214011460052A10B50DD0B2F5827F13D0032A06D116
S214011470114A536823F00203536000F01FF800205E
S21401148010BD0D4A1B88118D9942F8D10023138592
S2140114900120F5E7084B5A6893F82B4022F0010229
S2140114A0012C5A60F4D102F04DF9FFF7B1FF204646
S2140114B000F01EF8ECE700BF4827002010B50B4CE3
S2140114C063685A0701D4002010BD00F021F8837923
S2140114D01B0708D500F048FE0028F5D1636823F005
S2140114E004036360EFE700F023FEF5E748270020DA
S2140114F008B5044A536843F004035360FFF7DEFF60
S21401150008BD00BF48270020004870475727002025
S214011510044890F82B1000F10F020830012918BF7B
S2140115201046704748270020F0B48279034612F02F
S214011530280F26D00025144A016892F82A60C2F8BE
S2140115400F108188A2F81310817951751168AE4287
S21401155007DCF0BC5368032043F004035360FFF735
S214011560C7BF4C6A14F4404F08D1186844F0080409
S21401157008609F8898798F8088714C620135483160
S214011580E5E72120F0BC7047482700204379024A4E
S2140115909B09D05C704700BF2AC702000B6810B5D4
S2140115A003608B88FF2A0446838002D10723A37138
S2140115B009E0032A08D8054B9B5C072B837102D1EF
S2140115C0FFF7E4FFA07110BD0023F0E72EC702006D
S2140115D08379024A03F00703D05C704722C70200F2
S2140115E010B582798B79094C02F0070203F00703E4
S2140115F0A25CE35C9A4206D1062219F018FBB0FA07
S21401160080F0400910BD0020FCE700BF1AC70200A9
S2140116107FB5134B0E46054604460393A0B117F05B
S21401162012FA78B900223146204617F041FB02280B
S21401163007D10123314600932046042303AA15F05F
S214011640E0FF0DB104B070BD204617F0CBF904469B
S2140116500028F7D017F0F7F90028F5D1E2E700BF28
S2140116600100FFFF2DE9F04F97B08346099117F06F
S21401167036F9099883790C33C45CC51819F0CCFF88
S2140116801E2C0646099F24D8012C26D9C54BE340BB
S214011690DA0722D5384697F8068019F0BDFFBBF861
S2140116A00A2083B29A4228D214F0010240F0A180A7
S2140116B004F07F03522B00F09C801E2C00F09980D2
S2140116C0099B214600935846042316F053FE212415
S2140116D00CE004F07F03522BDCD0214606230022C7
S2140116E05846009716F046FE41F20614584617F083
S2140116F0FBF8204617B0BDE8F08F47443A7B013B24
S2140117001E2A9BB242D8012ACED9023A1C2ACBD82D
S21401171001A151F822F000BFA9170100A916010086
S214011720AD170100A9160100A3170100A9160100B3
S21401173099170100A9160100A9170100A9160100B1
S214011740AD170100A9160100B1170100A916010085
S21401175099170100A9160100DF170100A91601005B
S214011760A9160100A9160100E3170100A916010038
S214011770E7170100A9160100A9160100A916010024
S214011780A9160100A9160100EB170100522A26D05E
S214011790D22A89D10D2B05E0062B0FD0142B83D12D
S2140117A00CE0052B80D909E0022BF8E7042BF6E7BD
S2140117B0032B7FF679AFDB073FF576AF022C00F0FF
S2140117C0F380DBF800309B689F0516D40BF14400CC
S2140117D019F09DFE099BCBF84430002486E7012BC7
S2140117E0E0E7032BDEE7012BD9E7002B7FF45CAFA4
S2140117F0E4E709A819F08BFE69E71E2C584600F0AD
S214011800918317F020F90746002840F08280584659
S21401181017F014F900287CD004F07F03522B00F057
S214011820BC80082C68D1B6B2152E14BF0220102039
S214011830691D17F0EEF800285ED0DBF81430D807E3
S2140118404BBF23F0010343F00103394601215846FB
S2140118504CBFCBF81430CBF8143017F00BF90998BD
S2140118600D9016F0F7FC0446B0F80180B0F803902E
S2140118700D9819F0D1FE152814BF02251025053440
S2140118802146284602F0A6FE21460390284617F078
S214011890C0F80490B8F1000F00F04381C84500F28B
S2140118A04081022109200D9A16F0F5FCBBF80A705A
S2140118B08246023FBFB23E4640464FF0FF3549469C
S2140118C0039A17F0A7FB0446002800F06C8117F076
S2140118D074F9002800F0848101222146584617F049
S2140118E016FA03468DF82E00002800F01F810D9A87
S2140118F0009222460821A3E0DBF8143013F001061B
S2140119003CD023F0010300215846CBF8143017F0E1
S214011910B1F81E2C63D8032C66D9231F142B63D869
S21401192001A252F823F000BFF71B0100E9190100DC
S214011930E71C0100E91901005F180100E91901001F
S214011940CD1D0100E9190100EB1D0100E919010097
S214011950011E0100E9190100F5190100E91901004C
S214011960F51E0100E9190100E9190100E919010054
S214011970111F0100E91901001B1F010043F00103BB
S21401198001215846CBF8143017F074F8122332466A
S21401199021465846009616F0EDFC09A819F0B7FD49
S2140119A01BE700BF54554541099DBA4C284616F021
S2140119B051FC2188B0F801602A46584616F0EFFC23
S2140119C02388BBF80A10B34228BF3346172BB8BF8B
S2140119D017235846ABF80A3016F06DFFFDE6522C79
S2140119E000F08F82D22CD8D0099B0022009321468A
S2140119F0062325E0099F384616F02CFC0546B0F86C
S214011A000180B0F803A0384619F006FE15280CBF71
S214011A1020460220691D02F0DDFDB5F80530049070
S214011A200793B8F1000F07D0D04505D817F049FC49
S214011A3050B91023009701E0012300974246102178
S214011A40584616F097FCC8E63A460221112016F0D1
S214011A5022FC44464FF0FF35BBF80A3005909E1E27
S214011A600393063B9BB2B6B2089351462046049AAE
S214011A7017F0D0FA814668B35146079A17F017FB5C
S214011A800446484617F099F840B94FF6FF739C4252
S214011A9001D00134A4B25445E7D91BE04FF000034E
S214011AA00DAAADF8343049460CAB584617F0CCF9C0
S214011AB0039ABDF83430053A9A42089A0690D8BF80
S214011AC01346002DADF8343009DB9D4202D1EB1CE4
S214011AD0B34208DB691C1CD10A230097AEE7351F09
S214011AE09D42A8BF1D46042211A93846ADF8449070
S214011AF0ADF8464019F023FF2A463846069919F0F4
S214011B001EFF4FF6FF73043E761B9C42B6B2C0D151
S214011B10E0E73946059B04355D70584601F004FC44
S214011B205BE60D9B009301234246E3E6049B13B15B
S214011B30204617F026F8204617F057F8D8B1002DA2
S214011B4054DC0DA819F0E3FC082358468BF81C302A
S214011B5050F80C2B40F2025192F870208DF8483064
S214011B6000238DF8442011AAADF84640ADF84A305E
S214011B7019F002FC31E6ADF844000DF12E032146C2
S214011B80584611AA17F060F9BDF844300590BB42DB
S214011B9028BF3B46002DADF844300ADBAB4202D1EC
S214011BA06B1CB34209DB6A1C0D9B1FD100930A23F1
S214011BB0BAE7B51E9D42A8BF1D4602220CA90D9884
S214011BC0ADF8304019F0BBFE2A4605990D9819F07C
S214011BD0B6FE4FF6FF73023E761B9C42B6B2E2D0CB
S214011BE0601C80B28145BFF46AAEDCE702350D9910
S214011BF08AF8015091E7DDF82490484616F02AFB52
S214011C00B0F80330B0F801800493B8F1000F43D068
S214011C10984541D84FF6FF774A460221052016F02F
S214011C203AFB4546BA46BBF80A400590023CA4B2C8
S214011C302946584617F0C9FA504506464BD04FF488
S214011C4000622946584617F062F800283ED1304611
S214011C5017F053FB00280CBF0223102357450393AC
S214011C6020D0304617F049FB0690384617F045FB62
S214011C70069B834203D1039B0133A34213DB384601
S214011C8017F03BFB059B013019465870584616F075
S214011C905AFBA2E56C0E00200123CDF800904246C7
S214011CA00421CDE637460DF146013046ADF84450E5
S214011CB002F0E6FC039B48469A1C11A919F03FFE68
S214011CC0039B023CE41A5545A4B2D8D0049B0135C7
S214011CD0ADB2AB42ACD24FF6FF739F42CFD10A23CF
S214011CE0CDF80090DBE7DDF824900024484616F096
S214011CF0B1FAB0F80530B0F803A0B0F801600746B5
S214011D004846039319F088FCC51FADB2102D0C94FC
S214011D1058D82A46F91D0DA818F0CCFF002E53D02E
S214011D20564551D84A460121072016F0B4FAA04676
S214011D30074633460A249A45049307D93946BBF821
S214011D400A0016F08BFA0328049B04D8B8F1000F9A
S214011D501AD039469AE7ADF84430039B5846ADF899
S214011D6048300DAB13930BAA0DF12E0311A9ADF854
S214011D7046A0ADF8505017F0C6F90A280446E5D03B
S214011D80BDF82C3030B11E46234632460621CDF82A
S214011D90009055E6ADF83030BDF82E300CAAADF8FF
S214011DA0323039460423BBF80A0016F062FA4FF6C1
S214011DB0FF72BDF82E309342CBD001334FF00108AD
S214011DC09BB2B8E70424DFE70124DDE70A23099C78
S214011DD08BF81C30204616F03DFA23460022B0F858
S214011DE00110584615F0DDFCF7E4099C204616F074
S214011DF031FA0C238BF81C30B0F803202346EEE7AB
S214011E00DDF82480404616F025FA0546404619F0CE
S214011E1003FC0023441EBBF80AA08DF8343061D0C1
S214011E2014F001075ED120460EF0AEF806460028F3
S214011E305ED00AF1FF332246691C039318F03AFF7D
S214011E40424601210F2016F026FAB1460490002CD6
S214011E5004DC30460EF0B6F8049917E739F8025B51
S214011E6001222946584616F052FF023C8DF83400EE
S214011E7068B9284616F0C3FD10B1284616F081FE53
S214011E80284616F0B2FE60B180238DF83430304615
S214011E900EF098F82A460E219DF83430CDF80080D1
S214011EA0CEE529460DAB584611AA16F0CDFF9DF892
S214011EB034300146002BEAD1039BBDF84420DB1BDE
S214011EC09A42C2BF0AF1FF33DB1BADF844304046ED
S214011ED0BDF8442019F033FDBDF844309842B8D31C
S214011EE01F44B4E7042300258DF834302E46CEE790
S214011EF01123F8E75846099AB5F8011015F01BFDAD
S214011F006BE45846099AB5F8011015F06FFD64E4C4
S214011F105846099915F0A9FD5FE45846697815F009
S214011F200FFE3AE515F02CFE37E500BF7FB5174AE0
S214011F300646136842F6052023F00803136017F0DF
S214011F40A4F8054650B1684602F0FCF9002016F0E8
S214011F5049FD044620B92946FFF75AFB04B070BD77
S214011F601022684604F1210118F061FE38B1012102
S214011F70204616F07FFD636923F0010363611EB1FD
S214011F803146204617F052F92046E0E71C2800208B
S214011F9007B5837801916A46082104488DF8003018
S214011FA019F0EAF903B05DF804FB00BFC027002072
S214011FB00022054BC3E90322C3E905221A70DA6140
S214011FC04FF6FF725A8470479C270020014B186019
S214011FD0704700BF9827002082780D4B13B55A60D2
S214011FE0B0F8032091B2102910D040F60344A14264
S214011FF00CD041795B8C8DF80210ADF804200521D8
S2140120006A460448ADF8003019F0B6F902B010BDC2
S2140120109C270020C027002073B5837901900C33DC
S214012020C418C35C132B0ED8042B10D9053B0E2BFA
S2140120300DD8DFE803F01E0C0C1E0C0C0C0C0C1655
S2140120401A0C0C0C2300302B13D03E2B1BD0FBF7A5
S2140120508BFD019B834202D001A819F058FA02B009
S21401206070BD2046FFF7B8FFF1E7E2780E4B5A60E5
S214012070EDE7204601A901F0B5FEE8E7204601A9F3
S21401208015F051FFE3E70025084E019B3BB12046C2
S21401209056F8043B01A9013598470E2DF5D101A844
S2140120A019F035FAD3E700BF9C27002034C7020099
S2140120B007B500F0E7F820B103B05DF804EBFFF7D1
S2140120C0ABBF00F0EBF8019018B1054B1B681BB1D4
S2140120D0984703B05DF804FB01A819F018FAF8E771
S2140120E098270020024610B1022804D07047032129
S2140120F0024819F0FDB8FFF7DBBF00BFC02700207C
S214012100024B1A78024B53F8223018479C270020BE
S2140121106CC7020010B504460120FFF7F1FF034B20
S21401212000201C70BDE81040FFF7EABF9C27002086
S21401213010B50446062142F2050015F0F9FD2368A4
S214012140C0F80330A388A0F807300648FBF72EFD39
S21401215015F032FE407920B115F02EFE407940F49C
S214012160805010BD315D020010B5044606214FF6C1
S214012170284015F0DDFD2368C0F80330A388A0F8D9
S21401218007300648FBF712FD15F016FE407920B120
S21401219015F012FE407940F4805010BD15DC0000A9
S2140121A0014819F0D2B900BFAC27002040F6FF73F2
S2140121B02DE9F3410D46B0F86E100192994205D112
S2140121C001A819F0A4F902B0BDE8F0811146134642
S2140121D001229BBB1E4819F02AFAFFF7E1FF0446CD
S2140121E00028F0D019F018FA6379074603F00108C1
S2140121F06FF30003637104212046A66819F0F8FA0C
S2140122004379044668F300034371DB438179B6F8EA
S2140122106E200C31866003F001036254C2F3032280
S214012220084442EA03124270478022463046294655
S21401223015F07EFE2046FBF7CDFCCEE75C79986074
S21401224024F0030414435C7100221B68C1E700BF3D
S214012250AC27002070B50546064C206800B970BD55
S2140122608368AB4204D106680DF01EFD2660F4E7D4
S2140122700446F2E7AC2700200146014819F0D7B919
S214012280B0270020014819F060B900BFB027002030
S2140122900146014819F0CBB9A8270020034BD8689E
S2140122A018B103F10C0019F050B970479C270020B3
S2140122B0044BDA6822B95869003818BF0120704704
S2140122C0012070479C2700200138C0B20A289ABF17
S2140122D0014B185C0020704774C7020007B506481A
S2140122E019F033F9042101900DEB010019F0B8F94A
S2140122F0019803B05DF804FBC4270020F7B5186801
S21401230010F0020003D0164E316811B9012003B057
S214012310F0BD0024042223460DEB0200019419F0BF
S214012320ECF8BDF80630DB0702D4FFF7D7FF04460A
S21401233000250C4F57F8043B23B12146BDF8040095
S214012340984748B13368002BE0D0074B022193F938
S21401235000000DF07DF9D9E70135062DEAD1F1E748
S214012360C4270020C8270020F12D002010B50948F9
S2140123700DF05EF90024084B0849187020200C6007
S2140123800DF0DCFC064BC3E90044C3E90244C3E993
S214012390044410BDFC0B0020F12D0020C4270020B2
S2140123A0C827002013B5C37A0093B0F80930D0F8D7
S2140123B00520D0F80110007801F016FB044603480A
S2140123C000F0CEFD848002B010BD00BF20020403E1
S2140123D0FF2337B50DF107008DF8073001F072FBCA
S2140123E0044604489DF8075000F0BAFD84808571C4
S2140123F003B030BD2003040138B54B7905465B07B1
S2140124000C460CD414212046054A15F092FD2046B0
S214012410217915F03EFE10B9A3791C44257438BD08
S2140124209CC70200837810B5132B0C4608D1054BC8
S2140124301B6803B198472046BDE8104019F067B8FD
S21401244010BD00BFE027002010B50021044600782B
S21401245015F04CFD48B16178207816F036F904463F
S214012460034800F07DFD848010BD0224F8E700BF1C
S2140124702002560110B54178007801F0F3FA0446BF
S214012480024800F06DFD848010BD00BF2002560298
S21401249013B541880DF1020301AA008815F0DAF997
S2140124A0BDF802300446F82B84BFF823ADF802309D
S2140124B0019ABDF80210034800F09EFD848002B028
S2140124C010BD00BF20030A00002110B5421D03798C
S2140124D00446084619F060FA024648B16188208829
S2140124E015F0E4F90446034800F03AFD848010BD77
S2140124F01A24F8E720020A0208B50146034631F815
S214012500030B9A7815F068FB034800F029FD0023B9
S2140125100371437108BD00BF20020A1108B50649C0
S214012520064818F0EDFE0649064818F0E9FE06488A
S2140125300DF0F8FC002008BD140C0020E827002050
S214012540240C0020E42700200C0C0020014815F084
S21401255066BD00BFB80B002030B5114B0D46994241
S214012560144685B019D193000FD503A902A80DF022
S21401257085FA08230193039BE1B2009300222846C3
S214012580029B41F0005118F09EFE064815F0DFFD53
S21401259000B10471012005B030BD0020FBE700BF8B
S2140125A0E4270020ECC7020022F00042B2F1A04F5F
S2140125B008B504D1034815F0CAFD012008BD002066
S2140125C0FCE700BFF0C7020070B5FFF7BFFF90B190
S2140125D0FEF79AFF002604462046FEF7F9FF054659
S2140125E0064800F0BDFC86802268C0F80620A28856
S2140125F00573428170BD0226014CEDE720090115E5
S214012600C8C7020000200A4B10B5187100F098FDEB
S21401261004463CB901F0E8FABDE810400549064811
S21401262018F092BE204616F01BF96468F1E700BF69
S2140126303C2D0020340C0020C027002070B500205F
S21401264000F07EFD01260446074D04B970BD94F8DE
S214012650723033B12E7115F060FC1321204616F04E
S214012660FBF86468F1E700BF3C2D002038B5002375
S214012670094C2360A38003682360207816F0E8F8ED
S214012680054630B90548064918F03AFE608801F05B
S214012690C1FA284638BD00BF3C2D0020C0270020C7
S2140126A0340C002022F00042B2F5887F2DE9F04775
S2140126B01C4600F0E5800ED840F203139A423CD047
S2140126C040F209139A4200F0C5800E2A00F0B68047
S2140126D00020BDE8F08740F207239A424AD0B2F5BF
S2140126E0037F59D040F206239A42F1D120684C303C
S2140126F0FEF76EFF25680746664895F8736095F8FD
S21401270070A095F9759095F87680A48815F01FFD50
S2140127100028DDD0EB6C4360B5F85030877203813A
S214012720731E5E425E41C67280F80CA080F80D9062
S21401273080F80E80A0F80F40CAE7207800F0F2FC7F
S2140127400028C5D0544894F80090B4F80280A788B1
S214012750E688257A648915F0FAFC0028B8D080F856
S2140127600490A0F80580A0F80770A0F80960C5726B
S2140127708481ADE7207800F0D5FC0028A8D06078E9
S2140127802578FFF7A1FD0446444815F0E0FC002833
S2140127909ED0057144719BE7A578012D1ED0022DB0
S2140127A02DD0CDB9E37894F80080023BDBB2022B42
S2140127B08CBF01253A4A94F90470667998BFD55CB6
S2140127C094F90640374815F0C2FC28B180F8048019
S2140127D045718771C671047201207AE7E37894F82F
S2140127E00080023BDBB2022B98BF2D4A94F904709D
S2140127F0667998BFD55C94F906402B48E3E7E37801
S2140128002A48023BDBB2022B94BF254A012594F8E5
S2140128100180277898BFD55C94F90490667994F97D
S214012820064015F094FC0028D6D0A0F804808771E5
S214012830C57180F8089046728472CDE72346082257
S214012840002113F8014B1A4815F092FC0028C3D05A
S2140128500471C1E7174894F800806788A688E58860
S214012860248915F074FC0028B6D080F80480A0F8FE
S2140128700570A0F80760A0F80950A0F80B40ABE778
S2140128800D481C7815F063FC00283FF421AF047155
S2140128901EE700BF38C8020034C802002CC8020078
S2140128A0F4C7020024C8020020C8020028C802009B
S2140128B01CC8020018C8020030C8020070B51446D1
S2140128C006460D46204614210A4A15F032FB2046DC
S2140128D0217915F0DEFB58B9A3790C331C44064B5D
S2140128E0A6711B79A5801BB1BDE8704015F016BB1B
S2140128F070BD00BF14C802003C2D0020024B002012
S2140129001A68024B5A607047F8250020B80B002061
S21401291010B5FEF7D5FA044630B9044815F055FB54
S214012920044608B9FEF7FCFB204610BDB80B002094
S21401293073B51C4640F20A6322F000429A4208D858
S214012940B2F5C06F08D8042A4BD00D2A51D0032AFD
S2140129501ED0002002B070BD6FF4C0631A44092A6D
S214012960F7D801A353F822F0572A0100052A0100DF
S214012970292A0100392A01004F2A010053290100A2
S2140129806F2A0100852A0100A52A0100F12A01000B
S21401299001A8F3F797FA5848BDF8044015F0D7FB9D
S2140129A00028D6D00023072243710271C371012289
S2140129B04372037343738373C3731E2382718374D9
S2140129C002226FF07D030272C3746FF06A026FF029
S2140129D074038272037506222D23C2720482437524
S2140129E0B7E74648246815F0B2FB0028B1D08480CA
S2140129F0AFE723460422002153F8044B404815F064
S214012A00B7FBF2E7207800F08DFB0028A1D03D4807
S214012A10267894F90150A47815F099FB002898D0EF
S214012A2006714571847194E72478374815F08FFB59
S214012A3000288ED004718CE725783448646815F038
S214012A4086FB002885D00571C0F8054081E725780A
S214012A502F486468F3E72F482578646815F077FBFC
S214012A6000283FF476AF0571A0F8054071E72A48C3
S214012A702578646815F06BFB00283FF46AAF057192
S214012A80447166E7637825480D2B96BF244A0125D5
S214012A90D55C247815F05BFB00283FF45AAF04712F
S214012AA0457156E7637800210D2B98BF1C4A1D48D7
S214012AB098BFD55C6368A27888BF0125267815F093
S214012AC057FB08B1067145716378012B3FF641AF9C
S214012AD08DF8043001220021124801AB247815F04C
S214012AE047FB00283FF435AF01230471437130E7FB
S214012AF024780D489AE700BF80C8020078C8020013
S214012B007CC8020060C8020068C802006CC80200E7
S214012B1064C802005CC8020058C8020054C802001B
S214012B203CC8020050C802004CC802001422002112
S214012B30014818F0A6B800BFEC27002070B505467E
S214012B400EF002FA1A4C064663795B070ED414217E
S214012B502046184A15F0EDF92046217915F099FA24
S214012B6020B13046BDE870400EF0FEB9A3790C33B3
S214012B7023442DB91A79FF2AF3D001321A71F0E7EE
S214012B80012D05D15A79FF2AEBD001325A71E8E7B7
S214012B90022D05D19A79FF2AE3D001329A71E0E736
S214012BA0032DDED1DA79FF2A1CBF0132DA71D8E7AC
S214012BB0EC27002074C8020010B504460A4815F038
S214012BC02EFA60B10021094815F0AFFA48B18279B2
S214012BD0024414610179BDE8104015F05ABA02208A
S214012BE010BD1A20FCE700BFB80B002070C8020019
S214012BF038B50546084800F02FF9044648B900F0F4
S214012C0081F904461DB1054B1B689B792B7000F0BA
S214012C1091F9204638BD00BF8CC802000828002064
S214012C202DE9F84380460D480F4616461D469DF889
S214012C30209000F011F978B9094B1C6884F80480DB
S214012C40C4F80570C4F80960A4F80D5084F80F9014
S214012C50BDE8F84315F0EEB9BDE8F88384C8020074
S214012C600C28002038B5054606480C4600F0F4F856
S214012C7038B9054B1B681D715C71BDE8384015F00D
S214012C80D9B938BD9CC802000C28002038B50546C5
S214012C9006480C4600F0E0F838B9054B1B681D7174
S214012CA05C71BDE8384015F0C5B938BD94C802005E
S214012CB00C2800202DE9F843804614480F46164696
S214012CC01D46DDF8209000F0C7F80446C0B9104B49
S214012CD01B68A3F80480DF8000F014F90D4B04464E
S214012CE019680DB18B792B60B9F1000F06D08A797E
S214012CF0B24208D84846073117F0DCFF00F01AF94F
S214012D002046BDE8F8831D24F8E700BFB4C80200DA
S214012D100C2800200828002038B505460C46074830
S214012D20012100F0A9F838B9054B1B689D80DC80AD
S214012D30BDE8384015F07EB938BD00BFACC802000A
S214012D400C28002010B5134604460A460648012101
S214012D5000F092F830B9054B1B689C80BDE8104026
S214012D6015F068B910BD00BFA4C802000C280020E9
S214012D7070B505460B480E4600F06EF8044678B965
S214012D8000F0C0F8084B04461B6825B1D3F80620AE
S214012D902A605A89AA800EB11B7B337000F0CAF8EC
S214012DA0204670BDBCC8020008280020044A03461D
S214012DB0106810B102789A4200D170470069F8E7AE
S214012DC00428002008B515F0FEF8FFF7AFFE002234
S214012DD0014B1A6008BD00BF0428002038B5104D0D
S214012DE00446104A284618F031FE4FF48270A04778
S214012DF00D4B01461860287818B14FF4827218F00E
S214012E0028FE4FF48270A047084B014618602878C8
S214012E1028B1BDE838404FF4827218F01ABE38BDAA
S214012E20F22D0020C4C802000C280020082800202B
S214012E30084A136833B94178036141F001014170D2
S214012E4010607047197802789142FAD003F11002A7
S214012E501B69EFE70428002010B5044616F001FBB5
S214012E6028B9034B22681C60024B1B681A6010BD10
S214012E70002800200C2800202DE9F84F0468984609
S214012E804FEA042A0AF4E06AC4F307234AEA030A6B
S214012E900AEB0209B9F5807F83460F46154603D92A
S214012EA01D263046BDE8F88F16F0DBFA06460028E8
S214012EB0F7D1124B24F47F44C3F800B024F0C704C2
S214012EC00F4B44EA19244FEA09291B681FFA89F9AE
S214012ED044EA090443F8044B53442A46414618463B
S214012EE017F0E8FE012F04D1FF2DD9D800F8015CB8
S214012EF0D7E7022F08BF20F8025CD2E7002800209F
S214012F000C28002008B5074B1A68074B52F8040B2B
S214012F101968064B49681B689847054B1B689888D3
S214012F2008BD00BF0C28002000280020440C00200B
S214012F30082800200022024B1A6016F094BA00BF3F
S214012F4000280020054B186808B1C3681BB100387B
S214012F5018BF012070470069F6E700BF042800206B
S214012F6010B5034C23681860FEF718F9206810BDE9
S214012F7008280020F8B504460D46014600201746ED
S214012F8015F022F8F2F7DCF8194E78BB194B1B68DE
S214012F901C603368187058709870D870204614F00A
S214012FA0EDFF18B165B94368220E2BB90F250DE068
S214012FB05979914204D008331D68002DF8D1F5E700
S214012FC03846A84733681B684BB9012524F47F406F
S214012FD020F0C70040F40070FFF7C2FF858032681A
S214012FE0012052F8041B14F0EFFFF8BD1425EDE79D
S214012FF0082800200C280020F8B50E460502C0F36C
S214013000072305F4E0651D430E4B691E1B68044645
S214013010043300F038075E54581811462AB10130BF
S214013020904202D0324617F012FE240C2404354496
S2140130303C4344EA15242D02A8B22043BDE8F840DB
S214013040FFF78EBF082800204022094B83F8212372
S21401305083F8222383F8232383F8262383F8252362
S21401306083F8202383F82423502283F8222C7047E8
S21401307000E100E0044BD86910F480501CBF186AC8
S21401308000F00100704700BF0080E00F70B50446F5
S2140130900D461B4A13686BB393F87D10586811F000
S2140130A0040129D110608C22184693F8706017F03D
S2140130B0E8FD034680F870602268C0F85A20A288AE
S2140130C0A0F85E20A27980F860202868D864AA79E2
S2140130D0A98883F85220FF2283F8752083F876208A
S2140130E040F6FF72A3F86E20064AA3F85010116846
S2140130F013605960184670BD1A1D0346CBE700BF22
S2140131001428002010280020054A0346106800B93C
S2140131107047B0F86E209A42FAD04068F7E700BFD1
S21401312010280020054A0346106800B9704790F839
S21401313070209A42FAD04068F7E700BF10280020B6
S21401314010B9024B18687047406870471028002075
S2140131500023114A2DE9F0418C2113608046024676
S21401316001200CF09FFC044620B905460B4E30604A
S214013170A84502D82046BDE8F08101200CF010FDDC
S21401318007468C220021013517F07BFD87F8705029
S21401319037603E1DECE700BF1028002014280020F1
S2140131A0012310B58B4090F87110044621EA030103
S2140131B049B280F87110002949D114F0B8FE2046B2
S2140131C014F029FE102104F1180018F008FC20461E
S2140131D0FFF740F804F1380018F099F9204616F088
S2140131E03FF9214A13681BB19C42596830D11160DE
S2140131F0A36859050BD51A0509D443F40063A189C0
S21401320094F87000A36004F17802FFF757FB0023DF
S2140132102046636018F09CF815F016F84FF480729B
S214013220B2FBF0F2424394F870300344B3FBF2F180
S21401323002FB1133DBB2591EC9B2FD29F5D884F859
S214013240703000236360094B1A6852B91C6010BDC8
S2140132501A465B68002BCBD09C42F9D16368536059
S214013260C6E7131D5268F0E7102800201428002036
S21401327010B5084C206830B9BDE81040064B186000
S21401328001200CF05DBC436890F871102360FFF7D5
S21401329087FFEFE7102800201428002090F87430EC
S2140132A003F00B03013BDBB20A2B9ABF014AD05C49
S2140132B000207047D2C802001FB5014690F8703052
S2140132C08DF80430FFF7EAFFB1F862308DF80C0094
S2140132D0ADF80630B1F8643001AAADF80A30B1F89D
S2140132E066300748ADF80830B1F86C3040F203118B
S2140132F0ADF80E3018F040F805B05DF804FB00BFDD
S214013300C027002007B590F870308DF8051001AA87
S21401331040F2072103488DF8043018F02DF803B069
S2140133205DF804FBC027002038B50A4B04461B682D
S2140133300D462BB143699B0702D515F0DAFA30B179
S2140133402A4620680421BDE8384016F037B8A3693C
S2140133509D6138BD18280020024B1868003818BF38
S214013360012070471828002013B50446019120B9A2
S21401337001A818F0CCF8212012E008460029FAD05E
S21401338018F04AF980B20028F2D0094B20461B6893
S21401339001994BB1984728B920460199FEF762F981
S2140133A002B010BD0020FBE715F0BEFFF3E700BF3B
S2140133B01828002038B5436A0446590415D4134A20
S2140133C003F4004392F82B20012A0FD1826A92045B
S2140133D00CD4002B01460CBF5320142014F06FF8B8
S2140133E018B9636A43F00803636238BD002BFCD149
S2140133F0074D20462946FEF7F3F80028F5D1286840
S214013400AA88AB792060A280A371EAE7482700204A
S214013410572700202DE9F041164D85F82A0038B3CC
S21401342000EBC000C1000023012204200CF03AFB8F
S214013430044650B904200CF0B3FB4827A046286088
S21401344095F82A30A34203DC00242046BDE8F0812B
S2140134502E68142207FB04660021C6F8188006F1C0
S214013460340017F00EFC304615F071F80134E7E72A
S2140134702860E9E748270020074B93F82A20824274
S21401348081BF1B6800EBC00003EBC003586A8CBF0A
S21401349000F00100002070474827002008B50146CB
S2140134A0FFF7EAFF40B1054B01EBC1011B6803EBD7
S2140134B0C103586AC0F3C02008BD00BF48270020DA
S2140134C02DE9F04F0746384A93B0106851680FABA4
S2140134D003C39068354A1860146807EBC70304EB0A
S2140134E0C304E37B12AA02EB430333F80C1C636AA2
S2140134F094F82E80DA0494F82F6047D40126B0465B
S21401350041F0100194F80D90C3F3404A5B0348BFA5
S2140135104AF0020A8BB289F00809B8F1010F94F853
S21401352031500B9304F1070BD4E90723C9F3C00903
S21401353094F9324009D0B8F1020F06D0B8F1040F61
S21401354014BF4FF000084FF00308012E05D0022EDD
S21401355003D0042E14BF002603263846CDE90C23DB
S214013560FFF79CFFDDE90C230121CDE90760CDE9DA
S21401357000513846CDE90548CDE903BA0B99CDF897
S214013580089001F019FA13B0BDE8F08FA26A95060B
S21401359048BF41F02001500648BF41F04001DA0320
S2140135A048BF41F00401ADE7DEC80200482700200D
S2140135B0002170B50B4B93F82A601C688E4202DC22
S2140135C0FF25284670BDCDB22846FFF755FF28B126
S2140135D0E37B012B02D1636ADB06F2D40131483466
S2140135E0ECE700BF48270020014B93F82A007047FC
S2140135F04827002070B504461546FFF73DFFB8B1D1
S2140136000E4A04EBC4041368E60003EBC4035B6ACA
S21401361013F010040FD0C3F300330B701368334458
S214013620DB7B5A1E042A04D8033B18BF01232B70E8
S21401363070BD0023FBE72046FAE700BF48270020BD
S2140136403F4A70B5146800EBC00304EBC304636A19
S21401365006465B0704D500231A46194601F08EFA82
S214013660636A9D0706D53046FFF72AFF636A23F093
S21401367002036362636A18070CD5A27921463046B5
S214013680C2F3C00201F018FA0546E8B9636A23F0EE
S21401369008036362304615F0FBF80546A0B9626A76
S2140136A0D10611D5D30404D5304613F004FF40B13A
S2140136B01BE01206E37B09D4E37B626A023B012B23
S2140136C015D9616A48071FD4284670BD03F0FB036D
S2140136D0012BF6D03046216901F014FA636A2561A0
S2140136E023F0800363620028E6D00546ECE7D305A5
S2140136F0E7D53046616901F023FA00236361636A06
S21401370023F480736362D2E7E37BA28D012B03D19E
S214013710A2B1802A28BF802211F0400F94F83030E1
S2140137204FF0010118BF0123304601F027FA0028A7
S214013730DBD1636A23F004036362C5E74022EBE74B
S214013740482700202DE9F04100244827104D95F820
S2140137502A30A34201DCBDE8F081E6B23046FFF72D
S2140137608BFE98B107FB04F828684044436ADA06E2
S2140137700CD55B040AD4FFF71DFE2B683046434484
S2140137805A6A42F006025A62FFF75AFF0134DEE730
S214013790482700202DE9F04FDFF8489200EBC003E0
S2140137A0D9F8004089B004EBC30404F1100A80463E
S2140137B050460E46174617F0AAFE04F114031846A3
S2140137C0029317F0A4FE002018F00EF80546002814
S2140137D000F00381012F40F2726718BF1F27012EE8
S2140137E0A6735CD0022E0CBF0626042602212846AC
S2140137F014F0D1FE0121284614F0CDFE31462846AC
S21401380014F0C9FE284617F007FF012386B2B91B3C
S2140138100A22009389B242F60723284614F00BFFCA
S21401382004230644B6B2B91B0093122242F60423BF
S214013830284689B214F0FFFE0644B6B2BB1B012B24
S214013840069503932DDC002399F82B20002A00F01F
S214013850A480504617F05BFE636A256143F0800240
S2140138606262DB0400F1AB8099F82B00002840F07F
S214013870A68017F0B9FF0790002800F0A08039460F
S21401388014F094FE002800F0A4800298079D17F01B
S2140138903EFE636A656143F4807363628FE00526CA
S2140138A0A4E7002017F0A0FF07900028CBD0BB1E8E
S2140138B09B1B02211FFA83FB00F07CFF8345064613
S2140138C011D22BF001018AB2411A07A8049217F00F
S2140138D0EEFE049A164602223EB90798F0B907A8EA
S2140138E017F015FEAFE70322F6E7711C0698C9B27A
S2140138F0049214F050FE049A0698114614F04BFEFA
S214013900079906A817F04CFF002017F06DFF0790E7
S214013910002836D0ABEB06031FFA83FB5B46022B6F
S21401392038BF02239A1E92B20F2A31D9102104926F
S21401393000F040FF049A034682421FD222F00F0194
S2140139408AB29346411A07A817F0B1FE5B460622D3
S214013950591C0698C9B20493059214F01CFE059AE8
S2140139600698114614F017FE079906A817F018FFD7
S214013970049BB21C13449BB23EB965E740B10722D3
S214013980E6E707A817F0C3FD334602339BB25BE7B1
S21401399007A817F0BCFD3346EEE7039A2846D11A6E
S2140139A089B214F003FE0646504617F0B0FD636A6E
S2140139B0256143F080026262002E3FF452AF606AD6
S2140139C010F010000AD0404609B0BDE8F04FFFF7EE
S2140139D037BE07A817F09BFDF1E71A2009B0BDE82E
S2140139E0F08F00BF4827002070B5054614461E46D6
S2140139F0FFF742FD30B3144B05EBC505186800EB25
S214013A00C500426A93050BD44FF6DF73A1F120057A
S214013A109D4217D8A4F120059D4213D8A14211D882
S214013A20C3698B4202D1036AA34204D0C0E90714DA
S214013A3042F0020242629DF81030868580F83030EE
S214013A40002070BD2120FCE748270020044A00EB37
S214013A50C003116801EBC301CA7B14F045BE00BF69
S214013A6048270020F8B505460C46FFF705FD28B3A4
S214013A70052923D8124E05EBC5023368D70003EBA0
S214013A80C203186917F0C8FD1F2817D833683B44CE
S214013A90586917F0C1FD1F2810D8012C0ED0231F1E
S214013AA0012B0BD93168224639444B6A284623F448
S214013AB082534B62BDE8F84014F016BE2120F8BDD3
S214013AC048270020002270B50546114890F82A4084
S214013AD00368944201DC1A2016E0596ACE0714D412
S214013AE093F83960760710D4D0F80F00094C1860A7
S214013AF0A688A07941F00901D4B298719E8020462B
S214013B005962FFF7DDFC2C7070BD01324833E0E7E7
S214013B10482700205727002070B5FFF749FDFF28EA
S214013B20044615D00B4D03B2286803EBC30300EB24
S214013B30C300DE00436A23F01003436214F0FDFC69
S214013B402968204631443431BDE87040FEF754BC44
S214013B5070BD00BF4827002083782DE9F041122B65
S214013B600F463CD10B689A790C321344DD781E79E6
S214013B700DB145F480553046FFF77EFCD0B1DFF835
S214013B80648006EBC603D8F8004004EBC304636AFE
S214013B9023F01003636295B922463146A06908F105
S214013BA02E0300F0D9F822222946A56108F12E003D
S214013BB017F067F83846BDE8F04117F0A8BC204674
S214013BC014F0BBFC636A5A0603D523F04003636214
S214013BD0F0E7304604F13401FEF70EFCEAE7BDE8F3
S214013BE0F08100BF482700200020094B10B558621D
S214013BF0FFF7A6FA04461CB9BDE81040FFF738BB2C
S214013C00204641F2160114F0A9FD6468F3E700BFEF
S214013C1048270020A0F11B03E02B10B5044618D856
S214013C20042142F2240014F083F86FF06F0343710D
S214013C304223A0F8034083710748F9F7B7FF14F051
S214013C40BBF8407920B114F0B7F8407940F48050C1
S214013C5010BD2120FCE700BF4160020037B50446D5
S214013C600D4614F0A2FD6988204614F0E2FA6A7E39
S214013C702B7E204643EA0223A4F862306A7F2B7F1C
S214013C8043EA0223A4F86430EA7EAB7E43EA0223C9
S214013C90A4F866301B23A4F86C302D4BDA8B1B8CF2
S214013CA0A4F86820A4F86A30022384F8723014F06D
S214013CB03DF9204614F0A8F894F87330022B15D17C
S214013CC014F082F870B194F9753001330AD10521E8
S214013CD02046A36843F48053A36003B0BDE8304098
S214013CE014F0BABD0021204614F0A6FA00212046A1
S214013CF000F02AFA4FF6FF73288C984225D000F080
S214013D00C3F9009400F0AEF96A46ADF8040040F23B
S214013D100621104817F030FB002240F2022120460F
S214013D2017F0E6FA2046FFF7C7FA204614F072F8B5
S214013D30204600F015FEA368012123F480432046A7
S214013D40A36014F091FD03B030BD0020D9E700BF99
S214013D5048270020C0270020F7B504460F46164620
S214013D6068465A79991D1D46FDF718FC2CB9694617
S214013D703046FFF78BF90446A0B140F2032384F8DE
S214013D807670A4F8723033682946C4F85A30B3887E
S214013D902046A4F85E30B37984F86030FFF75EFF02
S214013DA003B0F0BD032140F2064013F0C1FF6B885B
S214013DB0A0F803300D2343710148F9F7F7FEEFE74A
S214013DC0255F020007B590F870304FF4887101AA9C
S214013DD003488DF8043017F0CFFA03B05DF804FB02
S214013DE0C02700202DE9FF4103780446302B0E46FC
S214013DF039D006D8052B25D0082B41D004B0BDE814
S214013E00F0813E2BFAD183780C2B4BD8022BF5D9B7
S214013E10033B092BF2D801A252F823F0B53E01006C
S214013E20EF3F0100FD3D0100FD3D0100873F010020
S214013E30FD3D0100FD3D0100FD3D0100FD3D010090
S214013E40DB3F0100B0F80300FFF75EF928B16179A6
S214013E5009B141F4805114F081FC304604B0BDE84C
S214013E60F04117F054BBB0F80300FFF74DF90028F6
S214013E70F3D0A17809B141F4805114F0C8FCECE705
S214013E80B0F80300FFF740F90028E6D0627990F811
S214013E90743022B143F0010380F87430E9E703F08F
S214013EA0FE03F9E7212B00F0B780292B1FD0202B2A
S214013EB0D3D0A3E78088FFF727F90028CDD0E27892
S214013EC0002ACAD1E179A27942EA0122A0F8622049
S214013ED0E17AA27A42EA0122A0F86420227A617A83
S214013EE042EA0122A0F86620FFF7E6F9B5E7C778AF
S214013EF0851C3C2F02D1FFF70FFEAEE790F8068037
S214013F00B8F1000F23D1544A546AC2F82480CFB1C5
S214013F102946204647F4805714F047FCE76084F8AA
S214013F20728040F20121204601AACDE9014717F02F
S214013F3023FAA368414643F480632046A360FFF753
S214013F402FF98AE729462046FFF788FE85E74FF6D0
S214013F50FF73408C98420BD000F096F840B1FDF705
S214013F60D7FA2B460246FF210020FFF7F5FE74E73D
S214013F703A4B223455F8042BA54243F8042BF9D1C9
S214013F802A881A8069E7B0F80300FFF7BDF8002811
S214013F903FF463AF40F20911B4F8053090F8702091
S214013FA0A0F86C308DF80420ADF80630227AE3795B
S214013FB043EA0223ADF80830A27A637A43EA022381
S214013FC0ADF80A30227BE37A43EA0223ADF80C30DF
S214013FD001AA234817F0D0F93FE78088FFF794F845
S214013FE000283FF43AAFA179FFF78CF935E78088CE
S214013FF0FFF78AF800283FF430AF90F870300E21B2
S2140140008DF80430D4F8063001AACDF80530D4F87E
S2140140100A30CDF80930DCE78088FFF775F800280C
S2140140203FF41BAF90F870304FF403718DF80430F5
S214014030E37801AA8DF80530A3798DF80630E37987
S2140140408DF80730237A8DF80830637A8DF80930B9
S214014050A37A8DF80A30BCE748270020762700208F
S214014060C027002050B10C22064B1B68C31AB3FBB5
S214014070F2F3807A40EA032080B270474FF6FF7071
S214014080704700BF480C0020024609490B7A0968B0
S214014090FF2B01D10020704703EB430301EB8300A4
S2140140A031F82330C3F30B039342F4D0C37AEFE71E
S2140140B0480C002008B5054B054A1978054817F045
S2140140C0C5FCF722044B1A8008BD00BF602E0020F5
S2140140D0EAC80200F32D00206C0E002010B504463D
S2140140E070B30068836CA34222D16368836422465E
S2140140F0144917F009F904F10C0017F029F904F135
S214014100440017F004FAFFF727F958B1A06948B13F
S214014110143017F0FCF9A069183017F0F8F9A06907
S2140141200BF050FF2046BDE810400BF04BBF134686
S214014130002BDCD05A68A242F9D162685A60D6E7F1
S21401414010BD00BF83890200F8B5054648200E461B
S21401415017F081FC294F0446387818B148222146C9
S21401416017F077FC8CB1FFF7F7F898B11C2017F021
S21401417072FC0146A061387810B11C2217F069FC68
S214014180A3692BB920460BF01DFF00242046F8BD7D
S21401419000221A700321284614F04EF8AB6C224612
S2140141A06360AC6417232681002663811449284680
S2140141B02560267766640BF0E9FB00F01DFF3246AA
S2140141C0014604F10C000BF0E1FB02232374FFF718
S2140141D0C3F80028DAD00B4B19881729D6D9204600
S2140141E014F0B7F80028D1D11221204614F08EFB26
S2140141F0636943F002036361C8E700BFF32D002043
S214014200838902006C0E0020F8B5054610B300291C
S21401421020DB114C2468247E8C421BDD3F2919DCEF
S214014220032701F0030600EBA10191F83140760067
S214014230B74002F0030224EA0704B240224381F8A1
S214014240312013B1002114F015FC2846BDE8F840D2
S21401425014F06DBCF8BD00BF2428002070B51646CA
S21401426000221A7032800A7A0D46072A4DD8DFE8F6
S21401427002F004090D111A1E304AE86830F8023BB4
S214014280338043E0EB68981D5B88F9E7EB68981D7F
S2140142909B88F5E7697B14F03AFC02221C4B1880D8
S2140142A01846328032E002231A4833802EE01A4C38
S2140142B02B7BE88923702B88E11C013363702B88E4
S2140142C001331B12A37000F0DBF903303080204667
S2140142D01CE0124CA889EB89020AA3701B0A207005
S2140142E06270E37000F040FA58B1C3681A88022A77
S2140142F007D19A782271DB786371062307483380E9
S21401430004E00423FAE780221A70002070BD00BF83
S2140143100D2E0020FAC80200FA2D0020F42D0020F0
S214014320054A064B1860136843F001031360828B3D
S214014330034B1A80704700BF1C2800202428002049
S214014340422D002000232DE9F04FDFF8C09191B0F7
S214014350D9F80070054617F00807CDE90633CDE910
S21401436008330AD0664B03F1100253F8041B93423C
S21401437045F8041BF9D1002011E00320F2F78EFE68
S21401438017F069FB804648B10620F2F787FE17F062
S21401439062FB064630B940460BF014FE1A2011B0F7
S2140143A0BDE8F08FCDE90477F7F784FA044668B1E3
S2140143B040460BF007FE30460BF004FE40F2074085
S2140143C0214613F000FD40F20740E8E74FF4A05203
S2140143D04C4BC6E90323F369002B42D14FF410532B
S2140143E03380802310227380304604AB06A90FF079
S2140143F041FD0446A0B94046424A04990FF07EFEAC
S214014400044668B98346404BBAB21B68D9889142C4
S2140144102FD810222946404605AB0FF0A1FE0446D0
S21401442040460FF0C8FD40460BF0CCFD30460FF07D
S2140144300DFF30460BF0C6FD04980FF0D2FB002CA2
S214014440BCD12F4B05F1100255F8041B954243F8D9
S214014450041BF9D1D9F8003043F00803C9F800303D
S21401446089E73B463A464FF4105130460FF0FFFEBF
S214014470B7E71A68BCB2210102EB04142046ADF876
S2140144800EB00191009214F03AFF8246204600F0E9
S2140144903FF930B3DDE90021AAF5205080B20328A8
S2140144A002D9BAF5245F1ED1525A00202146ADF832
S2140144B028200DF10D030DF10E02ADF82AA0FFF72D
S2140144C0CDFEBDF80E2001460BA816F0F3FBBDF895
S2140144D00E20404604320AA90FF020FE04460028AA
S2140144E09ED101378FE70AF55640FF3080B2042887
S2140144F0F7D8525AADF82AA0ADF82820E7E700BF52
S2140145000F2E00200002C003242800201C280020B3
S214014510134B01461B6870B513F0040306D0002246
S214014520104B1C68E38990B2834209D80E4A14687E
S2140145300022E58990B2854209D84FF6FF7005E062
S214014540A56835F8125001328D42ECD170BDA668CF
S21401455036F8126001328E42ECD1034498B2F5E788
S2140145601C2800202028002024280020094B1B6836
S2140145705B070AD5084B1A68D389834203D9936827
S21401458033F810007047C01A80B2044B1B689B6852
S214014590F6E700BF1C280020202800202428002041
S2140145A038B5046805460C222046084916F03FFB3C
S2140145B050B90222064904F10E0016F038FB18B96C
S2140145C002200C342C6038BD1020FCE7FDC8020028
S2140145D00BC902002DE9F743102801910BD00228E0
S2140145E004D04FF6FF7003B0BDE8F083019B188836
S2140145F0FFF78EFFF7E701A8FFF7D2FF0228F5D0F5
S2140146001028EED11B4B019F1E6816F0040608D039
S2140146100024194BD3F80080B8F81660A5B2AE4254
S2140146201AD80025154BD3F80080B8F81690ACB20E
S2140146304C45D6D2D8F81000102200EB05103946AA
S21401464016F0F5FA01350028F1D1A0196FEA4040BD
S2140146506FEA504080B2C6E7D8F81000102200EB8F
S2140146600410394616F0E3FA01340028D6D145F491
S2140146700040B8E71C28002020280020242800201D
S214014680020408B51DD5124BC0F30E001B685B076C
S21401469013D5104B1A68D38A98420CD2136903EBD0
S2140146A0001000F1100350F8042B984241F8042B37
S2140146B0F9D1102008BDC01A80B2074B1B681B69D0
S2140146C0EDE7FFF753FF0870000A48700220F1E794
S2140146D01C280020202800202428002070B504462D
S2140146E042F60306094B1B681D68A5420AD22046FE
S2140146F029B914F004FEB04206D1103402E014F0D9
S21401470008FE08B1204670BD103CEEE724280020C4
S214014710437ADA0702D5C3F380007047034BC28899
S2140147201B881A4214BF012000207047422D00202A
S2140147300A4B1B68DB0708D570B1094B1B68DB8881
S214014740834234BF00200120704728B1054B1B88E7
S214014750834294BF00200120704700BF1C28002020
S21401476024280020442D002070B50246FFF7E0FF04
S214014770E8B10F4B1968CD88954209D302F18050F4
S2140147800B680138040103EB00101B5B93420ED04B
S214014790002398B2854201D8002008E00E681C016B
S2140147A0345B06EB0310944203F10103F1D170BDB3
S2140147B0242800202DE9F34100250E46A846174F70
S2140147C001903A68ABB2D18899421DD91468ABB250
S2140147D004EB0314B4F90430002B1CDA2046FFF76F
S2140147E097FFC0B1E1680B889E4214D1324601980A
S2140147F0023117F0A4F8E36882B21B88934207D00F
S214014800114601A816F053FF404602B0BDE8F081FC
S21401481043441FFA83F80135D3E700BF242800205C
S21401482008B5002142F20E0013F082FABDE80840F6
S2140148300148F9F7BBB900BF1160020038B590F81E
S21401484072300446032B154606D1FFF7E9FF012314
S214014850002084F8723019E0C9B9012B2DD9032143
S21401486040F2064013F064FAB4F86E304571A0F8D1
S21401487003301348F9F79AF913F09EFA8378002B60
S214014880E5D013F099FA807840F4805038BDA3B192
S21401489002214FF6044013F04BFAB4F86E30A0F83C
S2140148A003300848F9F782F913F086FA4379002BAA
S2140148B0CDD013F081FA4079E6E70220E6E700BFA3
S2140148C0255F02005B5F0200F8B507460E4642F21E
S2140148D013000E2115461C4613F02AFAB7F86E305F
S2140148E0A0F80560A0F80330BDF81830A0F807500E
S2140148F0A0F80B30BDF81C30A0F80940A0F80D3028
S214014900BDF82030A0F80F300648F9F74FF913F03C
S21401491053FA807820B113F04FFA807840F4805033
S214014920F8BD00BF9D5F020070B506460D4642F217
S2140149307A000421144613F0FBF9A0F803604571D0
S21401494084710648F9F732F913F036FA407920B146
S21401495013F032FA407940F4805070BD9D63020036
S21401496010B50446022142F2300013F0E1F9B4F822
S2140149706E30A0F803300F48F9F718F913F01CFA57
S214014980437963B913F018FAC088FEF7BDFB0446F5
S21401499028B113F011FA017A2046FEF7B3FC13F0A2
S2140149A00BFA407920B113F007FA407940F48050B1
S2140149B010BD00BFD1DE00002DE9F04115460646C8
S2140149C00F4642F2360019211C46DDF8248013F00A
S2140149D0AFF92B0AC371230A83729DF818308571CB
S2140149E003739DF81C30447243739DF820302D0CE0
S2140149F0240CC67087800572C4728373D8F80030A1
S214014A00C0F80F30B8F804308676A0F813309DF859
S214014A10283043759DF92C3083759DF83030C37569
S214014A20002303769DF8343043769DF83830C376FC
S214014A300648F9F7BBF813F0BFF9407920B113F037
S214014A40BBF9407940F48050BDE8F08179DC000084
S214014A5038B505460C464FF61940052113F068F99E
S214014A60C57044600648F9F7A1F813F0A5F9407936
S214014A7020B113F0A1F9407940F4805038BD00BF51
S214014A80D15C020038B505460C464FF61A400521A2
S214014A9013F04EF9C57044600648F9F787F813F02D
S214014AA08BF9407920B113F087F9407940F48050B2
S214014AB038BD00BF015D020070B50D4606460121F6
S214014AC0DAB1FFF7C5FF0446A8B9072142F235005F
S214014AD013F02EF9C6702B684360AB880381084833
S214014AE0F9F764F813F068F9437923B113F064F920
S214014AF0447944F48054204670BDFFF7C3FFE2E7D3
S214014B00915E02000A4610B50421044642F23700BF
S214014B1013F023F9032303710023C47043718371D7
S214014B200648F9F743F813F047F9407920B113F036
S214014B3043F9407940F4805010BD00BF855D020006
S214014B400A4610B50421044642F2380013F005F96E
S214014B50032303710023C470437183710648F9F778
S214014B6025F813F029F9407920B113F025F9407999
S214014B7040F4805010BD00BFD15D0200F8B5064676
S214014B800F4642F23900062114461D4613F0D0F8AE
S214014B9001238471240A0371C7704671C4710572BA
S214014BA00648F9F703F813F007F9407920B113F036
S214014BB003F9407940F48050F8BD00BF1D5E020045
S214014BC00148FDF703BA00BFCD4B01002DE9F04FB8
S214014BD0867987B00C3605900546805BC0F30B00DE
S214014BE0FEF792FA044618B905A816F090FC4EE0B6
S214014BF090F87230022BF7D1AB5B059AC3F30B0129
S214014C0003F44053B3F5805F9060A95342D15379C2
S214014C106FF300035371836B002BE5D0042105A8C5
S214014C2004F1380616F01CFD3046059916F0FFFC17
S214014C30A06B002301465A1CA9BBDBB2012B01D98C
S214014C4016F066FDA06B16F0E7FC03281FD9D4F812
S214014C503890484699F8067016F0DEFC0C3709EBDA
S214014C60070539F80770A0F10408474522D9524FC5
S214014C70D4F838A007F1100957F804BB534642464A
S214014C8029462046D8474F4510D00028F4D007B013
S214014C90BDE8F08F383016F03AFC059A537943F0A8
S214014CA001035371BAE713460968C4E70028EED139
S214014CB030469AE7A06B16F0AFFC04378742F7D36D
S214014CC06988A1F140033F2B0BD80421304616F02A
S214014CD0C7FC2046A26B698814F0BAFB0023A363C5
S214014CE0D5E705290BD0062961D00429E0D1304645
S214014CF016F0B6FCA16BA06CFEF736FBEEE7294674
S214014D00204614F0A3FB02460028D1D12B79122BA2
S214014D1006D0132B36D02046697914F06FFBC7E70F
S214014D2094F87330022BF6D040F67A4029898B1F0F
S214014D309BB2834224D86A89931F9BB283421FD8B1
S214014D4091421DD8AB89B3F5FA7F19D240F6764C5D
S214014D50EF89A7F10A0080B2604511D8B4F86A005D
S214014D600290B4F86800CDE900702046FFF7ACFD6C
S214014D70021E18BF01222046697914F0FBFA97E754
S214014D800122F8E794F87330012B03D120466979A4
S214014D9014F034FBA3681A048AD523F40043A360F5
S214014DA02B89012B84D12046FFF70CF880E720469B
S214014DB0A16B13F010F891E710C90200184640F2F3
S214014DC00A4322F000429A422DE9F04120D8B2F57A
S214014DD0806F01D800203EE06FF480642244092AE7
S214014DE0F8D801A353F822F02F4E01003B4E0100E4
S214014DF05B4E0100A94E01007D4E0100C54E01002B
S214014E00E74E0100EF4E0100D54D0100074F0100AE
S214014E106FF4A0615318042BDCD8A2F20252032AC5
S214014E2079D8DFE812F08A009200B700CB00057847
S214014E304488644813F08BF93EE00578446882693B
S214014E4000F108030021604813F092F910B10571D2
S214014E50C0F805400120BDE8F08106784588047950
S214014E60826900F108030021584813F081F90028EF
S214014E70F0D00671A0F80550C471EBE70479077805
S214014E80A4F11B03594259414688C58800F108021E
S214014E9089004F4813F091F90028DBD00771A0F87C
S214014EA00560C4710581D5E7057844884269031D0C
S214014EB00021484813F05CF90028CBD00571A0F812
S214014EC00540C7E706784588848800F10802002176
S214014ED0414813F072F90028BCD00671A0F80550BD
S214014EE0A0F80740B6E7057844683C48A2E704788E
S214014EF03A4813F02CF90028ACD00723437100235D
S214014F0004718371A6E70478354813F020F9002868
S214014F10A0D004719EE7077846880579C48800F119
S214014F20080200212F4813F048F9002892D0077193
S214014F30A0F80560C57104818CE707784688057975
S214014F40C488294813F003F9EFE787684588047990
S214014F5006787FB1C78800F108020021234813F0C4
S214014F602CF900283FF476AF0671A0F80550C471FD
S214014F7007816FE73B463A4639461C4813F0F8F876
S214014F8000283FF467AF0671A0F80550C471077298
S214014F9047725FE790F8008047880679C5880489DC
S214014FA0134813F0D4F800283FF454AF80F8048077
S214014FB0A0F80570C671058144814BE70578446801
S214014FC00C4837E750C902004CC9020048C9020024
S214014FD040C9020044C902003CC9020038C90200A7
S214014FE020C9020034C9020030C902002CC90200DF
S214014FF028C9020024C9020000487047BD4D0100BF
S2140150002DE9F04F144687B09B46C36B06460D4606
S2140150105B69012202A960689847F36B012203A924
S2140150205B692846984702A814F0D5FD074648B1A3
S2140150300023A37563754FF0FF33A360002007B00C
S214015040BDE8F08F03A814F0D3FD0123A375237EDA
S21401505004EBC303DD611F846368AB420ED120609D
S21401506003A814F0E7FD4FF0FF332075A360237DFE
S214015070043B022B25D80023A375DFE723681A1A01
S21401508003A853425341A37514F0D4FD237D8342F4
S21401509003A818BFA77514F0AFFD074602A814F0C1
S2140150A0ABFD874203A81CBF0023A37514F0ACFD1B
S2140150B0074602A814F0A8FD87421CBF0023A3756B
S2140150C0D5E703A814F098FD80B1F36B022204A97A
S2140150D028465B69984704A814F09DFD0346207D89
S2140150E0032839D8DFE800F03838040903A8F3E7C5
S2140150F0237ECC2204EBC3031A8401F0C9FA109B69
S214015100187003A8277E14F06BFD04EBC70787F819
S214015110220003A8237E04EBC303B3F8209093F880
S214015120227014F069FD804603A814F06DFD8246D6
S214015130B8F1000F15D0F36B022204A928465B696B
S214015140984704A814F02CFD6075637D6BB90023A5
S214015150A3754FF0000838E0227E04EBC2021384E8
S214015160CBE703A814F007FDEEE794F81680B8F134
S214015170000FEED0B9F1000F09D1DFB10123627E35
S214015180E375002A44D19F4218D1677614E0736C08
S21401519005EB0A02594285EA020008421CBF0021BB
S2140151A0A175591E0A409B1A9945D0D8A37D002B9C
S2140151B0E3D1CEE7E37D43B94FF000084B465246B4
S2140151C02946304614F083FAA060A27D12B1236905
S2140151D04B4423611349237E097899421ED9013332
S2140151E02376BBF1000F1BD0D2B1E37DC3B1B8F17A
S2140151F0000F15D1032F13D0A1684B1C10D0109BA4
S2140152002246304600930123FFF7FAFEA07507E019
S214015210012FDAD0032F08BFA376CDE70023A375AD
S214015220A07D0CE748C402002DE9F04F0E468BB076
S2140152309846002304464FF0FF31104617468DF876
S214015240133001F00FFAB6F5801F3BD3B21C53D1D1
S214015250E56A6B1C57D1616A204614F07EF9054653
S214015260B31CDFF8189118BF01230193636A05A9DF
S214015270626C4FF0000B0293236802FB053AE36B66
S21401528005225B695046984705A814F05DFD14F0A9
S21401529080FD504614F088FD824601464B1C05D021
S2140152A0636C81EA0A025B42134232D029462046E9
S2140152B014F053F9029BAB424DD0BBF1000F4DD118
S2140152C00546D3E7314605AA04F1080014F039FC77
S2140152D00146481C10D0384601F0C4F90DF11303FD
S2140152E001223946204614F06EFA28B19DF8133093
S2140152F088F80030002003E0237C002BA8D11D484D
S2140153000BB0BDE8F08F2368ED1A636CB5FBF3F5BF
S214015310A6E7484601F0A6F90DF11303019A49469E
S214015320204614F050FA034690B1B21C03D0D9F8C7
S2140153300020B2420CD19DF813204946039338460B
S2140153400D4B88F800201A6815F0B4FC039B9B46A9
S214015350D9F80810A2E7BBF1000FD0D0B6F5801F30
S214015360C8D298F8003031467A6804F1080001F096
S214015370BDF8BFE70BE000F04CC40200E41F0020BC
S2140153802DE9F3410E46044617469846816A194DA3
S214015390E36A8B422AD04B1C18E0284601F062F9DA
S2140153A00DF1070301222946204614F00CFA30B10C
S2140153B043469DF8072029462046B847B0B1A9685C
S2140153C04A1C05D0012E0AD0E36A9942E5D10DE0C8
S2140153D06968204614F04EF9012E0146D8D16B6853
S2140153E081EA0302636C5B421A42D1D002B0BDE887
S2140153F0F08100BF102000202DE9F041036B90469C
S214015400826B90B007680E469A42426C01A9044628
S21401541088BF8363436A02FB0377C36B05225B691C
S2140154203846984701A814F08FFC012801463070D1
S21401543056D0656C06A9E26B2368606AD2F814C080
S214015440052205FB00300025E04706A814F07CFC89
S214015450012823D001218DF834800E958DF83C105B
S214015460D4E90A32CDE90B4593422AD119462046A2
S21401547014F000F9236B626C1433E0629B1A236309
S2140154800C9B53B99DF83C303BB1626A616C236852
S214015490E06B01FB023114F00FFC0C9DE36B05225F
S2140154A001A938465B69984701A814F04DFC307095
S2140154B0236B2846A26B9A4288BFA36310B0BDE84F
S2140154C0F081237C33B90BAA1C4904F1080001F0D2
S2140154D05DF8D5E70BAB1A4A2046FFF751FFCFE739
S2140154E0237C23BB2246174904F1080001F04EF83D
S2140154F0616A204614F052F8616A421C204614F094
S2140155001BF8054620B9236B626C1344143B2363D6
S214015510A16A204614F0AEF82368A062C01A636C34
S214015520B0FBF3F06062204614F0E8F8B6E700231B
S214015530054A2046FFF724FFDAE700BF2D5D01008C
S214015540A95C01004F980200EB97020073B50D4667
S214015550D11E1C461B7E4A424A419A4226D12968E0
S2140155602368994222D3636899421FD8114E0DF1E0
S21401557007033246FFF758FEC0B972686B689A4255
S21401558014D19DF80730DA1E53425341227E9342CE
S2140155900CD1636901336361D4E90323934205D2D5
S2140155A02968A26842F8231001332361012002B062
S2140155B070BD00BFB81F00202DE9F04F8BB09A4692
S2140155C0DFF854B180469DF850300D4616460293DA
S2140155D0DBF810305345C0F09880DBF80430D14634
S2140155E00193B9F1000F00F08C80D8F83C3001220D
S2140155F007A901985B69984707A814F0F9FADBF840
S2140156000030984240F0848007A814F0FDFA042880
S214015610074614D107A814F0FEFA019B029A044625
S2140156203B44002A3ED1864212D9361A14460199C5
S214015630404614F01FF8A9EB04090190D1E7D8F809
S2140156403C30022208A901985B69984708A8E2E75E
S214015650841B9F19544528BF5446032CAAEB040A01
S2140156604FEA94021CD9D8F83C302946384604F053
S21401567003065B69984724F003031F441D44002E6C
S214015680D5D0D8F83C30012208A938465B6998473E
S2140156903246284608A9354415F00CFB0026C6E715
S2140156A02646ECE700F003020344074603922A1855
S2140156B005930492049BDD1B059BD81B039B9F420D
S2140156C00FD1002FB3D0D8F83C30012208A95B696E
S2140156D098473A4608A9284615F0A9FA78B93D44EC
S2140156E0A5E7D8F83C30012208A95B69984704224F
S2140156F008A9284615F09BFA08B9043FDAE7DFF84F
S2140157001C9048460BB0BDE8F08FDFF81490F8E720
S214015710DFF81090F5E700BF8C1F002012E000F0C4
S21401572011E000F022E000F02DE9F0410F4688B0CC
S21401573016469846044660B390F83450FDB10121F0
S21401574013F0D0FE0E9B0021CDF804800496CDE91F
S21401575002379DF83C308DF81C30237CCDE90511CD
S2140157608BB901AA0C4904F1080000F00FFFE06BA9
S214015770DDE90553002E08BF1D4614F076F82846CD
S21401578008B0BDE8F08101AB044A2046FFF7F8FDFA
S214015790EDE70546F3E700BF199802004D550100F5
S2140157A02DE9F04F99B00F46044609920A69416CFB
S2140157B00E93D31D1439B3FBF1F3013302EBC3028D
S2140157C0036B9342C0F00F820023DFF824940D93FD
S2140157D0E36A48461946079300F044FFD7E90336C3
S2140157E004930E9B022B4ED1CC2E40F08C81099B4C
S2140157F0002B42D03946204614F095F8656C079A7E
S2140158006B1E14901340ED1AE36B012216A97868FB
S2140158105B69984716A814F0EFF900280CBF04231B
S2140158200823782E06933FD9012300254FF0080A56
S21401583005933B6805990E98C9F80030C9F81060C1
S21401584014F0FCF94FEA9A03DDF81CB089F814004D
S214015850109300230B930F9308930C93616C4A1ECD
S2140158600BEA02028B1A002E3AD05544AB4242D8BC
S214015870236B5B1A13442363ADE0049B1B681493EC
S21401588008230693D0E7656C782E079A05F1FF3357
S21401589003EA0203A5EB030516D8FB7D7BB9099B3A
S2140158A0002BB1D104230693331DAB4210D9A6B108
S2140158B0082DB9D804250023AA460593B9E7099B04
S2140158C0002BA1D10823EEE7099B002B9CD1D7E73B
S2140158D0002505954FF0040AABE704250596F9E780
S2140158E05345C5D30BEB0A03B0460393089B002B25
S2140158F018BF032313E0A3EB0A03B0460BEB0A021F
S2140159009E42039228BF98469E42EFD9D9F81020AE
S2140159100123964289F8173071D1C9F804B008936B
S21401592099F81730002B6CD099F818200899D31CD9
S214015930013209EBC30389F81820C3F804B0A3F8B1
S21401594008809972B8F1000F14D00E9B022B5BD120
S2140159500B9B7BB90F9B4344032B0BD9E36B0122B3
S21401596014A903989B6998470546002840F03D8195
S21401597001230B93089B16A80193059B00934346AE
S21401598099F81420396800F023FEE36B109A16A9E3
S2140159909B6958469847051E0D9B18BF5B465246A5
S2140159A00D9359464346204613F091FE236B08F1AA
S2140159B00302C9F80800A3EB0A0322F003029B1AAC
S2140159C02363002D40F011810F9BA6EB0806DDF83E
S2140159D00CB043440F935946204613F04BFE002566
S2140159E08346002E7FF43AAF814A04F108003968F5
S2140159F093685268E3620E9B00F078FDDEE00223B6
S214015A008DE7C9F804B09DE7099B002B30D1049BB4
S214015A10B8F1030F43440A9327D9E36B4FEA980280
S214015A209B69DDE9030198470546002865D118F012
S214015A3003025FD028F00305049B2B440493039BC9
S214015A401D444FF0FF33049915A8159315F032F94C
S214015A50E36B2846012215A99B6998470A9B0546D0
S214015A600493002D86D0039B99E7039D4246E8E701
S214015A70039B0A9307F120031193FB7D78689BB182
S214015A803D7E00230C9AD9B28D4211D9119903F1AA
S214015A90010C31F83310914226D907EBC30306995E
S214015AA0D8690A44104403E00C9B069A1344184430
S214015AB0E36B012215A95B699847159B012213A97F
S214015AC013930C9B0A9804330C93E36B9B699847DA
S214015AD0039B0A9A054643449B1A042B07D978B9B7
S214015AE0134604330A93C8E7521A6346CBE70A9B68
S214015AF00393B6E70A9B04933CE70A9B0493B2E739
S214015B000A9B0393AFE73B4E04F108030393236814
S214015B10079A606CA2EB030ABAFBF0FA00FB0A30A4
S214015B2014F042F9E16A8046204613F0A3FDA26A0A
S214015B3082424AD0626CD9F80830511E2568E0626C
S214015B400B40216B891A0B4423630D9B5D1BB5FB30
S214015B50F2F5AA4536D1079BB3EB080A12D0E36BE0
S214015B604FEA9A0241469B699847E36A079A834639
S214015B7053440398DA46E362236B9B1A4344236338
S214015B8013F0B0FF2368616CE06B01FB053114F084
S214015B9080F8204613F0B1FC204613F0AFFD2063D9
S214015BA0BAF1000F11D03A69616CD31D1439B3FBF9
S214015BB0F1F3013302EBC3029042A8D2304619B08A
S214015BC0BDE8F08F4FF0000ADCE73A69616CD31D3F
S214015BD01439B3FBF1F3013302EBC302236B934297
S214015BE0BFF4F6ADEAE7044EE8E72E468CE700BFC1
S214015BF0E41F002023E000F006E000F02DE9F34763
S214015C001E46436904468846B34217469DF82890C7
S214015C103DD300258DF80750D4F830A0204613F068
S214015C2038FC82450AD2236AB5EB430F06D200221E
S214015C300DF107012046FFF7DFFB30B39DF8073073
S214015C40012B05D100220DF107012046FFF7D4FBF9
S214015C50B9F1030F06D0256B3146204613F004FC3C
S214015C60854218D30D4D4FF0FF31284600F0FAFC5F
S214015C704B46002229462046C5F80080C5E9037632
S214015C8002B0BDE8F047FFF78BBD0135C4E7044815
S214015C9002B0BDE8F0870348FAE700BFB81F00204E
S214015CA00FE000F006E000F0032A2DE9F341064676
S214015CB00D4617461C4606D1237A012B23D0012018
S214015CC002B0BDE8F081DFF860800DF107030968D6
S214015CD04246FFF7A9FA60600028EDD19DF807203B
S214015CE0237A032AE8D0D8F804106A689142E3D1EF
S214015CF0012B2969D4F80CC007D10CEB010372699A
S214015D00934202D92074207CDAE708313B4601220F
S214015D1030466144E1602946FFF742FD6060002895
S214015D20CAD00020CCE700BFB81F00202DE9F34100
S214015D30089C032A1746266806D1237A012B24D00D
S214015D40012002B0BDE8F081DFF890800DF1070375
S214015D5030464246FFF768FA60600028EDD12568B4
S214015D60D8F80400A96AD5F844C04840227ACCF194
S214015D7000031840E1D1012A09D1E268D8F81030B1
S214015D8013447269934202D92074207CD9E72868AB
S214015D90EB6A1B1A081AB3FBFCF3B0FBFCF0834258
S214015DA00BD1706CF36A421E1340326B121A2846EE
S214015DB01344336313F05EFCE862D8F81020E368FE
S214015DC008320649206813440122E3603B46FFF788
S214015DD0E7FC60600028B0D00020B2E7B81F0020C2
S214015DE02DE9F04F4FF0FF334FF6FF72002500F11B
S214015DF00806044687B0C3620F4605620563C0E91C
S214015E000923304613F06EFE204613F076FB28BBBE
S214015E102046394613F0F1FB204613F06EFB28BBF3
S214015E208A4D204613F09DFCECE0E26B01A9236845
S214015E30606CD2F814C0052200FB0530E04701A8CB
S214015E4013F082FF012828D12946204613F0A6FB2D
S214015E50421C2946204613F06FFB0135E3699D423B
S214015E60E3D3204613F049FB0028D1D000254FF09C
S214015E70FF394FF6FF73CA46A846C4E90853E369DB
S214015E80984514D3A5EB0905012D37D8636A4FF65B
S214015E90FF72934247D16E4DC3E713F07FFF002890
S214015EA0DBD02946204613F079FB0246D1E723686A
S214015EB001A9E26B606C5769052200FB0830B84700
S214015EC001A813F041FF834601A813F014FF07460B
S214015ED0584613F05EFF70B15745236ABA4638BF7D
S214015EE0C4F82480B94503F1010328BFB946BD4271
S214015EF0236238BF3D4608F10108C0E74FF6FF733D
S214015F0000256362E3699D42C0D2676C0522206862
S214015F1001A9E36B07FB050001355B69984701A8FA
S214015F2013F0E9FEEEE7E26B01A9676C206855699C
S214015F30052207FB0300A84701A813F0DCFE626AEE
S214015F402368606C434D00FB023013F02DFF4FF0C9
S214015F50FF33A0622A46E3626FF001010DF10303ED
S214015F602046FFF761F9002850D1AD682946204642
S214015F70E56213F09EFA206320B9E16A204613F029
S214015F8079FBE0622946204613F074FB0546A36AB6
S214015F909D423DD165692046626CE91C143AB1FB0D
S214015FA0F2F105EBC1050335B5FBF2F5023513F049
S214015FB0D8FB8046A8423DD2616A204613F0CDFA4E
S214015FC00027064604F1400A474512D3626C01A930
S214015FD0236802FB0639E36B05225B69484698474E
S214015FE001A813F088FE534602464946E06B13F0BB
S214015FF0DDFE01373146204613F0AFFAAF420646C2
S214016000E2D3154D284607B0BDE8F08FA56AADE787
S2140160102946204613F04DFA236B074629460344CA
S2140160202046236313F026FB0546002FAFD1C4E9B3
S2140160300B07ACE73046002513F054FD0023074A52
S21401604020461946FFF79CF9EBE600BF03E000F097
S21401605016E000F0B81F002013E000F0B59702002C
S214016060634A00232DE9F04117680E460446136083
S21401607018B9604D2846BDE8F08190F834500DB34C
S21401608009680268914240F0AA80716842689142AC
S21401609040F0A580B1688268914240F0A080F16826
S2140160A0C268914240F09B8031694269914240F05A
S2140160B09680B169C26B914240F0918072691D462B
S2140160C08261D7E750222946D0F8388014F0D9FDEE
S2140160D0336804F10800C4F838802360736863608D
S2140160E0336963617369D6E90212A36113F00CFD8B
S2140160F0B36904F14000E3639B68984794F8432032
S21401610020B1E561002AB4D03B4DB3E7656C002DA4
S214016110F7D06668B6FBF5F3E361002AA9D0B5426D
S214016120F2D82268B2FBF5F105FB1122002A58D1FC
S21401613005FB1363002B54D1204613F0AAF9A3697B
S214016140043303449E424ED3636940F63472CC3B1B
S21401615093424AD8B5F5007FD6D30321204613F0E3
S214016160C1F9E36BD4E900011B689847E36B054668
S2140161700220DB6898471DB1002384F834301EE006
S21401618039462046FFF72CFE1C4B0546984204D1A3
S21401619039462046FFF724FE0546636C143B002D66
S2140161A0EAD1226A204602FB03F613F072F9A369CC
S2140161B0043303449E4206D284F83450104DE06BFB
S2140161C013F053FB56E70F4A012384F83430136863
S2140161D00133D4E9000113600AF0E4FDEFE70A4D4C
S2140161E048E70A4D46E7064D44E7094D42E700BF3A
S2140161F02C28002009E000F004E000F013E000F095
S21401620002E000F02828002008E000F001E000F09D
S21401621005E000F02DE9FF410F4690461E46054673
S21401622098B390F8343093B3B1F5801F31D21A4C3D
S214016230022113F057F90DF10F032246394628467D
S214016240FEF7F2FF024678B1012342463946284658
S21401625000933346FFF7D2FC0446E86B13F005FBC8
S214016260204604B0BDE8F0819DF80F30012BEBD13C
S2140162702169B142E8D10093414633462846FFF7EB
S2140162809BF904460028DFD1E7E7044CE8E7044C15
S214016290E6E7044CE4E700BF8C1F002009E000F0AD
S2140162A007E000F00AE000F02DE9FF410C46164633
S2140162B01F46054688B390F8343083B3B1F5801F86
S2140162C02FD2DFF87C80012113F00CF921460DF165
S2140162D00F0342462846FEF7A7FF044670B99DF80D
S2140162E00F30012B11D1D8F81030BB4213D1024622
S2140162F0009031462846FFF75FF90446E86B13F035
S214016300B4FA204604B0BDE8F081074C074A022BD8
S21401631008BF1446F2E7064CF0E7064CF1E7064CD8
S214016320EFE7064CEDE700BF0BE000F00CE000F0F5
S21401633011E000F009E000F007E000F00AE000F0EC
S2140163408C1F00202DE9F04385B00C4617461E46EB
S214016350DDF830800546A0B390F834309BB3B1F534
S214016360801F32D2DFF88090012113F0BBF821465E
S2140163700DF10F034A462846FEF756FF044688B934
S2140163809DF80F30012B14D106EB0803D9F8102025
S2140163909A4214D300904346324639462846FFF7C0
S2140163A00BF90446E86B13F060FA204605B0BDE829
S2140163B0F083074C074A022B08BF1446F2E7064C47
S2140163C0F0E7064CF1E7064CEFE7064CEDE700BFB9
S2140163D00BE000F00CE000F011E000F009E000F046
S2140163E007E000F00AE000F08C1F00202DE9F341E1
S2140163F01F4600230C46164605463B6050B390F8F0
S21401640034304BB3B1F5801F28D2DFF86480012108
S21401641013F068F821460DF1070342462846FEF7B9
S21401642003FF0446A0B99DF80730032B10D0022BBA
S2140164300AD10123336004233B60E86B13F015FA9D
S214016440204602B0BDE8F081D8F810303060F3E79E
S214016450034CF2E7034CF3E7034CF1E7034CEFE799
S2140164600BE000F009E000F007E000F00AE000F0C1
S2140164708C1F002030B50C4685B0054628B390F831
S214016480343023B3B1F5801F23D2022113F02AF84A
S2140164900DF10F03104A21462846FEF7C5FE0346B6
S2140164A088B99DF80F20032A0DD0032221460092B9
S2140164B002462846FFF7A2FB0446E86B13F0D5F91F
S2140164C0204605B030BD054CF7E7054CF8E7054C0E
S2140164D0F6E7054CF4E700BF8C1F00200BE000F048
S2140164E009E000F007E000F00AE000F02DE9F041D5
S2140164F04668002E46D005684FF0000CA846AE460A
S21401650055F83C400CF1010CC4F31307013401D0DB
S214016510B94218D0B4450EF1080EF1D12F46002429
S21401652003E0B44207F1080713D055F834C001342C
S214016530BCF1FF3FF5D1C1F313017A6041EA035183
S2140165403960BDE8F08141EA0353CEE90032BDE887
S214016550F081032B16D0002403E0B44208F10808AA
S21401656010D055F834700134C7F30757032FF4D110
S214016570C1F31301C8F8042041EA0353C8F80030F8
S214016580BDE8F08101230372BDE8F0812DE9F043F7
S214016590476883B0C7B106468846914600243368EB
S2140165A0304653F8345003EBC4030134C5F30752A5
S2140165B0C5F31301013505D05B68CDF80090C047DF
S2140165C010B17768BC42EAD303B0BDE8F08300BFE0
S2140165D073B5012A044622489DF8185000EAC111F5
S2140165E023F07C4007D9961E012E28D9073303F0E5
S2140165F07F03194308E09DF81C300A43DB0603F0CD
S214016600C053134343F060410023C4E900108DF8E2
S2140166100730B5B1202221460DF1070013F01BFB10
S2140166201A220DF10700211D13F015FB63689DF872
S2140166300720082043EA8263636002B070BD1143FD
S214016640E2E71B220DF10700214613F004FB236845
S2140166509DF80720042043EAC2632360EDE700BFEC
S21401666080FFFF0738B5094B0D46002104461A681E
S21401667014F007FB00234FF0FF322361A260E38290
S2140166802383A376C4E9002538BD00BF4CC40200AD
S2140166900138C0B205289ABF014B185C012070472B
S2140166A054C902002DE9F0410E46596888B00746E4
S2140166B01546490A0024012922464FEA510104F1F0
S2140166C00104F8D8DC78520399784FF000082403C7
S2140166D01B88C9020DF1070004F48054C3F30A03B2
S2140166E001F4006192B28DF807800C4302A923449D
S2140166F09C18254B1B22039325F07843ED436FEA44
S2140167000444029313F0A7FA9DF8072025F0784574
S214016710029B02A90DF10700029543EAC2631B2200
S2140167208DF807806FEA1444049313F094FA9DF8E9
S214016730072007A9029B06F11000079443EAC263EB
S214016740012205934FF0FF330693BB699847044631
S214016750BB6905A9012206F108009847404518BF04
S2140167600446BB6904A90122301D9847404518BF5D
S2140167700446BB69012203A930469847404508BF35
S214016780204608B0BDE8F08101009AB21046044ADE
S2140167901368591E033102D800211160184770474B
S2140167A0540C0020034B1868034B002808BF1846FA
S2140167B0704700BF3028002008CA0200014813F0C5
S2140167C05ABC00BF3828002013B50B4C02292260A2
S2140167D005D10A4813F04FFC002002B010BD0A464E
S2140167E000930146064B054813F027FC003818BFF6
S2140167F001204000F1E700BF540C0020382800209B
S2140168008D670100014813F049BC00BF38280020FD
S2140168100021014813F064BC3828002008B5064B57
S2140168201B68013305D0FFF7EDFF80F00100C0B211
S21401683008BD0020FCE700BF540C0020F8B50D464B
S21401684010B900242046F8BD0E4F3E68002EF8D140
S21401685000F0A2F804460028F3D0386000F0E8F80B
S214016860204613F0EEFA38B130463E6000F0E0F80C
S214016870204613F0E1FAE4E7002DE3D02046A847CE
S214016880E0E700BF34280020024B1868003818BF24
S214016890012070473428002038B50C4601F088FFE7
S2140168A0A3780B4A13705A1E55425541A8420CD084
S2140168B0012B04D02846BDE8384001F05BBF2046D6
S2140168C001F02AFF0028F5D038BD0020FCE700BF04
S2140168D01F2E00200021024B08465B68184700BFA8
S2140168E0680C002010B50446FFF75CFF0C4B1A1A23
S2140168F053425341A34201D1012010BD094B1B68ED
S2140169003BB9094A064B002C08BF1346074A1360D9
S214016910F2E713F0A0FC0028F3D00020EDE700BF5B
S214016920E0C902003428002008CA020030280020EE
S21401693010B513F081FD044618B9034B01215B68BD
S2140169409847204610BD00BF680C002010B513F014
S2140169507CFD20B9BDE81040014B1B68184710BDEF
S214016960680C002010B513F0E7FA20B9BDE8104016
S214016970014B1B68184710BD680C0020431E0333EB
S21401698006D8044B984228BF1846642838BF6420AE
S214016990704700BF40420F00F8B505460AF0BEFA40
S2140169A007460F4B1E6826B938460AF0C3FA344626
S2140169B011E0B4688CB194F810C01CF0010F0CD132
S2140169C04CF0010C95E80F0084F810C084E80F0025
S2140169D038460AF0AFFA2046F8BD3668E3E700BF4E
S2140169E05C0C002038B505460C4641B10B6833B146
S2140169F01B68013303D0CB680BB18B684BB902F02F
S214016A00AFFEBDE838404FF492724121002000F0FD
S214016A10C9B9084602F00EFF0023044A85F8103172
S214016A20C5E93043C2E9003338BD00BF98120020E3
S214016A3010B5044618B9054B054A136010BD00F0A1
S214016A40E5FED4F8CC30002BF6D1F4E7219E020007
S214016A50580C002010B50C4600F016FF054B00211F
S214016A6003205B6898471CB102F036F80128FBD179
S214016A7010BD00BF680C002008B502460868FFF785
S214016A807DFF08604868FFF779FF48608868FFF770
S214016A9075FF8860C868FFF771FF0B69C860581CEE
S214016AA003D00B48834228BF03460B614B69581C31
S214016AB003D00748834228BF034688694B61FFF726
S214016AC05DFFBDE808408861104601F0A9BD00BF22
S214016AD040420F002DE9F84FD0F8C43006460F4665
S214016AE013B1038B8B4244D0D6F8C0B0BBF1000F74
S214016AF042D0DBF80830002B3ED0DBF80C10002922
S214016B003AD0D6F8D4A0BAF1000F38D04FF0000929
S214016B104D46C84601E0DBF8083005EBC50203EB3D
S214016B208204E3890135BB4214D8238ABB4211D3C0
S214016B30B4F91220B6F92430934250DD304696F867
S214016B400411EFF783FC737D81468342A04606D984
S214016B50DBF80C108D42DED3B8F1000F39D00023DC
S214016B60424630461946D0473783C6F8C48086F871
S214016B700D910020BDE8F88F0320BDE8F88FD146BF
S214016B8047F6FF755446524604EBC40803EB8808E3
S214016B90B8F80E30BB4216D8B8F81030BB4212D344
S214016BA0B8F91220AA4202D14FF0FF09DCE73046BD
S214016BB096F80411EFF74AFC737D81468342D3D9D8
S214016BC04246DBF80C100134A14204D9DBF8083048
S214016BD0DAE70120CEE7002AFBD09046C4E7A046BC
S214016BE0BDE700BF2DE9F04782B004468946164648
S214016BF001F020FF002847D13B4D2B68D4F8C0A0F8
S214016C00D4F8C4700BB153454FD04FF00008C5F807
S214016C10089001F061FF01283AD12B68DAF80010DC
S214016C203A6813B1186888424AD0204613F0D1FB5F
S214016C30C5E900A7D4F8D4508DF80760002D46D0DA
S214016C400022204611460DF10703A847204601F011
S214016C50A3F90546B8F1000F00D08EB1B5FA85F05C
S214016C6040F2DE323321400900F09CF831462046DE
S214016C7001F09AFB1D4B0546394620461B6898478E
S214016C80284602B0BDE8F0870023174D6B60B4E7D5
S214016C90012000F0F9FD164B002103205B689847A0
S214016CA001F01AFF0128FBD1B7E76B68002BACD0C7
S214016CB0BB42AAD1AB68994514D04FF00108A6E7AC
S214016CC0696811B109689142B2D05968ADE7617D32
S214016CD094F80D313246994228BF1946204601F0F4
S214016CE0E1F8B3E70025CBE798120020580C002006
S214016CF0680C0020F8B50E4605460AF00FF9314635
S214016D0007462846FFF7E6FE044620B138460AF055
S214016D1011F92046F8BD01F06DFE2246314628469F
S214016D20FFF760FF044638460AF004F92046F8BD2E
S214016D3013B50446694613F037F9204613F0BEFA38
S214016D40FF28024606D020469DF80010EFF790FC7B
S214016D5002B010BD0048FBE70080FFFF4FF4007350
S214016D6007B50A490DF10602ADF8063013F038F9F9
S214016D70BDF80630B3F5007F05D1022808BF002014
S214016D8003B05DF804FB0120FAE700BF502800209D
S214016D90024B1960024B1860FEE700BF600C002032
S214016DA0502A002008B550B90548064B01601A6004
S214016DB0054B1A68054B1A601868FFF7E9FF08BD0E
S214016DC0600C0020542A002034280020502A00207D
S214016DD0054B1B680BB918467047834201D01B69E7
S214016DE0F8E70120704700BF5C2A0020094A1368B3
S214016DF00BB918467047834207D11B6901201360FF
S214016E00054A1368013B1360704703F110021B69C2
S214016E10EEE700BF5C2A0020582A00202DE9F74F34
S214016E2006460AF091F8DFF82881012398F800B0A9
S214016E30DFF820910190BBF1000F06D089F80030F1
S214016E4003B0BDE8F04F0AF08FB83F4F88F8003026
S214016E5089F800B013F092F908B113F08DF93D6886
S214016E603A495DB9DFF8F0A0DAF800200024AA421A
S214016E703B682FD84FF0FF3134483BE06B7D8BB138
S214016E802B68B34202D09A1B8A420BD96A68134414
S214016E902B60AB68003A18BF0122003B18BF0123E4
S214016EA06A75AB752D69DCE7907D20B1107D88424F
S214016EB09CBF014614461269002AF5D1002CD9D090
S214016EC0D4E90001A275411AD4E902322046984756
S214016ED00135C9E71A46FF21EEE75A7D4AB11A681D
S214016EE0B24224D0921B824221D8914201D311464C
S214016EF01C461B69002BF0D15CB12046FFF776FFDC
S214016F0038B13B683C602361DAF800300133CAF8D7
S214016F1000303B685A7D6AB913F02CF9064699F899
S214016F200030002B94D1019888F8003088E71C4681
S214016F300021DEE7186800F0D3F8044613F01AF9CA
S214016F400646002C84D1EAE75C2A0020FCFFFFBF3E
S214016F50212E0020202E0020582A002038B5054674
S214016F6008B31822002113F08CFE09F0EDFF02464B
S214016F702846FFF72DFF20B1104609F0F5FF022045
S214016F8038BD0A4B1C6854B909491D600B68104688
S214016F9001332C610B6009F0E7FF2046F0E704F1AE
S214016FA010032469EFE70120EAE700BF5C2A00200E
S214016FB0582A002038B50446FFF70AFF09F0C4FF37
S214016FC005462046FFF704FF637D23B9284609F0EE
S214016FD0CBFF032038BD00236375064B1B68A34215
S214016FE003D113F0C7F8FFF719FF284609F0BCFFD5
S214016FF00020EFE75C2A00202DE9F84FDDF8289005
S214017000984604460D469246FFF7E2FEDDF830B09C
S21401701009F09AFF074613F0ADF806462046FFF73B
S214017020D7FE637D23B12046FFF7C4FF0023A37577
S214017030BAF1010F23D175B9B8F1000F21D1B9F119
S214017040000F03D05A4631462046C847384609F055
S2140170508BFF002019E035440D4BAA1B9A4210D82D
S214017060012363759DF82C303046C4E90058C4F8F6
S21401707008902375C4F80CB0FFF7D0FEE6E7AE42E1
S214017080EAD1384609F070FF0120BDE8F88F00BF4D
S214017090FCFFFFBF2DE9F04107468846FFF798FE43
S2140170A009F052FF3D68064613F064F87B7D7BB11C
S2140170B085420DD0094B2C1A9C4209D8304609F05E
S2140170C053FFB8F1010F08BF25462846BDE8F081F9
S2140170D0304609F049FF0025F7E700BFFCFFFFBF78
S2140170E008B50023044A194600F086FD10B10128B0
S2140170F018BF032008BD00BF3FA102000E232DE9E3
S214017100F74F06460F46144600254FF00609DFF8EE
S21401711054801370EBB209FB03F3D8F80010CA18B9
S2140171205079012807D92078A0F10E03584258411A
S21401713003B0BDE8F08F31F903B01179B2F902A0BE
S21401714030460022019112F0DEFF019908B901359F
S214017150E0E72170B7F900305B45F8DB5345F6DC14
S2140171600020E5E7640C0020014913F009B800BFD0
S214017170E98C0100014913F003B800BFBD8C010082
S21401718070B5164E032804460D4633781ED023FAF2
S21401719004F202F00102AA421DD053B10122A2401C
S2140171A0A54023EA02032B43DBB233704BB1012027
S2140171B070BD2DB10A4B01201B6898473378EDE767
S2140171C03570074B00201B689847F0E79A07DED01A
S2140171D003F0FC03E9E7002070BD00BF232E00206A
S2140171E09C2A0020F8B505460C4609F097FE104F7C
S2140171F006463B7833B1012D04D01CB90D48F3F790
S21401720017F83C7021462846FFF7BAFF0A4B04469A
S2140172101B783BB93B782BB913F00CF910B1074B2F
S2140172201B689847304609F085FE2046F8BD00BF2A
S214017230242E0020702A0020232E0020680C002017
S214017240054A0B46117831B100211170034A01211C
S2140172505268187810477047242E0020680C0020CA
S21401726038B5074D04462B78834207D001F01EFC43
S21401727020462C70BDE83840F2F75EB938BD00BF35
S214017280222E002038B5044680B109F047FE0121C0
S21401729004460846F2F7DEF801210B4A08460BF0D1
S2140172A09BFE2046BDE8384009F044BE09F036FE94
S2140172B0054621460120F2F7CDF801202146024A73
S2140172C00BF08AFE2846EDE74ECA02001B4B022948
S2140172D010B5187002D0032904D010BD184B1B78C6
S2140172E0002BFAD1FFF7D0FA0028F6D04FF0005263
S2140172F0144BC3F88020BFF34F8FBFF36F8F01F09D
S214017300ADFB0028E9D001F017FA0028E5D10E4BB5
S2140173101C6834B123689847BDE81040002001F08E
S214017320B9BB12F086FE094B18600BF0E9FE084B5C
S2140173301860204601F09AFBEEE700BF8F0E002092
S214017340222E002000E100E0BC2A0020982A00201E
S214017350942A002038B504460D46FFF795FA80B109
S2140173604FF00052124B1A6001F078FB48B9012D1C
S21401737007D8012001F08EFB0E4B1B6823B15B681A
S21401738098470D4B1C7038BD0BF0BAFE0B4B1A68B4
S214017390801A1860F3F770F84FF47A72084B1B687E
S2140173A002FB003012F047FE012001F05FFBE8E728
S2140173B000E100E0BC2A00208F0E0020942A002065
S2140173C0982A0020F0B585B009F0A8FD304D044696
S2140173D02B7823B12F48F2F72BFF00284BD1F3F778
S2140173E00BF802AA03A913F00FF80346002833D0BE
S2140173F013F01EF8029B98421ED10020264B0399DB
S2140174001B68264E9942307022D90027C91A0123DB
S21401741020482B70224A3346CDE900770BF016FE42
S214017420002830D11F4A1378D90718D4204609F00E
S21401743081FD002005B0F0BD12F0F8FF029B9842D6
S2140174401FD0002318461449144A09681370039183
S2140174500121FFF795FEE9E720462B70E7E7317833
S2140174600029E3D103F0FE031370002BDED10E4B8F
S2140174701B689847DAE7204609F05CFD032005B053
S214017480F0BD0220BAE7032320462F703370F3E7DE
S214017490242E0020702A0020902A00208E0E002024
S2140174A041720100232E00209C2A002070B509F0AD
S2140174B035FD164D04462B780BBB154A154913703E
S2140174C0154B164A16481A60164A174E5A60F2F7B6
S2140174D09DF816491648F2F799F8164B8020336046
S2140174E0ECF7C4FE052804BF134B3360134B5B6FE8
S2140174F09B0542BF0222124B1A6001232B70F2F742
S214017500DFFD204609F016FD002070BD252E002067
S214017510242E002054CA0200680C0020C573010006
S214017520602A0020E57101009C2A00205CCA020046
S214017530682A002061720100857201000040005037
S214017540902A002037B50C46234D59B90A46072123
S21401755005F08CFE214BAC645C6003B0BDE83040A6
S21401756005F0A2BE0722114605F080FE07221C4B3D
S2140175700121DA60237901A885F8483063790193FF
S21401758013F0B9F9019BC2B2D34000F00F0040EAF4
S214017590031085F84900A27985F84A20E27985F832
S2140175A04B202068E86401939BB1012102888B423D
S2140175B008D82379013B13440A4A136205F074FE86
S2140175C003B030BD30F811500131AA4228BF2A4617
S2140175D0EDE71A46EDE700BF003F00B0483F00B0B8
S2140175E0006000B8004000B810B5054C237823B100
S2140175F003F018FC0020207010BD0320FCE700BF3C
S214017600272E002008B503F0DBFB0122014B0020EA
S2140176101A7008BD272E0020431C07D06FF0FF020A
S214017620034B10405A62A3F580535862704700BF5F
S21401763000E000B810B504234FF03A4101240A4A8D
S214017640D1F81801C2F81831C2F814314C634FF45E
S21401765000511163410742BFC2F81431A2F58052AE
S214017660C2F8183110BD00BF002000BA00F01803A0
S214017670182B0AD003070AD440F2011310F01000A9
S21401768018BF1846034BD86770470020FAE7012059
S214017690F8E700BF003F00B0344B2DE9F7431E6802
S2140176A001F4007900F00103174653EA0902054682
S2140176B00C462ED04FF0000803B300230022012011
S2140176C00021CDE9008804F005FC4146304603F070
S2140176D02FF9414670830120FFF7BCF9716B06F163
S2140176E0D80003F09FF922490868FFF795FF4FF08D
S2140176F0FF330B60337C43F004033374B9F1000F9E
S21401770007D00121304612F053FC24F400740543DF
S2140177100C43D6E94A232A40234052EA030103D008
S2140177201449304609688847FB070FD51249134AA2
S21401773008680021136811600121114A117003B114
S2140177409847104B002102205B68984717F00E0FF0
S21401775008D040F2F3123B21002003B0BDE8F0430D
S214017760FFF720BB03B0BDE8F08300BF342800203C
S214017770700C0020740C0020B02A0020B42A0020CF
S214017780292E0020680C0020F7B504461046D4E9DF
S2140177904AC7DDE908268CEA020587EA06010540A4
S2140177A0194085EA0C057940C4E94A51002523F4BD
S2140177B0004106EA010320F0010043F40073024091
S2140177C043F00203CDE9005504F084FB237C9A07BD
S2140177D017D5D4F82C319B0513D54FF488112046C4
S2140177E012F0E6FB237C65F341032374D4E94A23B4
S2140177F002400B4052EA030103D0034920460968C0
S2140178008847002003B0F0BD740C002038B103682F
S214017810044A002B08BF1346034A13607047014B06
S214017820FAE700BF25A20200740C0020024B986EF6
S21401783000F00F00704700BF003F00B00F2938B5B9
S21401784005460C460ED801F047F901280CD1074A27
S2140178502846936E23F00F032343936612F008FE27
S214017860002038BD0120FCE70220FAE7003F00B007
S214017870014BD86E704700BF003F00B0014B00209F
S214017880D9667047003F00B003282DE9F7434CD86E
S214017890274B13F80080274B1E5C274B13F80090EC
S2140178A009F03CFB074604F0E3FC054640B1002323
S2140178B00022CDE9003301200023002104F00AFB59
S2140178C004F0DEFC48B100230022CDE9003300209D
S2140178D000234FF4004104F0FDFA26B3174BDC6C8D
S2140178E004F00804164B3146DC64404604F0D6FE2C
S2140178F04A463146404604F05DFF124BDC6465B1F2
S214017900114B1868416BD83003F08CF80F490868A2
S214017910FFF782FE4FF0FF330B60384603B0BDE839
S214017920F04309F007BB3446DCE703B0BDE8F0835B
S2140179306CCA020068CA020064CA0200004000B8AD
S214017940006000B8005000B834280020700C0020F9
S2140179500F4A136C13F0A00F15D1506C10F00400F1
S21401796013D10C4BD3F8EC3E23F07F4323F0FF03F7
S2140179705BB1D368C3F30362092A07D0B2F10C00E6
S21401798018BF01207047002070470120704700BFD4
S214017990000002B8003000B070B504460D46164629
S2140179A02BB1FFF747FE2946204601F08FFA4FF02C
S2140179B03A420124D368D26A03F0070306339C4097
S2140179C0C2F30C03E41AA4B2B44228BF34462946D3
S2140179D02246024801F0C4FB204670BD0C0000BAE6
S2140179E070B50D46064620B9194B1B68A3B1032096
S2140179F011E001F071F8012828D1164B93F90040E7
S214017A00C4F12704641BC4F11C03002BB8BF5B42FE
S214017A10232B0CDD012070BDA1F10B03002BB8BF99
S214017A205B42232BF6DC0B4B19700020F3E7B57491
S214017A3009F074FA084AE402136A04F4FF2423F4F2
S214017A40FF231C43146209F075FAEEE70220E2E711
S214017A5034280020262E002000C000B8094B084616
S214017A605A6A91020BD4D3F80021D20708D4D3F86E
S214017A70803013F4706F14BF01200020704701207E
S214017A80704700BF004001B8F8B50D46436B02EAE7
S214017A90010423EA0103234343633D4A01F00B0338
S214017AA023EA0401D1642340A2F580526F070646FB
S214017AB0D36410D50121FFF7D1FF60B104F090FD2A
S214017AC04FF4007314F0040F14BF324A324A536263
S214017AD00422324B1A64E90606D514F0100F14BFBF
S214017AE000221B222E4B5A652A061DD5230616D5C3
S214017AF04FF40012274B1A62012203F58053C3F894
S214017B00002109F00BFA0E210746032002F0D6FEEB
S214017B1040F20122224B3846DA6209F00BFA21467E
S214017B2006F1D80002F07EFFEF0503D5E00529D562
S214017B3002F094FEA90503D5A20526D502F09AFE09
S214017B4015F0600F09D0D6F8C810304612F06BFB5E
S214017B508022144B9867144B1A612B0510D504F03C
S214017B603FFD124A14F4006FD2F8EC3E14BF43F006
S214017B70006323F00063C2F8EC3E0422074B1A644C
S214017B800020F8BD02F064FED4E702F06DFED7E7F0
S214017B90006000B8005001B8006001B8002002B8CB
S214017BA0004000B8003F00B0000002B8003000B04E
S214017BB0014B1868704700BFAC2A002037B5012377
S214017BC000240022CDE9003400231046194604F0B3
S214017BD081F9022002F0ECF9054D064B21461C60A6
S214017BE002206B6898472B6803B0BDE83040184701
S214017BF0680C0020B42A00202DE9FF4102290C461A
S214017C0015469846039005D1FFF7D8FF002004B02B
S214017C10BDE8F08109F082F9184E074633683BB19A
S214017C20AB4205D009F086F9002301203360EEE768
S214017C30134B0022C3F8008001233560CDE90033E1
S214017C40002300251046194604F044F90D4B022086
S214017C501D7002F0ADF922462B4603A9022002F060
S214017C60C5F90446084B039A1A60084B1B689847E7
S214017C70384609F05FF9002CC8D1D5E7B42A0020B0
S214017C80B02A0020292E0020AC2A0020680C0020F3
S214017C90044B5B6E5B054EBF0120034B187800F06A
S214017CA00100704700C001B8292E0020014B186A58
S214017CB002F016BE004001B8014B186A12F0FBBC78
S214017CC0004001B8437C5A1F012A01D9082B05D16F
S214017CD04B7C2BB1012B05D0022B05D012F0CEBA6E
S214017CE002487047024870470248704720A10700C3
S214017CF048E8010040420F0070B50E4609F00EF943
S214017D00054600F00DFF044620B1284609F012F999
S214017D10204670BD04F064FC104B3278D3F8EC3E7C
S214017D20022A23F0F00315D0101F424242415200AE
S214017D3043EA02137278022A0ED0111F4A424A41C0
S214017D40520043EA8213054AC2F8EC3E0422044B71
S214017D501A64DAE70122EBE70122F2E7003000B00D
S214017D60002002B870B50E4609F0D8F8054600F0B6
S214017D70EDFE044620B1284609F0DCF8204670BD29
S214017D8004F02EFC104B3278D3F8EC3E022A23F096
S214017D900F0314D0101F424242415200134372781F
S214017DA0022A0ED0111F4A424A41520043EA820378
S214017DB0054AC2F8EC3E0422044B1A64DBE70122B2
S214017DC0ECE70122F2E700BF003000B0002002B865
S214017DD02DE9F8430E780446042E0D4690F80481EA
S214017DE00BD100275FFA87F9484601F091FD08B1EB
S214017DF04E4602E00137042FF4D1304601F088FDEB
S214017E00002845D094F80431B34208D1AA88A36C5F
S214017E109A4204D16A88B4F806319A4235D084F879
S214017E200461AB883046A4F808316B88A4F80631A3
S214017E30AB8804F58275A364FF23A37512F0BFFB1C
S214017E406075284601F024FD18BB284601F056FD52
S214017E50F8B9D4F8C43053B194F80411414506D0AA
S214017E602046B3F91220EEF7F1FA84F80D01204608
S214017E7001F090FD0949A4F808010123084AD1F848
S214017E80FC1004F1D80003F013FE0020BDE8F883CF
S214017E9001200E2384F80431F8E700BF004F00B03C
S214017EA0A43F00B070B5054690F804010C460E28B4
S214017EB01DD0FF291DD01AB14FF0FF320E4B1A60AC
S214017EC012F07DFB064695F8040101F055FD84424B
S214017ED028BF0446E4B2B44238BF3446E0B2A875BF
S214017EE001F04CFEA0F1FF035842584170BD02203C
S214017EF0FCE70120FAE700BF780C002010B590F8E7
S214017F00043104460E2B3ED0D0F8C4304175BBB3C5
S214017F10D0F8D420DAB990F80D318B421DD3002267
S214017F202046FFF7BFFF88B9184B1B7813F0FD0FEB
S214017F300BD1204601F02EFD15490123154AD1F833
S214017F40FC1004F1D80003F0B3FD002010BDB0F919
S214017F502420B3F912309A42E1DD0022204694F83B
S214017F600D11FFF79FFF0028F0D1C4F8C40020468A
S214017F7011F0ABFF01462046BDE81040FEF7BABE41
S214017F80FF238375E1E70220E0E700BF700E0020C3
S214017F90004F00B0A43F00B0C36B012B01D10020FD
S214017FA0704770B505464D498EB012F045FBD5F8C1
S214017FB0C46001462C8BC5F8C80026B1336813B1DE
S214017FC05B68002B5CD108F0A9FF08F0B3FF012322
S214017FD0D5F8C8108DF80E30B389D6E90120E31A1A
S214017FE09BB200FB03223E48ADF80C3003680292B8
S214017FF0994207D0284612F016F9802239493A4BA1
S21401800088671A61394C384E00F066FD0128FBD1AD
S214018010236CDA07F8D4336CDB01F5D4D5F8C81035
S21401802028460D919DF80E20029908AB03F034FA0C
S21401803018BB08A901A803F047FCF0B92A8B2C4B02
S2140180405A642B7C60F341032B7412F048FAD5F87E
S214018050C43002465B691968431EDBB2FD2B0491EE
S21401806014D9CC1C12D9234B01311B6815D0D81C4E
S21401807010D8284604A904930AE002200EB070BD69
S2140180801A68032A9FD99B6A5B0EA3E7284604A9B0
S21401809012F00FFA00200EB070BDD91C04D8284685
S2140180A004A9049312F005FAD5F82C319B0504D4E3
S2140180B02B7C43F002032B74ECE74FF48031284607
S2140180C011F076FFD5E94A2302400B4052EA03013C
S2140180D0E0D00949284609688847DBE7FC4F00B02D
S2140180E0A02A0020003F00B0000002B800C002B87D
S2140180F0008001B8840C0020740C002038B590F87C
S214018100105104463DB308F009FF1F22124B013DF2
S2140181105A621540114A12495562D4F814518D66B7
S214018120D4F81851CD66D1F80011C9070FD54FF014
S214018130FF31C3F80411216CC2F804114FF0F0416D
S214018140C3F81011E37CDB060B40C2F81031BDE822
S214018150384008F0EFBE38BD006001B8005001B8E5
S214018160004001B82DE9F74F06461546084619B9ED
S214018170012003B0BDE8F08F002AF9D0032904D806
S214018180002101F035FA0028F2D0B0F9001083780A
S21401819000290488077990F805B0B0F806C003F006
S2140181A00702C0F2CE80A2F10708D8F1000141EB28
S2140181B00801052A297394BF0021C3F30011C3F3F4
S2140181C0801069739909287401F00201C3F3C00095
S2140181D00143C3F340136974AB74EF74736BA5F872
S2140181E014C0D80600F19980063A012A00F295805B
S2140181F0554B4FF001095B6D4FF03A431A6DDB6C3E
S214018200083C03F00703063309FA03F9002309F1D2
S214018210FF3942F0005804EA090418F804A00134B2
S21401822004EA0904AB60631D03EA09035A1C02EA67
S214018230090218F8037018F80220BAF1800F737C4F
S21401824018BFAAF1320A47EA02270CBF6FF07F0A6D
S2140182504FFA8AFA3FB2A3B30020D6F8D0300BB15A
S214018260514698470134E87385F80EA004EA0904DC
S21401827018F80410013404EA090418F8043001342B
S21401828004EA090441EA032118F80430013404EA37
S214018290090441EA034118F8043041EA036117F47E
S2140182A0804305D0294BDB6EB3FA83F35B095B0091
S2140182B030466A7C03F0BEFC06232860AB710020C2
S2140182C057E7F90425D5D6F8C830ABB11A68022AA3
S2140182D012D993F82400C7F30B03DB0008B1B3FBF4
S2140182E0F0F39B45B8D8002BB6D0CBEB0B20B0FBF8
S2140182F0F3F0C043C0B2B0E729463046FFF7E2FCD0
S2140183000190304611F0AAFF019BB3FBF0F0C0B21A
S214018310E1E718F804004000ECE700230020EB73C7
S2140183200B4BDA69C2F30723120448BF63F0FF035D
S2140183305AB212F1800F1CBF323B5AB2AA730346DF
S214018340BBE7022015E700BF004000B8003F00B0C1
S21401835000C000B870B54FF03A434FF480640A4D40
S214018360D3F818610020C5F81841C5F8144104F087
S214018370FDF94FF400532B67730542BF034BC5F855
S2140183801441C3F8184170BD002000BA001000BAAD
S214018390082310B1024A13647047024AFBE700BF84
S2140183A0001002B8002002B8F8B504460E4611B90E
S2140183B0037C5A0647D44FF6FF73A18BD4F8C870D6
S2140183C0994204D0344B1B680BB120469847334D75
S2140183D02B68BB4254D0324B1B683BB11FB13A6885
S2140183E0002A4FD0BF6839462046984707272046BF
S2140183F001F0D0FA002E39D004F056FF0620294BA2
S21401840094F9122093F900302749C3F127039B1AE8
S2140184100A6ADB0222F4FF2203F4FF2313430B62F2
S214018420D4F8C820214B2A60986701F00FFC00257C
S21401843001211F4A1F4B1170204683F8845012F009
S21401844017F82846F8BD4FF6FF71144DD0F8C870DE
S2140184502A6866F3861397428183037417D0104BFC
S2140184601B68002BBAD101F095FA072712493B4643
S214018470124AD1F8FC1004F1D80003F019FBBBE74F
S2140184800127B4E71746204639469847AEE701F07C
S21401849081FA0127EAE700BFA82A0020A02A0020C7
S2140184A0A42A0020262E002000C000B8006000B8D4
S2140184B0282E0020003F00B0004F00B0A43F00B0BF
S2140184C02DE9F8430D4600F007FB0128044630D19C
S2140184D0194F3B7883B92846ECF75EF9054610B983
S2140184E0ECF7D4F92C463B781BB10121022003F0AE
S2140184F057FA2046BDE8F8830021022003F050FA1F
S21401850012F069F80646DFF83490DFF83480D9F8BF
S214018510F4331B07DFD412F05EF8801B404541F6AA
S214018520A2224FF045018CBF00200120FEF73AFC45
S214018530EDE70224DDE700BF2A2E0020000002B886
S2140185403F420F0008B558220021064812F099FB59
S2140185501022FF21044812F094FBBDE8084004F005
S214018560A3BE00BFF03E00B0343F00B0002373B599
S21401857083746923C0F8E03074234FF0FF350E266C
S214018580A0F8F43064230446C0E93933C0E93B332C
S214018590C0E9075580F8046185644575C58203F016
S2140185A077FE2046FFF7CEFF94F912102046FFF71C
S2140185B017FA6023114A40F6FF71D3644FF03A422E
S2140185C0116311670E4A2946D36440220D4B20469B
S2140185D01A64626BFFF758FA002240F20223104633
S2140185E01946CDE9006603F075FC01F0A5F92046B1
S2140185F002B0BDE87040FEF7B1BB00BF004000B856
S214018600005000B8002002B8044BD3F8EC3E13F03B
S214018610806F14BF23200020704700BF003000B0D9
S2140186200246F8B5B0F8084100F1D805FFF7ECFFAF
S2140186300B688E68013304BFD2F8E0300B604B68DC
S214018640013304BFD2F8EC304B60771C37D1D2F837
S214018650E830CF688B607E1C38D1D2F8E4600F69B1
S214018660CE60013704BFD2F8D8700F614F69013769
S21401867004BFD2F8DC704F618F69013704BFD2F8AE
S214018680F0708F618F6947BBC0F1640408688C6124
S214018690C2F8E8304B68C2E93806C2E93B340B69D8
S2140186A02846C2F8D8304B690F49C2F8DC30D1F8F9
S2140186B0FC1007230D4A03F0FBF90020F8BD04F176
S2140186C069031B1AB34238BF3346C2E704F1740686
S2140186D0361ABE4238BF3E46C1E76934241ABC4248
S2140186E038BF3C46D2E700BF004F00B0A43F00B001
S2140186F038B50446074D21462868621C003818BF65
S214018700012002F04DFB2B680020003B18BF01231F
S214018710A37038BDB82A002038B5054C054B417802
S21401872000782568236002F08DFA00B1256038BD17
S214018730B82A002078CA020070B508F0EFFB05469B
S2140187400B4E00F0C9F9012804D0284608F0F2FBC8
S214018750022070BDF36813F0706FF2D1F46814F064
S2140187608054EED1284608F0E5FB2046F1E700BF2D
S214018770000002B80A4B10B51B68044673B1094BDA
S21401878048B10121084A1A60022003F009F90020C5
S214018790064B1C7010BD01461860F5E70220F9E78C
S2140187A0B82A0020BC2A002070CA02002A2E002007
S2140187B0014B1878704700BF2A2E002038B508F004
S2140187C0ADFB4FF6FF710A4A13888B4203D108F0BE
S2140187D0B1FB032038BD074C074D1B046566A4F5A5
S2140187E080546366118008F0A5FB0020F2E700BF05
S2140187F06E0E0020006001B80000FFFF2DE9F34176
S21401880005460F461446FFF7A3F890B1DFF8E0815E
S21401881003F0B2F8D8F81430DE0740F1CF8008F044
S2140188207DFB0646032001F0E7FC38B1304608F030
S21401883081FB0226304602B0BDE8F081D8F814303C
S21401884013F0060FF2D1304608F074FB5C4B4FF480
S21401885000612846D3F8EC8ED3F8CC6E04F01AFDEE
S21401886038B14FF400720121564B08461A64FEF7E0
S214018870F1F839462846FEF73DFA514BC3F8CC6E5F
S214018880C3F8EC8E06460028D4D12B7CD80601D43A
S214018890002C55D0C4F3400003F068FE022314F404
S2140188A0807F1FBF484A002113644FF03A420BBF36
S2140188B0444A91611364536303F092FE4FF480635C
S2140188C014F0040F14BF414A414A14F0400F53629A
S2140188D04FF004023B4B20461A644FF0400314BF8E
S2140188E03C4A3D4AC2F88830FEF7C0FE284611F0E1
S2140188F0ECFC38B14FF4807314F0010F14BF324A08
S214018900304A1364A10643D54FF6FF726B8C93422F
S2140189100FD0324A3249526E100CC2F301120132A4
S214018920B3FBF2F30880294A29492E481B044866FE
S2140189305366003C18BF01242B7C64F304132B748C
S214018940284611F092FDF0B1284611F0BEFCD0B1D8
S2140189504FF40031284604F09DFC431C03229BB2D1
S214018960214801A911F0F1FD9DF8042002F007034A
S214018970052B9DF8053014D112070CD443F48073EF
S2140189801A4AC2F8D43040F2366000F035FF51E79B
S214018990FFF714FFCDE713F0040F09D19DF8063059
S2140189A0ECE703F03002202A05D113F0010FF4E7BB
S2140189B04FF48073E4E79DF80630E1E7032639E7D4
S2140189C0003000B0002002B8001002B8005001B814
S2140189D0006001B800D000B800E000B8004001B85F
S2140189E06E0E00200000FFFF0C0000BA003E00B033
S2140189F000C001B808B50C4BD3F84C315A1C12D044
S214018A005B0010D4094B1B78012B0CD9082B0AD01C
S214018A100320FEF739FF4FF08062054BDA6401222E
S214018A205A6102229A6208BD0080E00F900E002073
S214018A30001002B84FF40022034B186C03F50053E4
S214018A401A64C0F3C0407047000002B8014B024AE6
S214018A501A607047A42A002045750100024B586928
S214018A6000F00100704700BF00C001B8084B5A690A
S214018A70D10707D508B901F077BA5B69DA0706D4DA
S214018A8001F064BA5B69DB0701D40028F8D17047AE
S214018A9000C001B84FF0806310B1024A53617047BD
S214018AA0014AFBE7001002B8002002B8202350B1AB
S214018AB0064AC2F8F433064B196C11F0020104D1D0
S214018AC0032002F06DBF034AF3E77047001002B8B7
S214018AD000C002B8002002B80F4BDB68C3F3036383
S214018AE0013B0B2B0FD8DFE803F006060C06060643
S214018AF006080A0808080220704704207047052067
S214018B00704703207047054B5B6913F0060F0CBFD7
S214018B1001200420704700BF000002B800C001B861
S214018B20094AD368C3F303630B2B08D06FF4905044
S214018B30184100F0010080F0010040007047106C01
S214018B4010F48030EDD17047000002B80C4AD368AB
S214018B50C3F30363062B07D8042BD8B20BD8C31E66
S214018B605842584140007047072B06D1D2F84401BD
S214018B700028ECD17047022070470020704700BFE4
S214018B80000002B8F0B5CF072BD5002A14BFAA25DE
S214018B9055250E461E24154F01F0030383F00103ED
S214018BA03B449B7806F0070C17F80CC0013C634465
S214018BB04FEA5606F6D10E4E73436FF481769B0C40
S214018BC0334482B991FAA1F195FAA5F54A082D0F19
S214018BD0490042EAC57201F00204C474C0E91023D8
S214018BE0F0BDAA25D5E7034AF7E700BF8CCA020005
S214018BF036FC1000B756351230B547F6FE74164BE4
S214018C00C3F83042456C04EA4504144DC5F83042B9
S214018C100F245C66CC071CD5DAB901246C664FF0CC
S214018C20FF34C3F80441056C0C4CC4F804514FF0F2
S214018C30F045C3F81051C37CDB062B40C4F8103155
S214018C4032B14FF03A430222C0F88010C3F8F42044
S214018C5030BD0224E2E700BF006001B8005001B851
S214018C6013B5437C0446033BDBB2072B96BF104A81
S214018C700021D15CFEF702FE012001F0E1F84FF47D
S214018C80F0620C4BDA644FF40072A3F58053DA6499
S214018C90637C053B012B08D80421074B01229B6E00
S214018CA00DEB0100019300F021FB02B010BD00BFE7
S214018CB084CA0200006000B8004001B8012310B564
S214018CC080F8F6302823C0F8DC30042304464374C9
S214018CD0044B196811F0C3F82046FFF7C1FF0020C6
S214018CE010BD00BFD0CA0200012310B580F8F630CF
S214018CF02823C0F8DC30022304464374044B196869
S214018D0011F0ADF82046FFF7ABFF002010BD00BF05
S214018D10D4CA0200012910B5044604D90239012932
S214018D2014D9032011E00B4B19680523012284F89E
S214018D30F6204FF4BC726374C4F8DC20204611F0B0
S214018D408EF82046FFF78CFF002010BD024B1968F5
S214018D500623EBE7CCCA0200C8CA0200012310B5FD
S214018D6080F8F6304FF4BC73C0F8DC3008230446B4
S214018D704374044B196811F072F82046FFF770FF30
S214018D80002010BDC4CA020038B5184B04461D6841
S214018D9045B1EB6833B1286801F0A0FCAB681868F0
S214018DA001F09CFC124B1B682BB1DA681AB19B6868
S214018DB0186801F093FC0F4B1B682BB1DA681AB1E7
S214018DC09B68186801F08AFC0B4B1B682BB1DA68AC
S214018DD01AB19B68186801F081FC2046FFF784FFF2
S214018DE02046BDE83840FFF73BBF00BFD4CA0200AB
S214018DF0D0CA0200CCCA0200C8CA0200F8B5D0F830
S214018E00143104468B420D46164603D190F81031B4
S214018E10202B0ED0324629462046FFF7B3FE2023EC
S214018E2084F810310023C4F81451C4F81831FFF740
S214018E3065F94FF00077074B32461F6429462046F6
S214018E40FFF7DAFE8022044B1A6103F500531F6414
S214018E50F8BD00BF001002B8000002B8072330B505
S214018E60124D134CEB63134B69B1442140F04000A3
S214018E70596398630123E3634FF4804392B1C4F8C6
S214018E8004310A4A07E0596399634FF48043084A5C
S214018E90E163C4F80431C2F80831C2F80C31C2F8F3
S214018EA0103130BDC5F80431EBE700BF006000B8F3
S214018EB0005000B8004000B8034BD3F8F80780F024
S214018EC00070C0F340607047000002B810B5407CE7
S214018ED0A0B1304BD3F8B82012F0060F01D0042809
S214018EE00DD94FF470622C4BDA604FF48072A3F503
S214018EF08053DA600022274BC3F8B42010BD02F07D
S214018F00020412F0040202D00B789B0637D4002C20
S214018F1039D00B7803F00F03072B34D14B78022B93
S214018F2031D98B7813F03E0F2DD0CC7814F0040F86
S214018F3029D014F0010F0CBF04230A23A40748BF4D
S214018F400633CB5CFBB1002A14BF0222012204289F
S214018F5040F6FF7003F01F0108BF4900013940EADF
S214018F6001310E4801654FF470600B491202C8606A
S214018F70A1F58051CA60074AC2F8B430BEE7002C9A
S214018F80C7D18B7823B90023044A13650122EAE787
S214018F900222DCE7003E00B0006000B8004000B8E6
S214018FA00A68064B12F0802F1CBF42F20101C3F87B
S214018FB02812C3F88822C3F88C227047004001B8F3
S214018FC0F0B585B06C460E460B4B074615460FCBE3
S214018FD084E80F00094BD3F84822009226B16B1E95
S214018FE0DBB2FD2B88BF32602A462146384611F097
S214018FF060FA05B0F0BD00BF94CA02000080E00F21
S21401900030B50823054685B080B9094AC2F8FC3355
S21401901051B96C46074B0FCB84E80F00064B2A4626
S21401902021461868FFF7CCFF05B030BD034AEDE7CF
S214019030001002B8A4CA020034280020002002B89A
S21401904038B5044601F060FA01213A20EAF702FE3B
S214019050E0782179154A40EA0143C2F8DC34E57923
S214019060A37943EA0543C2F8E03423781BB1002311
S214019070042207F0F3FF63782BB100230422E17981
S214019080A07907F0EBFF2278012352B1084AC2F813
S214019090D8346278022332B1054A0020C2F8D834A7
S2140190A038BD044AF3E7034AF7E700BF00C00350A0
S2140190B000D0035000E003504FF03A43D3F8142198
S2140190C0D2031ED54FF480320E49C1F81421A1F502
S2140190D08051C1F818215A6DD1B2C2F30722C3F8E4
S2140190E0A410C3F8A4200422C3F8A4200022C3F8C5
S2140190F0A420C3F8A420C3F8A420C3F8A420C3F86E
S214019100A4207047002000BAF8B50D464FF03A4447
S2140191101746064607F002FF01230421074A636348
S214019120E76026616561C2F81411054AC2F8843108
S21401913007F000FF0DB102236363F8BD002000BAFB
S21401914000E100E0054B012218604FF03A435A67F0
S21401915040F6FF72D96418651A677047C42A002062
S2140191602DE9F04105460124006800F007000630AD
S21401917004FA00F3A868EC685E1EA04262D000EA1A
S214019180060E6C6810441E430640A3EB0E000EEB61
S214019190040C8242644618D9D31A0EEB030298B126
S2140191A0431E052B04D94B1CACEB0303022B59D8E9
S2140191B00B460844ACEB010E03EB0E0113F8014B12
S2140191C083420C70F8D101466C688AB1531E052B98
S2140191D001F1010302D9E01A022812D80A44611EDD
S2140191E000E0013313F8010C934201F8010FF8D1A6
S2140191F007F094FE0223AE60AB62BDE8F04107F0D3
S21401920099BE0B46204622F0030E8E4453F804CB3B
S214019210734540F804CBF9D122F00303D01A920724
S21401922001EB030C04EB0307E2D0CA5C0128E2540D
S214019230DED09CF8013002287B70D9D09CF8023031
S214019240BB70D5E7042A35D90878043AA86148786E
S2140192500431A86111F8020CA86111F8010CA8618B
S214019260A8688CE70B4620F003070F44ACEB010E11
S2140192701C684EF803400433BB42F9D120F00303C7
S21401928010F0030F01EB030EA0EB03040CEB030736
S21401929028D011F80380012C0CF8038022D09EF808
S2140192A00130022C7B7018BF9EF80230084418BFAC
S2140192B0BB7088E7013A032A12D8DFE802F00F15DF
S2140192C007020B4613F8012B1946AA610A4612F843
S2140192D0013BAB61114611F8013BAB610B78AB6109
S2140192E0BDE8F08108446EE70A46F3E738B50B4659
S2140192F0154601464FF03A4470B101221048C4F8B1
S214019300F4201A46FFF72CFF25B14FF03A4304220A
S214019310C3F8F420002038BD73B1D4F8D8209A429F
S21401932084BF0122C4F8F4204FF03A42C2F8D43088
S2140193300223C2F8F430E7E70123C4F8F430E3E788
S214019340CC0000BA10B507F0E9FD4FF03A43012210
S2140193505A67C3F8B420C3F88C20154A1549C3F8D8
S21401936090200722C3F8B020134B04461A8000232E
S214019370124A13804FF4A022C1F81421A1F580519E
S214019380C1F818210E4A13600E4B1B6C5B020AD5FE
S2140193904FF480020C4B18680C4BD8301A6450F806
S2140193A0A41C01F03FFB2046BDE8104007F0C2BDFB
S2140193B030140020002000BA482D0020462D002041
S2140193C0C02A0020000002B834280020002002B87D
S2140193D007220D4B01211A8000220C4B1A804FF0F8
S2140193E03A43C3F8F410C3F8CC204FF40052C3F844
S2140193F0D000C3F8F020F022054B9A64A022A3F512
S21401940080539A64FFF79EBF482D0020462D00200A
S214019410006000B82DE9F041044688B107F07EFDF2
S2140194203D4E3E4A3388032C03F0780105463C4FF7
S21401943003F07F0C11445DD13C6824B907F07AFD36
S2140194400320BDE8F08124F00104386820F0010013
S214019450A04254D100223A6022888C426FEA4242EE
S2140194606FEA5242228040D12E4CDFF8D0C02788C6
S214019470ACF180083A46083A92B201F1080060451C
S21401948028BF4046082A04D9B0F900E0BEF1000F13
S21401949040DB228088780C884FF03A413B449B1A87
S2140194A0DBB2C4F30C048C653380C1F89830C1F884
S2140194B0B0204FF480221C4B00F00700C3F81421A3
S2140194C001221A4BC3F88421FFF7F6FD04280CD1BC
S2140194D04FF48002164B1B6C164B1868164BD8308F
S2140194E01A6450F8A41C01F09DFA284607F022FDE4
S2140194F00020A6E7601E012898BF0C46A5E709488C
S21401950062440088A21A48BF803208389042A3DC21
S214019510284693E70146AEE7462D0020301400208A
S214019520C02A0020482D0020002000BA00E100E0FB
S214019530000002B834280020002002B8B014002031
S2140195401249134B0A881B8812481344083292B2F8
S2140195500A804FF03A41C1F8B0204FF480210E4AFC
S214019560073BC2F81411012103F0780303449878ED
S2140195700A4A00F007000428C2F8841103D10849FA
S214019580CA681203FCD4074A13607047482D0020AE
S214019590462D002030140020002000BA00E100E033
S2140195A0000002B8C02A002010B5054C206828B17A
S2140195B0C30701D4FFF72EFF0023236010BD00BFB1
S2140195C0C02A00204FF48033084AC2F81831A2F5A9
S2140195D08052C2F814314FF03A43D3F8AC30C3F39B
S2140195E00C03782B01D8FFF767BD7047002000BA3F
S2140195F02DE9F84304460E4607F090FC514B814690
S2140196001A885148514D02F07801032C2D8802F03A
S2140196107F03014417D14E4C24688CB92A44073A7B
S21401962002F0780284180344E31A48BF8033AB4241
S21401963010DB484607F07EFC00242046BDE8F88390
S21401964024F00104EFE7012C02D0022CEBD1083DF7
S2140196500C46E8E7002E44D08C4246D14FF03A4201
S214019660D2F858804FF03A410127CA6C02F007023F
S21401967006329740D1F8AC20C2F30C029A4247DD7D
S214019680B4F900302588002BD3DBA378C5F30C058D
S21401969003F007037A1EA5EB08053A43052B337042
S2140196A005EA02052CD82DB2E84340F236420421E1
S2140196B0C00FFDF777FB7580E378264A337412688E
S2140196C07B1E03EA0803D118B160A9B213FA85F527
S2140196D0BD4291BF0023FF1AB780F2609CBFB180E4
S2140196E0F360484607F026FCA7E7A4F10802824289
S2140196F038BF04F17802B2F80080C8F30C08B1E76D
S214019700154B5B6D003B18BF0123A5EBC305CAE7EC
S2140197104B6D7A1EA3EB08033A431A400F4B15B262
S214019720DB6862B9C3F30363D91E4B424B41DB00CE
S21401973033700A4B72809B6CC3F30723BDE7082383
S214019740F6E700BF462D002030140020482D0020EB
S214019750C02A0020C42A0020004000B8000002B839
S2140197601022024B1A70FFF745B900BF900E002079
S214019770054A1378102B04D018B123EA010313709D
S2140197807047FFF7EDBF00BF900E0020124B134944
S214019790D3F84C215B6823F0404323F440031B0CB1
S2140197A01B048B4215D10E4B13400E4A93420BD12C
S2140197B00D4A0E4B904208BF13461B1A58424FF0F3
S2140197C001015841FFF7D4BF094A934201D1094A22
S2140197D0EFE7064BF1E700BF0080E00F000016023E
S2140197E0007FF01F00026000E17DF95F690345EC30
S2140197F0000460009839F49640B1054B1A888242FD
S21401980004D2002018800421FFF7B2BF0120FAE736
S2140198104A2D002010B5044610F0FEFF00B1A08AC4
S214019820034BBDE8104018800020FFF7E5BF00BFDE
S2140198304A2D002010B5104CD4F84C315B0004D4EE
S21401984001F0A6FD0221FFF793FFD4F84C31591C15
S2140198500FD05A000DD4094B1878012809D9A0F168
S214019860080358425841A622BDE810403121FDF7B1
S21401987099BA0120F7E700BF0080E00F900E0020A4
S214019880024A137843F0080313707047900E0020C5
S21401989038B5134D0446297819B92022114811F01C
S2140198A0F0F96188104A23785180002113700F4A1D
S2140198B0022BC2F8CC104FF0FF010D4A0D4B117070
S2140198C04FF007010C4A4FF00000C2F8FC130CBF22
S2140198D004220122C3F8FC2301232B7038BD00BFEC
S2140198E02B2E0020E03F00B0700E0020004001B893
S2140198F0930E0020001002B8002002B8034B1A682D
S21401990002609B8883800020704700BF700E002095
S21401991010B5044600F0F8FD064BD3F8F83724B925
S21401992083F40033C3F3404010BDA31E5842584190
S214019930FAE700BF000002B84FF63F7208B50A4BBF
S214019940D3F8FC37934206D0084AC3F301131370C9
S214019950E022074B1A7000F031FE41F66A03B0FBB5
S214019960F3F0044B186008BD000002B8940E002006
S214019970950E0020C82A002020B1022804D1034BEE
S21401998018787047024BFBE700207047940E0020C2
S214019990950E00202DE9F74F846C4C22022C38BF1F
S2140199A002246A49013C0B6AD1F8CC506849C3F3DA
S2140199B08213DA400B680646A34290F804B1654B61
S2140199C0DFF8ACA1DFF8AC91DFF8AC8102F0010260
S2140199D014D11878904211D19AF8000058450DD14B
S2140199E0F06C58B1A84209D1B57D99F800008542BE
S2140199F004D1B8F8040003B0BDE8F08F0C6098F805
S214019A0000101A700846FFF7B7FF002A00F086809C
S214019A1004234FF07F4100254F4AC2F8B8304F4B20
S214019A20C3F8B810B37D1B06C2F8B8304FF08052A9
S214019A30494BC3F8B42000F0C1FD40F27123B0FBDE
S214019A40F3F0192160431828B0FBF1F14FEA054401
S214019A5070D8002C78D0B4FA84F2C2F12002C2F198
S214019A600F03012B38BF0123D440A14201D2013B91
S214019A7064086A1C03F01F0152008A40384F121B0B
S214019A809208C7F8B0201A0242EA03121343019360
S214019A9005EB052305EB0325324B40F6C702186894
S214019AA02B21003818BF0120FDF77CF9FA222D4B37
S214019AB002FB04F01B6840F6FF72B0FBF3F00A23CA
S214019AC05843294B00F57A74C3F8C420019AA3F5CC
S214019AD08053C3F8C420A3F58053C3F8CC50D3F801
S214019AE0CC3000F58C50C7F8FC30F5641F4D1430AF
S214019AF02C6001F087FF4FF47A72C7F8A400C7F80C
S214019B00F8002B68B4FBF2F0B3FBF2F3A8F80430CC
S214019B10B37D8AF800B089F800306CE7002914BFDD
S214019B2010252025B37D834294BFED182D1805F02E
S214019B30FF057BE7B1FA81F234B1B4FA84F3D21AA5
S214019B40002A8CDC0F2390E70F2392E7004001B830
S214019B50780C00202C2E0020001002B8002002B83D
S214019B60003F00B0C82A0020006001B8CC2A0020BF
S214019B70920E0020910E0020700E002010B5114BA1
S214019B8001461B78104C0E2B02D1FF20207010BD11
S214019B90184610F014FD02461846FFF7EDFE8842FF
S214019BA028BF0846C0B2904238BF10462378C0B2DC
S214019BB08342ECD0054B20701868FFF7EBFE207847
S214019BC0E5E700BF700E0020930E00203428002029
S214019BD010B50446FCF758FE78B1154B1B786BB9E7
S214019BE064B1144B1B784BB1134B1B78013B012B13
S214019BF004D84FF40042114BDA6410BD104BDB6CF5
S214019C001B04FAD407F08AF9044602F0E9FC4FF483
S214019C1000420C4B2046BDE81040DA6402220A4B93
S214019C20C3F87C240422054B1A6407F083B900BFED
S214019C302D2E00202E2E0020D02A0020002002B833
S214019C40000002B8001002B800D003504FF4802282
S214019C50014B9A64704700BF005000B870B50546C6
S214019C6000F052FC01213A20E9F7F4FF424C434B45
S214019C7000201D70FFF7ACFF2378013B012B0CD8A9
S214019C800122217CE37B8A4030214B4342F21001C2
S214019C9003F1A04303F570335A500022384BC3F842
S214019CA07C24ADB94FF6FF71364AC2F88410F8210C
S214019CB0A2F58052C2F88410C3F87C54324B4FF0A0
S214019CC08042DA644FF48022304B00209A6470BDE3
S214019CD0636883B300F072FC626800EB5203B3FB67
S214019CE0F2F3013B1B0243F0F80326782549022EC6
S214019CF0264A22D0032E4FF6FF7521482AD0012E80
S214019D0033D143F00203C1F88450C2F884300723EC
S214019D10C0F87C343021E37B01204B4341F2100133
S214019D20227C03F1A04300FA02F203F570335A5085
S214019D30FFF74EFF17E0F823D7E74FF6FF7043F023
S214019D400103C1F88400C2F8843006220C4BC3F824
S214019D507C24DFE743F00503C1F88450C2F8843061
S214019D600423C0F87C340A4BA9E7C1F88450C2F832
S214019D7084300023F5E700BFD02A00202E2E0020D5
S214019D8000C00350006000B8002002B8005000B8C0
S214019D90001002B8F8B5214F06463D4604460FCEE0
S214019DA00FC533682B6000F0AFFB01213A20E9F7BD
S214019DB051FF00221A4BC3F87C24A17A627A42EA48
S214019DC00142C3F88824217CE27B42EA0142C3F8BF
S214019DD08424207B617B40EA0142C3F880243B78DF
S214019DE0032B19D8DFE803F01202060C0023042225
S214019DF007F034F900230422217CE07B07F02EF9DA
S214019E0001230422A17A607A07F028F9054B187815
S214019E10BDE8F840FFF722BF0120F8BDD02A002098
S214019E2000C003502E2E0020034BDB6C002BBCBF62
S214019E30024BC3F888007047000002B8004000B823
S214019E404FF0006338B1064AD364064B4FF4003234
S214019E50C3F884207047044AD364044BF6E700BF76
S214019E60001002B8005000B8002002B8006000B828
S214019E702DE9F0472D4B2E4C4FF47A76A36000F077
S214019E809DFB4FF4FA73B0FBF6F673430746294879
S214019E90190E1B021818284A4FF0000341F1000161
S214019EA003F0C0FEA0F580730546236320B9662241
S214019EB02B21FCF777FF01254FF47A724FF0000A49
S214019EC06A4353465008310203F0ACFE1B4BB7F50C
S214019ED07A7F19601A4B4FEA05688946044618606E
S214019EE04FEA152505D276222B215046FCF75AFF5C
S214019EF001264FF47A73A8FB030103FB05117308CF
S214019F00C01841F100010023324603F08BFE0D4BD1
S214019F10023419600C4B49F10009A408186044EAA0
S214019F208974034B013C9C63BDE8F0870211010074
S214019F3000C001B820A1070040420F00F02A00200F
S214019F40EC2A0020E82A0020E42A00201022044BF4
S214019F50C3F884215A600122024BDA60704700BFC1
S214019F6000E100E000C001B81022064BC3F88421CE
S214019F70C3F88420BFF34F8FBFF36F8F0422024BC9
S214019F80DA60704700E100E000C001B810B5044691
S214019F90A242A2EB0000A3EB010104D2034B01395C
S214019FA09B6B0133184401F0030110BD00C001B8DA
S214019FB038B501250A4B02019D504FF480730446C3
S214019FC0084A8340536606F0A9FF074AA54013785E
S214019FD023EA05031370BDE8384006F0ABBF00BFA7
S214019FE000E101B800E001B82F2E00202DE9F84F5E
S214019FF0164605468A461F4606F090FF022E00F0DA
S21401A000B080804606F0A0FF694B6A4AD3F82090DC
S21401A01092F88D405A6EE4B2520744BFD3F82090AE
S21401A020013406F0A1FF644B644A1B681168A3FB68
S21401A030093213F100434FEA847301FB093343EB02
S21401A040020304F00302DAF80040012E04BF0134D3
S21401A050E418A3EB040308BFCAF80040B3F1804F2D
S21401A060C0F093804FF0004000235549D1F800C05E
S21401A07024F04041ECFB01035248A40F006800FBAA
S21401A08001334B495048896B8B4281BF0134013102
S21401A0905B1A04F00304A41A994584BF444A04F1E8
S21401A0A0FF3404F0030488BF926BA3EB090C4455FC
S21401A0B0A4B1FC0742BF41F61F71444A5167B90774
S21401A0C042BF424A424951677A0742BF0021384A95
S21401A0D091673C0742BF0021354A91654FF0110A4E
S21401A0E04FF0010E324A05F11004240102EB051B64
S21401A0F0CBF80C3142F804A0136A3649A3EB0903E6
S21401A1000EFA05F4D2F864900A78E4B22243634565
S21401A1100A7025D34FF48073AB4019EA030F1FD1A1
S21401A120425D002A40D10EB32B4AF807536607D585
S21401A13041F61F7140F20110244B59675067596769
S21401A140B90706D5214B224A234924485A6748674E
S21401A1505A677A0742BF0122214B1A613B071AD47C
S21401A160404606F0E7FE0120BDE8F88F1D4A2D01A6
S21401A17042F805E042F89C3C06F0D0FE15490B7803
S21401A18023EA04030B7006F0D5FE404606F0D2FE25
S21401A1900020BDE8F88F2120FFF746FE4FF48032FD
S21401A1A0034B4046DA60DCE70B4A40465366D8E785
S21401A1B000C001B8003E00B0E42A0020E82A0020D2
S21401A1C0EC2A0020F02A0020302E002000E001B802
S21401A1D000001F1F2F2E002000D001B80000010133
S21401A1E0000002B800E101B8024B1878003818BF29
S21401A1F0012070472F2E0020034B10300001185805
S21401A20000F00100704700BF00C001B8044B01F028
S21401A210F071103041F0030100011950704700BF82
S21401A22000C001B838B506F08FFE084B084A1D6A13
S21401A23092F88D405A6EE4B2520744BF1D6A01344B
S21401A24006F092FE284604F0030138BD00C001B8AE
S21401A250003E00B038B50B4B03EB00121030000186
S21401A260D2F80C411D58FFF7DDFFAB0706D5844237
S21401A27000D90139204601F0030138BD844238BFB8
S21401A2800131F7E700C001B808B52220FFF7CCFD81
S21401A2904FF48022014BDA6008BD00BF00C001B850
S21401A2A0064B1B68434303EB8171054B1B68A3FBFD
S21401A2B0003013F1004341EB00007047E82A00200C
S21401A2C0E42A00200C4A20F04043014610B5002045
S21401A2D014684FF00042E4FB0320084A890F126815
S21401A2E002FB0300064B9B6B984204D901330131F4
S21401A2F0C01A01F0030110BDEC2A0020F02A00204C
S21401A30000C001B8F8B50646FEF7A8FB044608B13A
S21401A310FFF72AFE00230B4D0B4FAB613046EB6176
S21401A3202B6287F88D30FFF7CDFFC9B287F88D1005
S21401A33028622CB1FFF70AFE4FF08062034B1A64C5
S21401A3400020F8BD00C001B8003E00B0002002B8F1
S21401A35070B50C68651C15D0C4F302669E42C4F342
S21401A360074530D1A4B294422DD804EB8506B242FB
S21401A37029D2141BA50824F003040E59340F04D067
S21401A380012C09D00022012303E06B1C51F8232085
S21401A39000230260037170BD0D4C34F8133042EA9D
S21401A3A003431A686B1C51F8234001EB83014B6889
S21401A3B022405E4036F07044EAD11B0F032B04BFE7
S21401A3C08B681A43E4E7013501EB8501C1E700BF5D
S21401A3D0BCCA020070B51646054610B901242046CF
S21401A3E070BD0029FAD04268104B006803321B6822
S21401A3F0920800F13040984704460028EFD1002E1D
S21401A400ECD0EA68A86803323146920800F1304081
S21401A41010F009F904460028E1D1D5E904022146E5
S21401A42000F1304010F02DFCD9E700BF800C002071
S21401A43007B501A8EBF746FD9DF80530022B02BFD4
S21401A44040220B4BC3F8FC23C8220A4B5A650A4B21
S21401A4500A4AD3F86032DBB2FF2B08BF03239B0006
S21401A46043F47F53C2F8F83303B05DF804FB00BF32
S21401A470001002B8008001B80080E00F000002B8AA
S21401A480002310B5194C012123643A206364A364A8
S21401A490E9F7E0FB0122164B5A6102229A62E36851
S21401A4A0C3F303630D2B01D0002BF8D11123114AFE
S21401A4B0A36311491148FFF78DFF01F0D9FB104A3C
S21401A4C0936843B94FF08062094B5A61012203F544
S21401A4D080535A6110BD0B49D268096803F13043B5
S21401A4E0032AEFD943F8041B043AF9E7000002B83F
S21401A4F0001002B81CCB020020CB020004CB0200E5
S21401A500ECCA0200940C0020012341F6FF710D4AAB
S21401A510C2F8803291660C4A53600C4A53600C4A6A
S21401A5205360A2F580425360A2F54042536002F5A3
S21401A530C032536002F580425360A2F50042536078
S21401A540704700BF0090005000D000B8001000BA5D
S21401A550005001B838B50324FFF7D6FF114A124B55
S21401A560124DDA64FFF764FF114BC3F8E040012394
S21401A570EB6401F001FA4FF460736B614FF4007302
S21401A580EB640FF0ACFF0021FEF73AFD8022094B89
S21401A5901C64A3F580535C64074BC3F884215A609E
S21401A5A038BD00BF0048F000000002B8001002B835
S21401A5B0005001B800A002B800E100E008B5E8F7D5
S21401A5C00BFA044B1B6FC3F300430133B0FBF3F0EC
S21401A5D008BD00BF008000502DE9F04F044687B04B
S21401A5E003908A465AF8046B731C06D1039B2660B7
S21401A5F0E01A801007B0BDE8F08FC6F30745012DBD
S21401A60038BF0125324BC6F3016233F81230B7B2B8
S21401A61047EA0347EB002F490493043323448B4254
S21401A6204FEA167602D92C4B9C424ED907234FF09F
S21401A6300109D346D34003F0010309FA06F9029350
S21401A64009F0940304F1080801950593059B0BF1A5
S21401A650040B53B919F0420F19D119F0280F0BD179
S21401A66048F8087C5BF8042C20E040F2AA723221FC
S21401A6700020FCF797FBF3E740F2AF723221029815
S21401A680FCF790FB07F5805248F8082CEAE74FF4F0
S21401A690F76232210298FCF785FB07F50052012E7E
S21401A6A048F8082CDED15BF8042CD243019B48F80D
S21401A6B0042C013B07F1040708F108080193C5D1F2
S21401A6C0049B0AEB85011C448BE7002092E700BF40
S21401A6D0B4CA0200DF4F00B0E04F00B0F8B506463E
S21401A6E0E0B10024144B25461F46144953F8042BA9
S21401A6F0AAB91348314600EB8500FFF76DFF30B964
S21401A70040F661023621BDE8F840FCF74BBB0D4B25
S21401A7100135281847F8246023F81400F8BDB24222
S21401A720FCD001340C2C02D031F81450DEE740F690
S21401A7306F0236210020E6E7F42A00204A2D002089
S21401A740404000B04C2D002070B5044690B1A9B130
S21401A7503A4A52F8043B834212D10023384A116C1C
S21401A760C907FCD49B0003F5804340331360354B87
S21401A77001221A6470BD01330C2B02D1324D2CE03C
S21401A780012352F8041BA142F5D1304A32F81330A6
S21401A790E4E7C2F3016335F81300110C93B211F02C
S21401A7A0FE0F43EA0043606820D00434CAB2022A8E
S21401A7B0216808D9D4E90160033AC3E90016986014
S21401A7C00C340C33F3E704D16268C3E90012083491
S21401A7D003E0012A01D1043419602268531CD8D140
S21401A7E00022174B1A6003F58053C1E7120F072AA0
S21401A7F0EDD8DFE802F00704090D1013181DC04359
S21401A80003F500531860E2E71A6842401A60DEE773
S21401A81003F58053F6E70FF0FBFED8E7012203F5B8
S21401A82080538240F2E7012203F500538240EDE7B0
S21401A8301A6830EA0202FBD1C9E700BFF42A0020F9
S21401A84000C002B800D002B8BCCA02004A2D0020DF
S21401A8500122014BDA647047001002B80122014B55
S21401A860DA647047002002B84022014BDA64704770
S21401A870002002B84022014BDA647047001002B88B
S21401A88008B50C4B1B68D3F8C83023B11A68022AE6
S21401A89001D9186A08BDFFF791FE074B02469B6D6A
S21401A8A098B20028F6D0C3F30743D2085343B3FB4C
S21401A8B0F0F0EFE734280020004001B8064BDB68D3
S21401A8C0C3F30363984206D1044A936E23F0F00360
S21401A8D043EA011191667047000002B8003F00B0DC
S21401A8E010B50446FFF7CCFF0F4AD2F838311B04E7
S21401A8F00E4B48BF40089B6C03F4C053B3F5805F12
S21401A9000ABF936BC4F30113C3F34163012B02D057
S21401A910022B02D010BD4008FCE7C4F3C424013466
S21401A920B0FBF4F0F6E700BF004001B8004000B805
S21401A9302DE9F0470E460FF04EFE00248046DFF864
S21401A940B4A0DFF8B49006F0E9FADAF80C3007465E
S21401A950C3F30363012B0BD1711C35D00FF03BFE03
S21401A960A0EB0804384606F0E5FAA642EBD80DE05F
S21401A970052BF1D00B2BEFD0023B012B09D9013669
S21401A98002D00FF028FE384606F0D4FA1848BDE883
S21401A990F087D9F80C3013F4603FDDD0D9F81830C1
S21401A9A01A04C3F3891512D4013602D00FF013FE30
S21401A9B0384606F0BFFA2DB26FF4FF73A5F1C80052
S21401A9C09842B8BF1846E2E706F0B4FABBE7731C34
S21401A9D003D00FF000FEA0EB08046FEA85556FEA7E
S21401A9E09555384606F0A6FA15F5007FBDD0E3E783
S21401A9F000FEFFFF000002B800C000B80122024BB3
S21401AA0098611A61704700BF000001B8044BD3F883
S21401AA10AC3010B1C3F30332027003F00F0070477D
S21401AA20000002B8094B01F080011B6C03F480039F
S21401AA300B4309D14FF40012054B1A62837F1BB1F9
S21401AA400122044BC3F80021704700BF000002B882
S21401AA50006001B8005001B810B506F05FFA084B67
S21401AA6004461B683BB1984728B1002200204FF4EA
S21401AA70806101F017FA2046BDE8104006F05ABA88
S21401AA80242B00204FF604014FF60502044B01204B
S21401AA901B6C9BB28B4208BF1346024A1366704773
S21401AAA00080E00F00C001B8074BD3F8483203F02E
S21401AAB00303012B03D0022B03D00020704705F0BF
S21401AAC016BEE7F7F7BF00BF008000502DE9F74F2D
S21401AAD0DFF8ECB081460F46DBF808A0FFF7A2FBD3
S21401AAE04FF0FF35CDE9000100202C46064606F161
S21401AAF010031B015BF8033003F00308B8F1010FE4
S21401AB0015D13046FFF7A6FB02460B46DDE90001EC
S21401AB10FFF73CFADBF8643006F10802D340DB07A6
S21401AB2037D5002F3ED000252C463E6040460136E4
S21401AB30082EDCD150B3224F0AF44033B96B002201
S21401AB400131A4FB0141641941F10001B3F5003F55
S21401AB5030D17B6B0AF4405A013342F10006BAF554
S21401AB60805F22D13D6B15F5807505FB06F642F137
S21401AB70000203FB0266A5FB03323244594304FB81
S21401AB800212A3FB04341444C9E9003403B0BDE83F
S21401AB90F08FA84271EB0403C8D207B13E600546A8
S21401ABA00C46C3E73D463C46C0E7320242EA136222
S21401ABB01B02E3E73B6B13F5807342F10002DDE70E
S21401ABC000C001B8F8B506200FF00CFD04460FF0E2
S21401ABD002FD42F21073041B9C42054618D94FF041
S21401ABE080624F240B4B1A6441F26F770A4E0BE0DA
S21401ABF00FF0F1FC401BB8424FF0F70221468CBF24
S21401AC0000200120FCF7CEF8336C5B01F0D5F8BDCF
S21401AC101A24E9E7002002B8000002B808B50FF0D0
S21401AC206FFD0122054B93F8853002335B00DBB2E2
S21401AC3002FA03F3024A536108BD00BF003E00B0AA
S21401AC40002000B80B2870B500F29580012900F2AB
S21401AC5092804A4B83F8840083F88510484B5B68E2
S21401AC609D05C3F3402227D44FF038435A60454A26
S21401AC70506E44026BD5444B5B6803F00303022B12
S21401AC8065D00223C2F848320122404B9A604FF049
S21401AC9038435A60DA60996A0807FCD11969C9070E
S21401ACA0F8D540F2FF323A4B9A615A614FF400727E
S21401ACB0334BC3F884215A60304C01213B20E8F71E
S21401ACC0C9FF94F8853094F88420324943F4402330
S21401ACD043F41063063241F82230FFF76FFC460852
S21401ACE0C507FFF7E1FE002302463146284602F07B
S21401ACF099FF090241EA1061C0F3C05040EA4100E1
S21401AD00254BA067186B10F5807005D14FF4E172E2
S21401AD102B21FCF747F802200246002300200121E0
S21401AD2002F080FFE067FFF7BFFE40F64943584355
S21401AD30000DFF2828BFFF20022838BF022000216F
S21401AD4084F88C00012000F02BFE002070BD10F46A
S21401AD50001006D0114B586800F00300023818BFE7
S21401AD6001204FF4A9721B21FCF71CF80122054BA8
S21401AD70C3F8482288E70120E8E700BF003E00B09C
S21401AD8000E100E00080005000000250001000B812
S21401AD90002000B80080035000C001B800400250F7
S21401ADA038B1064B93F88400087093F88530137019
S21401ADB0704707230B700123F9E700BF003E00B080
S21401ADC070B5FFF7FFFE0021022000F0E9FD0FF04D
S21401ADD002FC04460F4D104ED5F8F4331B070BD575
S21401ADE006F09CF8BDE8704002220C4BDA600122A6
S21401ADF00B4B1A7006F09EB80FF0EDFB001BB0422D
S21401AE0040F22A224FF045018CBF00200120FBF7BB
S21401AE10C9FFE1E7000002B83F420F0000C001B8D9
S21401AE20382E0020224910B50B78002B3FD0012286
S21401AE30204C94F8853002335B0002FA03F31E4A75
S21401AE4093614FF400721D4BC3F8842100230B70ED
S21401AE501B4B4FF43072186C3921C0F38060FBF73E
S21401AE60A1FF4FF48041174B174AC3F894100C21E9
S21401AE7094F885304B4303F138435B6BD4F880106C
S21401AE80994202BFD2F86C31C4F88830D2F86431E6
S21401AE90D4F8880008BFA4F88630B4F8861000F00D
S21401AEA0A7F8BDE810400121022000F079BD10BDD1
S21401AEB0382E0020003E00B0002000B800E100E07F
S21401AEC0000002B800E001B800C001B810B50446A1
S21401AED0FFF7EAFD6043044B00F5F42000F590709F
S21401AEE0B0FBF3F010BD00BF40420F002DE9F74F55
S21401AEF0FFF7ECFF0546FFF765FE06F00FF80021A9
S21401AF004FF0384ADFF8E4900646684689F80010A4
S21401AF10FFF7DCFD304BDAF82070DB6813F0706F5A
S21401AF201DD12E4B5B6913F0060818D100284CD0B2
S21401AF30FFF744FB691DA1FB00B4FFF7B5FD2146F1
S21401AF4002464346584602F06DFEDDE9004B090213
S21401AF5041EA10610002A04271EB0B0105D33046B5
S21401AF6003B0BDE8F04F05F0E5BFFFF79DFD220AEF
S21401AF7042EA0B624FEA1B23A0FB02B200FB03244A
S21401AF80FFF71CFB434602462146584602F04AFE9E
S21401AF900C220121124B013593F885307F1B5A4351
S21401AFA002335B00074402F13842DCB2576301FA10
S21401AFB004F40C4F99400C4B7C619961DAF820300F
S21401AFC0526B2D1A9B1AAB42C9D30222034BDA608D
S21401AFD0012389F80030C2E7000002B800C001B8BA
S21401AFE0003E00B0002000B8001000B8382E002047
S21401AFF02DE9F04F4FF00C0A0027B54A054692F8A6
S21401B000854088460AFB04F303F138431F6392F830
S21401B0108420B04B87B0C3F8B4204FF40032AE4B57
S21401B02046461A610222A3F58053DA604FF0384390
S21401B030AA4A1B6A92F82413AB46C9B2059192F844
S21401B04029130134C9B20491012104F0010482F8E4
S21401B050247382F82973A21C0AFB04F4500001FA37
S21401B06000F003F1FF390290019004F13844A3EB9C
S21401B0700903002B40F3FF800137022F65D9DB223D
S21401B0800D210020FBF78EFE4FF080539449934A22
S21401B0904B66059B934C03F0F00382F82433049B24
S21401B0A003F0F00382F82933894A4FF40033C4F8D9
S21401B0B06CB1C4F86461A2F886600026C2F880907C
S21401B0C0C2F888B00B61834BC3F8B4600C2392F8C6
S21401B0D085205A4302F13842166305F01FFF3346B6
S21401B0E032464FF4807E276AD4F864C003F110011B
S21401B0F00901615801F00301012910D10EFA03F18B
S21401B10011EA0C0F0BD104EB0316AF42D6F80C6113
S21401B110C0F0D880B54202D2B74280F0D680013363
S21401B120082BE3D1704D2C68012C40F2E3803AB134
S21401B1306749B1F88E301343A1F88E30664B5A66D4
S21401B14007B0BDE8F04F05F0F5BE4FF0000B604EBE
S21401B15096F885300AFB03F303F13843C3F830B0A1
S21401B16005F0DCFE4FF080515D4B039059664FF0C1
S21401B170384396F885201B6A00920AFB02F203F117
S21401B180010902F13842C2F83490534A023311677A
S21401B190C4F830B0029A6363544B52485A61019A1C
S21401B1A0A3F580539A618368DB0340F18880D6F863
S21401B1B08030B26FA9EB0303A3FB0221036B03F5F7
S21401B1C0807CF36FA1FB0360A2FB03E39B19ACFB3E
S21401B1D003E640F100000CFB0066B2EB0E0261EBE9
S21401B1E00606120A42EA06624244B2EB1C2F4FEAF6
S21401B1F01C2603D3013340F10000921B043E964205
S21401B20028BF16463749324A8E6192F88D20D1F80A
S21401B21020C0EB18D2B2896B40F10000654584BFAF
S21401B22002F1FF32D2B2B1F1FF3F0ED04FF0000E65
S21401B23001F1010C99427EEB000B08D20132B3EB0F
S21401B2400C03D2B260F10000F4E70244D2B29B468E
S21401B2501F49244B02F0030281F88D20C3F820B069
S21401B2600222009B03980AFB03F303F138431A6397
S21401B270226305F05FFE4FF038431B6A009305F02A
S21401B2804DFE1B490A6922F004020A6130BF4FF0E5
S21401B2908051019B154A936102F5E0321167002245
S21401B2A0102122630D4AC2F8841105F043FE0D4AAF
S21401B2B0009B526E12F0805F3FF4D9AEE4E646463C
S21401B2C0AB46CDE7B542BFF427AF11438AB226E7B6
S21401B2D0003E00B00080035000D001B800E100E05D
S21401B2E000E001B800C001B8902A0020002000B894
S21401B2F000ED00E011490B78142B01BF0023104E1E
S21401B3000B7033700B7801330B70002A3FF418AFC3
S21401B3100C4EB6F88E301343A6F88E300A4B5A669A
S21401B320074A13780133DBB2022B13707FF408AFA0
S21401B330002301342C600B70137001E73A2E0020B5
S21401B340392E0020003E00B000D001B80C4A10B5DE
S21401B350D2F84C3154680B4A0B49944201EA030176
S21401B36006D103F4FE43B3F5807F08BF41F4A06124
S21401B37006480FF0EEF92146BDE810400FF0E9B996
S21401B3800080E00F14001501E0FFF01FCF13468B7D
S21401B3902DE9F84F044610B90020BDE8F88F00F1FA
S21401B3A01703B3F5002FF7D21E4A002390461E4F0F
S21401B3B03D789D4218D800264FF0240AFFF7C6FFB5
S21401B3C021680FF0ECF961680FF0E9F9D4F80C90F8
S21401B3D0B14511D123698342DED1062D08D048F844
S21401B3E0254001353D7003E052F8041BA14201D10E
S21401B3F00120D2E70133DCE70AFB06F3A26812EB71
S21401B400030B0CD00BF12301B1F5002F07D2D15855
S21401B4100FF0C5F904220BEB02010FF0B5F9013666
S21401B420D6E700BF282B00203B2E0020F8B50B46A0
S21401B430002213F8044B944225D91D68854224D175
S21401B44006245A791D79124B88181E6804FB0503D9
S21401B450104F33F8063C7B43B3420ED900238A5A79
S21401B4607A43964202D804FB0300F8BD9D42FAD9FE
S21401B470013304FB03F2825AF2E740F25F423D21B8
S21401B4800020FBF78FFC0020EFE708330132D2E7FC
S21401B490402B002040420F0000202DE9F84FA2FB70
S21401B4A0018BBD4EBD4F18EB060699466BF10003A6
S21401B4B0B74270EB030307D240F259220E21FBF785
S21401B4C071FC0220BDE8F88FD9F814A00C46154689
S21401B4D0BAF1000F04D0DAF80030032B00F21D8118
S21401B4E0AF4BB04A9F6BA3F58043D3F8EC30C7F35C
S21401B4F014075900AC4B48BF47F400171B6ED2F82F
S21401B500FCA05A074EBF4FF440039B0503F0E073BF
S21401B5101F43A64BD3F8E4309E0748BF47F0807719
S21401B52047EA4567E7F7A4FA012D0646C9D1002880
S21401B530C7D09F4B984200F0FF8003F5122303F516
S21401B540F863984200F0FE809A4B984200F07581AD
S21401B550002502462B4600204FF0007102F062FBE8
S21401B5602B46013008FB03F3C7F3130100FB0B3333
S21401B570A1FB0662A8FB008001FB052203442033E1
S21401B5809B09C9F80030F60C8B4B46EA4236F802A6
S21401B5901C6058BF7642894B894D34441E602C602E
S21401B5A0BAF1000F00F0B7800023F9018549C7F30F
S21401B5B081528A5C194648BF6408002EB8BF76429D
S21401B5C092066008C2FB0601224602F02BFBDAF85F
S21401B5D000600E2E08D9744B714A916BDA69D3F864
S21401B5E00C31D20600F1CF8017F4001714BFC42225
S21401B5F040F207127449C0F31300A1FB04C14FEADD
S21401B600511102FB01F1C9F80400DAF818004FF4F1
S21401B610FA73B1FBF0F118BF002701FB03F3A4FB9B
S21401B62002C2FA33A3FB003004FB072263459041B4
S21401B63038BF0131C9B241F4006CC9F808C000290D
S21401B6407ED0DAF81C00A1FB00371CB1B4FA84F2F4
S21401B6500E2A7EDDE203002F78D1B2FBF3F253000F
S21401B66003FB0113A3FB00874FEA044EC6454FEACE
S21401B670144474EB070709D34F003B44A0FB038136
S21401B680C64574EB010102F10102F6D2C2F30E02C5
S21401B6904CEA023C4CF00063062EC9F8083040F232
S21401B6A09980DAF83030002B00F094800023C9F836
S21401B6B00C30C9F81030E7F7DBF9DAF83010FFF78D
S21401B6C0B5FE044618B18378002B40F0D580E7F725
S21401B6D07DF9DAF83010FFF7A9FE0446D8B1837871
S21401B6E0CBB1407940F28B52003818BF01203D2182
S21401B6F0FBF758FB207940F28C5200384FF03D01A1
S21401B70018BF0120FBF74EFB237962791B0243EA3F
S21401B7100213C9F810300020D4E6042BDAF828709A
S21401B7207FF400AFF8014CBF4FF4400307F0E0731D
S21401B73027F0E0771F43F5E6002324481D4611E76E
S21401B7400120BFE6002322481D460BE70B460022D8
S21401B75088E7C2F10F0E02F1110807FA08F823FA7A
S21401B7600EF343EA0803AEF1200827FA08F843EA85
S21401B770080327FA0EFE01334EF1000704FA02F21F
S21401B780002FE3D169E701F4801103F40013194394
S21401B79008BFC0F5801027E7006CCA88807C814A04
S21401B7A0008001B8004F00B0004001B8000002B8A8
S21401B7B000F04902005A6202482B0020442B002068
S21401B7C0402B0020D8CA0200D34D62100A3BB2DFDC
S21401B7D0313641DCE7F74CF92C6894B3B4FA84F3BC
S21401B7E0D3F1020358BFDC40354B9C4288BF640846
S21401B7F0C8B3B4FBF0F3642100FB134201FB02F271
S21401B800904203F1FF3253D85D085308013D1B02F5
S21401B81043EA0515C9F80C50E7F7DEF8E0B1B4FBCA
S21401B820F0F2642100FB124401FB04F4A0423DD86F
S21401B830531E52085B08013A68E7002321481D465B
S21401B84090E66FF01F050028E4D140F2DD422B217F
S21401B8500020FBF7A7FADDE74FF4A0622B21FBF7E8
S21401B860A1FA621EE4E7631EA51E5B086D08013B94
S21401B8702D0245EA0315E8E740794FF4AE62003839
S21401B88018BF01203D21FBF78DFA207940F2715255
S21401B890003818BF01203D21FBF784FA237962792D
S21401B8A01B0243EA0213C9F80C3010E71446D8E726
S21401B8B09D1E6D085308013B2D0245EA0315A9E7B5
S21401B8C03FBE4025D694BFD610B5044686B059B9BA
S21401B8D0214B4168D3F8FC30827A204805930068F2
S21401B8E06B46FFF7D9FD69461D4B0A685A631A4B2A
S21401B8F0D3F8FC3033B34B6843B11A4B1A4AC3F83A
S21401B9000C214A68A3F58053C3F80C218B6843B118
S21401B910144B164AC3F8EC208A68A3F58053C3F883
S21401B920EC20134AC868D2F8743123F4EE6303435B
S21401B930C2F87431D2F86C31096923F4EE630B4313
S21401B940C2F86C31002022890A4B9A6203F5A033B3
S21401B950186406B010BD00BF004F00B034280020A8
S21401B960008001B8006001B8FFFF0F00FFF8FF0F6D
S21401B970000002B8004000B8064B9A6E920607D542
S21401B9805B6E002B4FF48043B4BF034A034AD36473
S21401B9900020704700800050002002B8001002B856
S21401B9A0064B1A6C9207FCD4022240EA012058602A
S21401B9B0034B1A640122034B1A70704700C002B889
S21401B9C000D002B83C2E002040B10368012B05D9F7
S21401B9D00069034B002808BF1846704700487047A7
S21401B9E0E0CA0200064B586E5B6AC0F30112000CF7
S21401B9F002FB000003F01F0301331844704700BF29
S21401BA00004001B8084BC1171A68A2FB000302FBED
S21401BA10013310F1807043F10003400E40EAC31079
S21401BA20803820EAE0707047502B00200722194B1F
S21401BA3070B5DA63FEF7C2FD174BC408010B054665
S21401BA40E005C018154A41F10001002302F0EAF8AA
S21401BA50134B144E18601448FFF7D4FF4042C6F843
S21401BA60DC0049F65800FFF7CDFFC6F8A8000F48DE
S21401BA70FEF728FC024660B1E301500818184FEAA9
S21401BA8015714FF0000341F1000102F0CBF8C6F842
S21401BA90B40070BD000002B8B2E60E0065CD1D0010
S21401BAA0502B0020003F00B07011010040420F00F3
S21401BAB02DE9F047064608469846FFF785FF1546E6
S21401BAC0074616B308F0020918F004081FD1B9F1A9
S21401BAD0000F1AD04FF47A7073685843002B40F069
S21401BAE08680FFF78FFF28637369002B00F085803F
S21401BAF04FF47A72B86802FB0300A0F5FA50FFF71C
S21401BB0081FFE862B8F1000F53D1BDE8F0873069D4
S21401BB10002863D04FF47A735843BB68A0F57A6067
S21401BB20C01AFFF76FFFA862B08B002859D04FF4F8
S21401BB307A735843BB68A0F57A60C01AFFF762FFB4
S21401BB40E861324BF468D3F800A0002C4CD04FF4D7
S21401BB507A735C43BB68A4F57A64E41A7B68E41ADA
S21401BB602B4BE1171A68A2FB044302FB013314F1C5
S21401BB70807443F10003640E44EAC314803C254BF1
S21401BB802C62D3F8C430244C6B6223684BB1504608
S21401BB900EF06BFC28B12A4639462368DAF87C0099
S21401BBA09847B06900210EF091FE6863B9F1000F65
S21401BBB090D1B06820BB47F23050FFF723FF686191
S21401BBC04FF47A703368584323B13B6803F51C532E
S21401BBD010331844FFF716FFA86196E749F6404070
S21401BBE09FE749F64040A9E749F64044B8E73B6875
S21401BBF003F51C531033184473E747F230507EE7C1
S21401BC004FF47A735843A0F5FA50D6E7342800204B
S21401BC10502B0020003F00B04C2B002008B9FFF746
S21401BC20E1BE034881420CBF2F20BC20704700BFF5
S21401BC3048E8010010B508461C460EF0DAFC094B30
S21401BC400246D3F8FC00FFF7BFFE4368A018002B9E
S21401BC50054AA8BF4FF4FA721A44044B92FBF3F25A
S21401BC60104410BD004F00B00CFEFFFF18FCFFFF94
S21401BC7070B588B06D46124C0FCC0FC594E80F0016
S21401BC8085E80F00B02200210E480EF0FAFF2022B0
S21401BC9000210D480EF0F5FFD82200210B480EF0CA
S21401BCA0F0FF0EF012FE0A4B1B783BB16D46044EB8
S21401BCB00FCD0FC695E80F0084E80F0008B070BDE1
S21401BCC0E03F00B0503F00B0E04F00B0783E00B01B
S21401BCD02B2E00200A4B197801F0FF0229B1002112
S21401BCE0197008499202C1F80421597801F0FF023F
S21401BCF029B1002159709302024AC2F808317047EF
S21401BD003D2E0020005000B8064BD3F8EC0E064B33
S21401BD105B6C1A0103D4054B9B6E1B0401D500F521
S21401BD2080707047003000B0000002B8004000B8D4
S21401BD3008B505F0F3F80E4B1A78A2B90D4A126849
S21401BD4012F4843F0FD10C4A1021D1641B7863B9D9
S21401BD50084B1B68DB0508D4074B2022DA64BDE8D4
S21401BD60084005F0E7B8054AEEE7044BF5E700BFE3
S21401BD70412E0020B0140020002002B8001002B8A6
S21401BD8010B505F0CBF80E2104460320FEF796FD0C
S21401BD9040F20122034B2046BDE81040DA6205F06E
S21401BDA0C9B800BF004000B80022044B1A70044B0B
S21401BDB0197811B11A70FFF7BBBF7047402E0020EB
S21401BDC0412E002008B505F0A9F84FF00042264B99
S21401BDD0C3F88020BFF34F8FBFF36F8F0122C3F8E4
S21401BDE08420BFF34F8FBFF36F8F0222C3F88420E6
S21401BDF0BFF34F8FBFF36F8F0422C3F88420BFF3C6
S21401BE004F8FBFF36F8F0822C3F88420BFF34F8F85
S21401BE10BFF36F8F4FF00052C3F88020BFF34F8FF0
S21401BE20BFF36F8F1022C3F88420BFF34F8FBFF389
S21401BE306F8F2022C3F88420BFF34F8FBFF36F8F1D
S21401BE404022C3F88420BFF34F8FBFF36F8F4FF4A8
S21401BE508062C3F88420BFF34F8FBFF36F8FBDE8B6
S21401BE60084005F067B800BF00E100E008B505F03E
S21401BE7055F84FF000420A4B1A6001225A6004221C
S21401BE805A6008225A604FF000521A6010225A6017
S21401BE9020225A6040225A60BDE8084005F04AB8A0
S21401BEA000E100E0012370B5074C2370074B1E68C4
S21401BEB0074B3240D3E9005319402840FBF7ECFB0F
S21401BEC00023237070BD00BF3F2E0020582B00209A
S21401BED0B01400202DE9F047DDF820A003EA0108A0
S21401BEE0099B06460D4602EA000703EA0A09BAF16B
S21401BEF0000F40F05C81031F0B4300F01C810528F6
S21401BF0071F1000380F0F28050EA010300F07281C3
S21401BF10431E0B4300F03281FFF754FFB64AD2E9C5
S21401BF20004323EA050324EA06043C4343EA0807E0
S21401BF30B24BC2E900471E6826EA0A0646EA090627
S21401BF401E60FFF7F5FE14F02A4F14BF48F20203F5
S21401BF504FF40043AA4AB007D26EAA4848BF43F43A
S21401BF60005383EA020122EA0302C266A64A0B4094
S21401BF708166D366C4F380421203210348BF42F4AC
S21401BF808072E30648BF42F40052A04BA50648BFA4
S21401BF9042F400726006D3F80C3248BF42F4806265
S21401BFA0210648BF42F40062994882EA030123EA67
S21401BFB00203C0F80C32974B0A40C0F80812C3F8C7
S21401BFC00C22BA0507F4007300F11081924A1D464F
S21401BFD0D2F8A41002F50052C2F8A410C2F8A010BC
S21401BFE04FF05022C2F8A4308C4ADFF86C8282F8F7
S21401BFF08830E30448BF45F48035A00348BF45F4C4
S21401C0008015A10748BF45F4001514F4001F06D09B
S21401C010D8F800000EF081FC08B945F40025E202CC
S21401C02048BF45F40035FB067D4B48BF45F4800507
S21401C0301A6A7C4985EA020323F001031A400A6260
S21401C0401D40CB61784B16F0010F1D62774B784A85
S21401C05018BF1A46774B7D071B6F48BF42F0006238
S21401C060754882EA030123EA02030367734B0A4019
S21401C07041661A67724A04F00103916CA0F580309C
S21401C08081EA030221EA0301816442641A406D4B8E
S21401C09020029A64D8F8002048BF6B4B92F81D2105
S21401C0A058BF6A4B610748BF43F4806322B114F45A
S21401C0B0C06F18BF43F4807332074FF03A42BDE8B1
S21401C0C0F047D2F8181148BF43F0004383EA010253
S21401C0D022F4A0225E481140C0F818111340C0F89F
S21401C0E014215C4AC2F81831FFF7C0BEA0F5806380
S21401C0F00B4306D020F48063A3F500730B437FF453
S21401C1000BAF04F00BFF3C49D1E9003223EA0603EA
S21401C11022EA050242EA08023B43C1E900324E4ADE
S21401C120126892F81D114A4A09B313F4C06F1ED063
S21401C1304FF4807311E004F0F1FE2F4AD2E900318A
S21401C14023F004033B4341EA080157EA0807C2E922
S21401C15000314FF480633E4A0BD0C2F81431A2F589
S21401C1608052C2F81831BDE8F04704F0E3BE4FF440
S21401C1708073C2F81831C2F81431F4E704F0CEFE29
S21401C1801D4AD2E9003123F001033B4341EA08018D
S21401C190C2E900310123314A57EA08071BBF53643D
S21401C1A0A2F580529364936408BF5364DBE750EAB8
S21401C1B001037FF4B1AEBAF1010F7FF4ADAE04F026
S21401C1C0ADFE0E4A136823F0010343EA0903136028
S21401C1D04FF48063184AB9F1000F04D05366A2F5F4
S21401C1E080521367BFE713675366BCE701234FF41A
S21401C1F08025F9E6BDE8F087B0140020582B002012
S21401C200004000B8006000B8005000B8004001B817
S21401C210006001B8005001B800400050003F00B077
S21401C220000002B8002002B8001002B8041C000387
S21401C2300418000300C001B800E001B800D001B83E
S21401C24000C000B800D000B80D0A0A09090A0A0998
S21401C250002000BA001000BA3428002000E000B820
S21401C260024B5868C0F3C000704700BFB0140020EE
S21401C270024B186800F00100704700BFB0140020A0
S21401C280024B5868C0F3C030704700BFB01400209E
S21401C29010B50446FEF75EF9FFF794FD04F1800041
S21401C2A0FDF796F8FEF7ECF8FDF7E2FDFDF74EFE1A
S21401C2B0FFF7BCFB13490723134AD1F8FC1004F11E
S21401C2C0D800FFF7F5FB4FF080710020FDF79EFFC9
S21401C2D04FF000720D4B4FF400110120C3F80021FE
S21401C2E0FDF794FFFEF7CEFB20B940F2E7221421BA
S21401C2F0FAF758FD0EF0E7FABDE810400120FDF709
S21401C300ADBC00BF004F00B0A43F00B000D001B8E4
S21401C3108022074B1A64082203F580531A64054AE3
S21401C320D2F8C43E23F02003C2F8C43E704700BFD3
S21401C330001002B8003000B008B504F0EFFDFFF7BA
S21401C340E7FF0122024B1A61BDE8084004F0F2BD86
S21401C350000002B8F0B583B014460646FFF70CFBA2
S21401C360FCF77CFB002800F09780524B5D6915F0C6
S21401C370060540F0918004F0D1FD23790746022B93
S21401C38000953ED1237B022B35D00320FDF734FFE9
S21401C39018B9494BDB685B047BD5A37B257B003B47
S21401C3A018BF0123A2684549012D01920B705ED08A
S21401C3B00023434A434C13702278002A62D104209A
S21401C3C0FDF7F6FD04203B4E2A46736F0DEB000188
S21401C3D023F0F85323F4F81343F0506343F4803307
S21401C3E073670223FDF702FE00285CD0012130228C
S21401C3F0354B2170DA64384604F09CFD002003B00A
S21401C400F0BD0320FDF7F8FE002842D12279D6F8C8
S21401C410E030012A226839D0D51A0021254B2B4A53
S21401C42000955A679967637B294A8B4214BF0B466E
S21401C43001231370274B274AD3F8C43E4FF003005D
S21401C4400CBF43F0200323F02003C2F8C43EFDF7DF
S21401C450AFFD184B204A03205A676946012322790B
S21401C460FDF7C4FDD0B101221C4B1A708AE723796F
S21401C470022B9DD0009BD6F8E01000250B441344F8
S21401C480019395E72370FFF753FC98E79A42C4D3CC
S21401C490C2E7384604F04EFD0320B0E7384604F004
S21401C4A049FD0120ABE70320FDF782FD074B384627
S21401C4B07367EFE700C001B8000002B8432E002002
S21401C4C0402E0020412E0020001002B8000001017D
S21401C4D0422E0020003000B0010C0100442E002046
S21401C4E02DE9F34100240D46074604F017FD1B4BCA
S21401C4F0DFF874801C70FFF70BFF194B0646C8F86F
S21401C5007430C8F878406879431E58425841FBF7A2
S21401C5103FFF40F60143C8F878302A792968012A96
S21401C520D7F8E83001D1994200D3CC1A042303206E
S21401C5300DEB03010194FDF759FD48B98822094B1B
S21401C54030461A6404F0F6FC012002B0BDE8F08122
S21401C550304604F0EFFC0020F7E700BF442E002031
S21401C56000000101002002B800C001B8F8B5194C5E
S21401C5700546207840F20642B0FA80F03E21400996
S21401C580FAF710FC55B9607840F20642BDE8F8406B
S21401C590B0FA80F03E214009FAF704BC4FF4406639
S21401C5A00D4F0E4DD7F8043140F20642C3F38123F6
S21401C5B02370C5F8046160783E21B0FA80F0400926
S21401C5C0FAF7F0FBD7F80831C3F381236370C5F897
S21401C5D00861F8BD3D2E0020004000B8006000B89C
S21401C5E0F8B5084C084D236C0423084F2B64236CC4
S21401C5F05B0300D4F8BD042602203E640EF008F862
S21401C6002E64F4E7000002B8001002B8002002B859
S21401C610A82238B51A4B1D6C03F500531A64102274
S21401C6209A60A3F5804302F100521A675A66FFF733
S21401C63051FB144B1B7813B90320FDF7B9FC0024FA
S21401C640114B9C67FFF7CCFF104A114BD2F8EC1E3A
S21401C6500B40C2F8EC3E04220E4B1A640E4BAA069F
S21401C660C3F8CC4008D503F580739B6FB3F5817F83
S21401C67022BF8022024B1A61BDE83840FCF79EB803
S21401C680000002B8442E002000C001B8003000B0FF
S21401C690DF0000FF002002B8003E00B010B528B948
S21401C6A079B94FF4C062154BDA6210BD49B9144B23
S21401C6B0DB681B0E13F00E0FF3D1124B1B6CD90760
S21401C6C0EFD4FFF75DFB0E4C0020FEF79FF9032821
S21401C6D001D0092805D1A36ADA07F5D4636CDB0318
S21401C6E0F2D4FFF77DFF0122074B5A6102229A62BC
S21401C6F0042203F580531A64D3E700BF006001B833
S21401C700000002B800C002B8001002B808B5032144
S21401C7100920FEF7D3F82022014B1A6108BD00BF9D
S21401C720000002B80D4A10B5D2F8A030D2F8A41015
S21401C7300B40B3F1804F0CD34FF040400849094CF1
S21401C740C1F8A400D467C1F8A0004FF48021064ABE
S21401C750D161034AC2F8A03010BD00BF00400050AE
S21401C760006000500000FF01001002B838B5054611
S21401C77004F0D4FB0446FCF7E5FD35B1FFF714FBE6
S21401C7802046BDE8384004F0D5BB084B1B78002B8B
S21401C790F6D0074B1D78002DF2D1FFF705FB2A4690
S21401C7A04FF480400021FFF77DFBE9E7402E002093
S21401C7B03F2E00202DE9F84F5E4B06460D461446E7
S21401C7C01B6C002A40F0AF8013F0A00F14BF4FF08F
S21401C7D001094FF00009FBF7F1FFA0234FF0000A13
S21401C7E0DFF86C810320C8F84030FDF7E1FB042038
S21401C7F0FDF7DEFB504FFFF7D7FA504B4FF0040B17
S21401C8007B67C7F878A0FFF7EBFE4D4B4FF48071BE
S21401C810D3F8C42E42F02002C3F8C42EFF22C8F873
S21401C8200820444A1161D3F8EC2E46491140C3F85A
S21401C830EC1EC8F840B0C3F8CCAE7B6913F0060F07
S21401C84004D0FDF721FD5846FDF7B2FBB9F1000F04
S21401C85008D04FF400623C4B1A644FF40042A3F533
S21401C860E0339A6666B1394BDB6C180701D4FFF7E3
S21401C87087FAFFF74BFF0420FDF79AFBFFF72AFA2A
S21401C8802C4B5A69D1074CD5DA6812F0706FFBD180
S21401C8902F4B304A1A64304A936E23F0F0039366A6
S21401C8A015B12046FFF762FF2C4BD3F84C315A1CCA
S21401C8B005D05B0003D42A4B1B78012B36D8012206
S21401C8C0234B5A616CB3214BDA6E03F500539A661B
S21401C8D003F5D0331B6A1E4A23F00103D361214BB3
S21401C8E0D3F80C1203F50053C3F8081203F50053EE
S21401C8F0D3F8841003F5005399674FF03A43D3F801
S21401C900181103F50053C3F81411174B996C03F56E
S21401C91000535964154903F5803359664FF60843A9
S21401C9201364BDE8F88F4FF0000954E7082BC9D10E
S21401C930C5E700BF000002B800C001B80000010151
S21401C940003000B0DF0000FF001002B8004000B861
S21401C950002002B810003000003F00B00080E00F59
S21401C960900E0020004001B800C000B85000002F13
S21401C9709D4B2DE9F04F9F6EDB6E85B01F409B4BA4
S21401C9809F664FF03A43D3F81451D3F818311D403F
S21401C990974BC3F81451974BD3F80822D3F80C32AF
S21401C9A002EA0309944BC3F8089203F52043DA69B7
S21401C9B01B6A02EA0308914B914A08EA0303D36112
S21401C9C0904BD3F80422D20605D4D3F80431C3F32E
S21401C9D00016DB0652D504F0A1FA8B4B5A695E6E3F
S21401C9E01B6F12F0060F06EA0306884A26F000734C
S21401C9F014BF4FF0010A4FF0000A23F400637407D6
S21401CA00536606D5824A92F88D300133DBB282F83E
S21401CA108D3004F08FFA002F00F0E38017F4004306
S21401CA2000F0D48004F07AFA0146FFF76DF9044667
S21401CA30DFF8D4B1DBF82020DBF820309A42FBD0B7
S21401CA40DBF820209342FBD0FFF75EF9A04217D116
S21401CA50084604F06FFA6F4B1C606F4BD3F840B07A
S21401CA601BF4E0520ED124F07F4424F0DF040CB90D
S21401CA70FFF7CEFD4FF0807B002414E0B246CAE7F4
S21401CA800446D7E70192FFF7C3FD5D4B019A1BF4FD
S21401CA9080541A6440F09C801BF4806F0CBF4FF0EA
S21401CAA0805B4FF0806BB80715D55B4A5448126C13
S21401CAB002F460410164002900F08D80110400F148
S21401CAC08D8012F4005F0CBF4FF000524FF00062F1
S21401CAD000244BEA020BC7F340377F004F4A2A4037
S21401CAE0002A4BD015F4206F0AD040F60502062125
S21401CAF00020FAF757F90020FFF738FE25F48025C5
S21401CB00EB0506D5FF213E4A4BF4C06B9160FFF75B
S21401CB1037F915F0090F0BD040F61A02082100204C
S21401CB20FAF740F9FFF7F2FD4FF03A42012151635F
S21401CB3015F0106F0CD040F6230209210020FAF7F9
S21401CB4031F9FFF7E3FD002211461046FCF7CEFB54
S21401CB5015F4202F0AD040F62B0207210020FAF701
S21401CB6021F90020FFF702FE25F48025E80301D510
S21401CB70FCF728FD002DB8BF47F0080769070ED55A
S21401CB804FF03A42126B12F4005F4FF4005217BF97
S21401CB90174923490A634BF4000B08BF0A636A0569
S21401CBA048BF4BF0040B15F48023019300F0A180DD
S21401CBB0FCF7C6FC0138062834D8DFE810F0170168
S21401CBC01A0117011D012001230123019B4653E78A
S21401CBD04FF0804B50E74FF0007279E74FF000427C
S21401CBE076E7BB463C4679E7004000B8006000B8EF
S21401CBF0002000BA004001B8006001B80000F7FF4D
S21401CC00002002B800E100E000C001B800E001B871
S21401CC10003E00B0542B0020000002B8090B0B891F
S21401CC20001000BA40F65C0203210020FAF7BAF8B9
S21401CC304FF03A400121D0F88C20D0F8AC3002F009
S21401CC400702063201FA02F2C3F30C0CA2EB0C0245
S21401CC5092B2072A12D9754A126C53020ED4744B3B
S21401CC60C26CC06E5B6D5BB102F00702063291408A
S21401CC70C0F30C00091A89B2072901D84BF4007BCE
S21401CC806C4A1278002A34D04FF03A42D2F8142176
S21401CC9012F4A02F2DD1684A684912789AB9F20485
S21401CCA011D40A787AB14FEADB02654842EA447247
S21401CCB082F00102D0F8EC0E02F00102520020FAD6
S21401CCC002F2930715D10420FDF772F95D4A5E481A
S21401CCD05067FFF769F859490A7832B95B4A5C49E7
S21401CCE012680BEA02020A4201D14BF4804B26F489
S21401CCF08056B9F1000F1DD019F4805F18BF4BF4B0
S21401CD00802B19F4807F18BF4BF4002B19F4005FB9
S21401CD1018BF4BF0100B19F4007F18BF4BF0200B17
S21401CD2019F4806F18BF4BF0400B19F4006F18BF51
S21401CD304BF0800BB8F1000F3AD018F4802F18BFD3
S21401CD4044F4007418F4803F18BF4BF4805B18F469
S21401CD50801F18BF4BF4003B18F4001F18BF4BF0A0
S21401CD60020B18F4003F18BF4BF4801B18F4800F19
S21401CD7018BF44F0100418F4002F19D0304AD2F826
S21401CD80C42E12F0C00F13D02849CA68C2F303623A
S21401CD90032A01D0072A05D14A6CD00602D48A6C30
S21401CDA0110732D54FF400212A4A28F40028D16110
S21401CDB0002E00F01581320540F187802648DFF805
S21401CDC08490C2782549002A4ED04FF40063013A78
S21401CDD0D2B24B66C27032B9214A1278C2B140F65D
S21401CDE00141204A5167002200216BE04BF4803B51
S21401CDF01EE74BF4006B1BE74BF4806B18E74BF414
S21401CE00807B15E74BF0080B12E74BF4001BCFE7CE
S21401CE10D9F8782012F4A05F15BF4FF4807240F65F
S21401CE200142C9F85820C9F87820DCE7000002B8AA
S21401CE30004000B8412E0020402E0020422E002047
S21401CE40003000B000C001B800000101B01400209D
S21401CE50088D0100002002B8302E002000E001B845
S21401CE60442E002000D001B80320FDF7A1F8D9F820
S21401CE701420A34B12F0060F04BF41F61F72A149FE
S21401CE80A14808BF4A674FF400619E4A5166D9F827
S21401CE90142012F0060208BFC9F87820B3F88E20D5
S21401CEA012F400615DD022F40062A3F88E200278AD
S21401CEB002F0FF09002A58D1FDF7E6F9FFF7A8FBB3
S21401CEC04A4620214BEA020B0C43B30009D52E201B
S21401CED0FCF7AAFF4FF000518A4A44F00804116794
S21401CEE05166F00606D52B20FCF79EFF1021854AD9
S21401CEF01167516616F0306F05D1F1045DD5BAF1B0
S21401CF00000F00F0A780320111D52920FCF78CFF15
S21401CF10FFF7A6F948B17D4A7D487A494A66026715
S21401CF2000F54050C068430422D444F0040416F0CF
S21401CF30007A28D00420FDF73BF82720FCF774FF81
S21401CF40FFF766FB4FF000716E4A5166714AD2F8E0
S21401CF50EC1E490678D4704A0221916044F002041E
S21401CF6028E002784FF40052ACE74FF400423BE76A
S21401CF700A6720204A66FCF757FF2D2044F00C0470
S21401CF80FCF752FFD3E716F0807FDFF8909146D08A
S21401CF900420FDF70DF82820FCF746FFD9F8782085
S21401CFA0002A39D1FFF734FB564A584944F00104A8
S21401CFB0116751660021594A9165320405D5584AD0
S21401CFC0126890474BEA000B0C43730508D5554988
S21401CFD08A78002A00F08E80013A8A700022174370
S21401CFE03A4658462146FEF75DFF019B0BB1FCF71A
S21401CFF0DBFA01224C4B05F00435C3F814514B4BB8
S21401D00018F4002FC3F884211EBF4FF40022424BB0
S21401D010DA6105B0BDE8F08FC9F878A0C4E7F0047E
S21401D020C8D50420FCF7C4FF414AC9F87420FDF7AF
S21401D0302BF9D9F8642012F0407FBBD12A20FCF7E7
S21401D040F3FEFFF7E5FA81E7D2F8C42E930685D4FE
S21401D050384A81E733490A7952B1013AD2B20A71A4
S21401D06012B92B4A3449516700224BEA020BA4E756
S21401D0700420FCF79DFF0320FCF79AFF274A2C4962
S21401D080516703F04BFF81460DF10F00FDF7BEFC23
S21401D0902A4A824612780AB1FEF772FEBAF1030FE7
S21401D0A00ED1DFF8A0A00020FDF7B0FC032807D1C1
S21401D0B0DAF82820D007F6D4DAF84420D103F2D4DF
S21401D0C09DF80F20032A06D101211D4A48461170FA
S21401D0D003F030FFC8E74FF03A42D2F8142112F4B9
S21401D0E0A02FF1D1FEF760FE484603F023FF4FF470
S21401D0F08042BAE70220FCF75BFF01226FE700BF20
S21401D100003E00B000E001B8442E002010000020D0
S21401D11000D001B8003000B0002002B800C001B84D
S21401D1207C0C0020302E0020002000BA00E100E038
S21401D13000000101001002B80000010D432E00207E
S21401D140402E0020000002B80122024B1A62DA616A
S21401D150704700BF002002B8074A08B5D369116AB4
S21401D1600B40064998B2DB07C86104D5D068C0F306
S21401D1700360FFF7E9FF08BD000002B8002002B80F
S21401D1800C4A08B5536C926C13400B4A5364DB0788
S21401D1900FD50A4B4FF42A621878122100F00100CD
S21401D1A0F9F700FEBDE80840002201200021FEF745
S21401D1B079BE08BD00C000B800E000B8B014002079
S21401D1C0184B70B51C6C5A6C1440174A24F00201B7
S21401D1D01164E10705D540F6E72200201968F9F742
S21401D1E0E1FDA2071CD502220F4B1A64A3F50053DA
S21401D1F05B68DBB2A3B9FDF715F804460D460B4E86
S21401D200D6F8F433DB060BD5FDF70CF802460B46D1
S21401D21020462946FCF7BAFE652871F10001EFD3D6
S21401D22070BD00BF008002B800A002B8000002B8BE
S21401D23070B580260A4C0B4DD4F88430DB070AD42F
S21401D240A36FD4F884201340074A936770BDFFF795
S21401D250B7FFC5F88461D5F804311A06F7D4EBE7B1
S21401D260008001B800E100E000A001B870B51446E6
S21401D2700D4603F053FE064BD3F8C46E74402C40A3
S21401D2807440C3F8C44E03F055FE06EA050070BDAF
S21401D290003000B0034BD3F8C43E99430CBF0120C5
S21401D2A000207047003000B01E4BD3F8C43E13F088
S21401D2B001001ED01C4B93F848001C4A40F08073B6
S21401D2C0C2F8CC304FF480131949C1F8B430A1F537
S21401D2D08051C1F8B830D2F80C31DBB2FF2B1FD029
S21401D2E0984294BF0020012040F6D3323C21F9F742
S21401D2F059BD1A06E1D40F4A92F8471121B1DB064F
S21401D30002D592F84401D8E74FF480120020084B6A
S21401D3100649C3F8B820C1F8CC00C3F8B42070475A
S21401D3200120E1E7003000B0003F00B0004000B847
S21401D330006000B8003E00B081F0004102E000BF8E
S21401D34083F0004330B54FEA41044FEA430594EABF
S21401D350050F08BF90EA020F1FBF54EA000C55EAFA
S21401D360020C7FEA645C7FEA655C00F0E2804FEACB
S21401D3705454D4EB5555B8BF6D420CDD2C4480EAAD
S21401D380020281EA030382EA000083EA010180EADD
S21401D390020281EA0303362D88BF30BD11F0004F2B
S21401D3A04FEA01314FF4801C4CEA113102D0404261
S21401D3B061EB410113F0004F4FEA03334CEA13339C
S21401D3C002D0524263EB430394EA050F00F0A780B4
S21401D3D0A4F10104D5F1200E0DDB02FA0EFC22FAAF
S21401D3E005F2801841F1000103FA0EF2801843FAA3
S21401D3F005F359410EE0A5F120050EF1200E012A94
S21401D40003FA0EFC28BF4CF0020C43FA05F3C018D1
S21401D41051EBE37101F0004507D54FF0000EDCF14A
S21401D420000C7EEB00006EEB0101B1F5801F1BD3F3
S21401D430B1F5001F0CD349085FEA30004FEA3C0CF7
S21401D44004F101044FEA445212F5800F80F09A80ED
S21401D450BCF1004F08BF5FEA500C50F1000041EBF1
S21401D460045141EA050130BD5FEA4C0C404141EBF5
S21401D4700101013C28BFB1F5801FE9D291F0000FF0
S21401D48004BF01460020B1FA81F308BF2033A3F19F
S21401D4900B03B3F120020CDA0C3208DD02F1140C96
S21401D4A0C2F10C0201FA0CF021FA02F10CE002F1D1
S21401D4B01402D8BFC2F1200C01FA02F120FA0CFCCA
S21401D4C0DCBF41EA0C019040E41AA2BF01EB045113
S21401D4D0294330BD6FEA04041F3C1CDA0C340EDC11
S21401D4E004F11404C4F1200220FA04F001FA02F354
S21401D4F040EA030021FA04F345EA030130BDC4F112
S21401D5000C04C4F1200220FA02F001FA04F340EA06
S21401D5100300294630BD21FA04F0294630BD94F0B7
S21401D520000F83F4801306BF81F480110134013D9E
S21401D5304EE77FEA645C18BF7FEA655C29D094EA0F
S21401D540050F08BF90EA020F05D054EA000C04BF8D
S21401D5501946104630BD91EA030F1EBF0021002078
S21401D56030BD5FEA545C05D14000494128BF41F017
S21401D570004130BD14F580043CBF01F5801130BD7B
S21401D58001F0004545F0FE4141F470014FF0000006
S21401D59030BD7FEA645C1ABF194610467FEA655CB7
S21401D5A01CBF0B46024650EA013406BF52EA033559
S21401D5B091EA030F41F4002130BD00BF90F0000F47
S21401D5C004BF0021704730B54FF4806404F1320483
S21401D5D04FF000054FF0000150E700BF90F0000F3C
S21401D5E004BF0021704730B54FF4806404F1320463
S21401D5F010F0004548BF40424FF000013EE700BF33
S21401D60042004FEAE2014FEA31014FEA02701FBFC2
S21401D61012F07F4393F07F4F81F06051704732F0F4
S21401D6207F4208BF704793F07F4F04BF41F400214B
S21401D630704730B54FF4607401F0004521F00041A9
S21401D6401CE700BF50EA010208BF704730B54FF033
S21401D65000050AE050EA010208BF704730B511F034
S21401D660004502D5404261EB41014FF4806404F16C
S21401D67032045FEA915C3FF4D8AE4FF003025FEAF2
S21401D680DC0C18BF03325FEADC0C18BF033202EB76
S21401D690DC02C2F1200300FA03FC20FA02F001FAD0
S21401D6A003FE40EA0E0021FA02F11444BDE600BF73
S21401D6B070B54FF0FF0C4CF4E06C1CEA11541DBF22
S21401D6C01CEA135594EA0C0F95EA0C0F00F0DEF8ED
S21401D6D02C4481EA030621EA4C5123EA4C5350EAD2
S21401D6E0013518BF52EA033541F4801143F4801323
S21401D6F038D0A0FB02CE4FF00005E1FB02E506F0B4
S21401D7000042E0FB03E54FF00006E1FB03569CF008
S21401D710000F18BF4EF0010EA4F1FF04B6F5007F0E
S21401D72064F5407404D25FEA4E0E6D4146EB060680
S21401D73042EAC62141EA55514FEAC52040EA5E5009
S21401D7404FEACE2EB4F1FD0C88BFBCF5E06F1ED8B3
S21401D750BEF1004F08BF5FEA500E50F1000041EBEA
S21401D760045170BD06F0004646EA010140EA020097
S21401D77081EA0301B4EB5C04C2BFD4EB0C0541EAB9
S21401D780045170BD41F480114FF0000E013C00F3CE
S21401D790AB8014F1360FDEBF002001F0004170BDF2
S21401D7A0C4F10004203C35DA0C341BDC04F114040B
S21401D7B0C4F1200500FA05F320FA04F001FA05F297
S21401D7C040EA020001F0004221F0004110EBD37064
S21401D7D021FA04F642EB06015EEA430E08BF20EA90
S21401D7E0D37070BDC4F10C04C4F1200500FA04F333
S21401D7F020FA05F001FA04F240EA020001F00041C5
S21401D80010EBD37041F100015EEA430E08BF20EA37
S21401D810D37070BDC4F1200500FA05F24EEA020E7F
S21401D82020FA04F301FA05F243EA020321FA04F0AE
S21401D83001F0004121FA04F220EA020000EBD37065
S21401D8405EEA430E08BF20EAD37070BD94F0000F65
S21401D8500FD101F00046400041EB010111F4801F99
S21401D86008BF013CF7D041EA060195F0000F18BF4A
S21401D870704703F00046520043EB030313F4801F86
S21401D88008BF013DF7D043EA0603704794EA0C0F40
S21401D8900CEA135518BF95EA0C0F0CD050EA410656
S21401D8A018BF52EA4306D1D181EA030101F00041D3
S21401D8B04FF0000070BD50EA410606BF10461946FB
S21401D8C052EA430619D094EA0C0F02D150EA013607
S21401D8D013D195EA0C0F05D152EA03361CBF104648
S21401D8E019460AD181EA030101F0004141F0FE41E7
S21401D8F041F470014FF0000070BD41F0FE4141F46B
S21401D900780170BD70B54FF0FF0C4CF4E06C1CEA6A
S21401D91011541DBF1CEA135594EA0C0F95EA0C0F1F
S21401D92000F0A7F8A4EB050481EA030E52EA0335DA
S21401D9304FEA013100F088804FEA03334FF08055FB
S21401D94045EA131343EA12634FEA022245EA111528
S21401D95045EA10654FEA00260EF000419D4208BFD9
S21401D960964244F1FD0404F5407402D25B084FEA86
S21401D9703202B61A65EB03055B084FEA32024FF432
S21401D98080104FF4002CB6EB020E75EB030E22BF8F
S21401D990B61A754640EA0C005B084FEA3202B6EB4F
S21401D9A0020E75EB030E22BFB61A754640EA5C00FE
S21401D9B05B084FEA3202B6EB020E75EB030E22BF8E
S21401D9C0B61A754640EA9C005B084FEA3202B6EB8F
S21401D9D0020E75EB030E22BFB61A754640EADC004E
S21401D9E055EA060E18D04FEA051545EA16754FEAB0
S21401D9F006164FEAC30343EA52734FEAC2025FEACE
S21401DA001C1CC0D111F4801F0BD141EA00014FF05C
S21401DA1000004FF0004CB6E711F4801F04BF01432D
S21401DA200020B4F1FD0C88BFBCF5E06F3FF6AFAE49
S21401DA30B5EB030C04BFB6EB020C5FEA500C50F1D9
S21401DA40000041EB045170BD0EF0004E4EEA11315C
S21401DA5014EB5C04C2BFD4EB0C0541EA045170BD63
S21401DA6041F480114FF0000E013C90E645EA060EA7
S21401DA708DE60CEA135594EA0C0F08BF95EA0C0FD5
S21401DA803FF43BAF94EA0C0F0AD150EA01347FF41D
S21401DA9034AF95EA0C0F7FF425AF104619462CE7F4
S21401DAA095EA0C0F06D152EA03353FF4FDAE104657
S21401DAB0194622E750EA410618BF52EA43067FF4A8
S21401DAC0C5AE50EA41047FF40DAF52EA43057FF438
S21401DAD0EBAE12E74FF0FF3C06E000BF4FF0010C43
S21401DAE002E000BF4FF0010C4DF804CD4FEA410CA7
S21401DAF07FEA6C5C4FEA430C18BF7FEA6C5C1BD074
S21401DB0001B050EA410C0CBF52EA430C91EA030FF4
S21401DB1002BF90EA020F0020704710F1000F91EA51
S21401DB20030F58BF994208BF90422CBFD8176FEA1F
S21401DB30E37040F0010070474FEA410C7FEA6C5CED
S21401DB4002D150EA013C07D14FEA430C7FEA6C5CF4
S21401DB50D6D152EA033CD3D05DF8040B704700BF20
S21401DB608446104662468C461946634600E000BF6E
S21401DB7001B5FFF7B7FF002848BF10F1000F01BD40
S21401DB804DF808EDFFF7F4FF0CBF012000205DF80B
S21401DB9008FB00BF4DF808EDFFF7EAFF34BF012090
S21401DBA000205DF808FB00BF4DF808EDFFF7E0FF29
S21401DBB094BF012000205DF808FB00BF4DF808ED7A
S21401DBC0FFF7CEFF94BF012000205DF808FB00BFE1
S21401DBD04DF808EDFFF7C4FF34BF012000205DF8C3
S21401DBE008FB00BF4A0011D212F5001211D20DD562
S21401DBF06FF47873B3EB62520ED44FEAC12343F04D
S21401DC00004343EA505323FA02F070474FF00000F6
S21401DC10704750EA013002D14FF0FF3070474FF0A5
S21401DC200000704753B94AB9002908BF00281CBF35
S21401DC304FF0FF314FF0FF3000F082B9ADF1080C24
S21401DC406DE904CE00F006F8DDF804E0DDE9022314
S21401DC5004B070472DE9F04F099D0C46002B4DD1BD
S21401DC608A420F4684469646B2FA82F360D94BB191
S21401DC7002FA03FEC3F120029F4000FA03FC20FAD9
S21401DC8002F217434FEA1E461FFA8EF44FEA1C4271
S21401DC90B7FBF6F106FB117701FB04F042EA0742F7
S21401DCA0904208D91EEB020201F1FF3702D29042E0
S21401DCB000F231813946121A1FFA8CFCB2FBF6F0DB
S21401DCC006FB102200FB04F44CEA024C644508D91A
S21401DCD01EEB0C0C00F1FF3202D2644500F21E81ED
S21401DCE0104640EA0140ACEB040C002125B12CFAA9
S21401DCF003F30022C5E90032BDE8F08F8B4205D957
S21401DD000DB1C5E9000100210846F5E7B3FA83F134
S21401DD1000294DD1A342C0F0F380904280F0F080FC
S21401DD20064623460846002DE6D0C5E90063E3E72C
S21401DD30002B40F0A3808A1A4FEA1E471FFA8EF680
S21401DD400121B2FBF7F407FB14204FEA1C4242EA1A
S21401DD50004206FB04F090420FD91EEB020204F1CA
S21401DD60FF382CBF4FF001094FF00009904203D94C
S21401DD70B9F1000F00F0CC804446121A1FFA8CFC51
S21401DD80B2FBF7F007FB102200FB06F64CEA024C4A
S21401DD90664508D91EEB0C0C00F1FF3202D266452F
S21401DDA000F2B3801046ACEB060C40EA04409DE757
S21401DDB0C1F120068B4004FA01FE22FA06F720FA8A
S21401DDC006FCF4408A401F434EEA0C0300FA01FEAB
S21401DDD04FEA17484FEA13491FFA87FCB4FBF8F0DD
S21401DDE008FB104449EA044400FB0CF9A1450ED98E
S21401DDF03C1900F1FF3A2CBF4FF0010B4FF0000B1E
S21401DE00A14503D9BBF1000F00F08B805046A4EB6F
S21401DE1009041FFA83F9B4FBF8F308FB134403FB68
S21401DE200CFC49EA0444A44506D93C1903F1FF3821
S21401DE3001D2A4457BD8434643EA0040A4EB0C0438
S21401DE40A0FB02984445CC46434602D306D1CE45B4
S21401DE5004D20138B9EB020C68EB0703002D6CD035
S21401DE60BEEB0C0264EB030422FA01F304FA06F695
S21401DE70CC4000211E43C5E900643DE702FA03FEDB
S21401DE80C3F1200104FA03F200FA03FCCC404FEA86
S21401DE901E4720FA01F11FFA8EF6B4FBF7F00A438B
S21401DEA007FB1044110C41EA044100FB06F48C42C6
S21401DEB00ED91EEB010100F1FF382CBF4FF001090E
S21401DEC04FF000098C4202D9B9F1000F2CD0404620
S21401DED0091B92B2B1FBF7F407FB141142EA0142A7
S21401DEE004FB06F1914207D91EEB020204F1FF384A
S21401DEF001D291421ED84446521A44EA004120E714
S21401DF00861A64EB030301200DE7F44402384AE75E
S21401DF10023C724431E702397244CCE6F4440238DA
S21401DF20DFE602383C4472E702387144D0E7023B30
S21401DF303C4481E7023C7244DEE72946DCE600BF4A
S21401DF40704700BF024B0A46014618680CF0E7BC52
S21401DF50A40C002008B5064B044613B10021AFF30C
S21401DF600080044B1B6803B19847204604F0D5FB9C
S21401DF70000000009C2C0020024B0146186800F0AF
S21401DF802DB800BFA40C0020024B0146186800F013
S21401DF90E9BD00BFA40C002070B50F4E0C46054627
S21401DFA0316811B900F098FD30602146284600F02E
S21401DFB093FD431C03D14FF0FF34204670BDC41CB3
S21401DFC024F00304A042F8D0211A284600F084FD6C
S21401DFD00130F2D1EFE700BF5C2B00202DE9F041C4
S21401DFE0CD1C064625F0030508350C2D38BF0C253B
S21401DFF0002D01DBA94204D90C2333600020BDE8C3
S21401E000F081314F00F062F83B681C4644BB29465C
S21401E0103046FFF7C1FF431C044650D13C682146F9
S21401E020002941D1002C44D02368304604EB030874
S21401E03000F052FD80453CD1216830466D1A2946D4
S21401E040FFF7AAFF013034D023682B4423603B68D6
S21401E050002B36D05A68A24229D100225A600EE01F
S21401E0602268521B1DD40B2A16D96119A3422560BA
S21401E07018BF5960636808BF396062514B6030460B
S21401E08000F02AF804F10B00231D20F00700C21A45
S21401E090B5D01B1AA350B2E7A3426268DED13A603C
S21401E0A0EDE723466468B1E70C464968B8E71346CE
S21401E0B0CEE70C233046336000F00EF89EE705608D
S21401E0C0DDE75B60FFDE00BF602B002001480CF03F
S21401E0D0E1BD00BF452E002001480CF0DCBD00BFAD
S21401E0E0452E00202DE9F04F8DB00C4616461F46F2
S21401E0F0DDF85880054600F0B7FC0368184604931F
S21401E1000CF0E5FD002305900A93D8F8003094F84A
S21401E11018A00733D4F800B023F0070303F1080270
S21401E120C8F800204FF0FF32D3E9008929F00043F8
S21401E130CDF8188007939C4BDDE90601C4E91289E6
S21401E14001F07EFF70BB4FF0FF32974BDDE9060111
S21401E150FFF72AFD30BB0022002340464946FFF761
S21401E16019FD10B12D2384F84330904A904BBAF133
S21401E170470F94BF9046984603234FF0000923614A
S21401E1802BF00403236033460BAA2146284600974A
S21401E1900CF07AFC013040F096804FF0FF300DB065
S21401E1A0BDE8F08F42464B464046494601F048FFDF
S21401E1B040B14B467F4A002BBCBF2D2384F8433029
S21401E1C07D4BD4E763685A1C26D1062363604BF463
S21401E1D0806200232846226003930AABCDE901A39F
S21401E1E009AB49EC108B00930DF1230361680CF029
S21401E1F0AAFBBAF1670F8046099915D1CB1C3BDB08
S21401E2006368994238DC0A9B994255DB2368216191
S21401E210D80745D54B1C42E00AF0DF02472AD6D183
S21401E220002BD4D10123D1E7BAF1470F07D1C81C7F
S21401E23025DB63688B4222DB4FF0670AE3E7BAF11E
S21401E240650F1FD80139524604F1500009910CF0B0
S21401E250E2FB0A9A81461318012A236102DC22682E
S21401E260D20701D5013323619DF82330002B8AD0D4
S21401E2702D2384F8433086E74FF0650AE2E74FF036
S21401E280450ADFE7BAF1660FBDD1002963680BDDE9
S21401E290216113B92268D00702D501330B442361EB
S21401E2A04FF00009A165DFE713B92268D20701D54F
S21401E2B00233F4E70123F2E70029D4BFC1F10202D9
S21401E2C001221344EBE723685A0507D42369424623
S21401E2D031462846B84701302BD15EE7BAF1650FC3
S21401E2E040F2DD8000220023D4E91201FFF748FC4A
S21401E2F0002833D00123314A31462846B847013039
S21401E3003FF44BAFDDE90938434502DB2368D80704
S21401E3100FD531462846DDE90423B84701303FF4DE
S21401E3203CAF4FF0000908F1FF3804F11A0AC8455E
S21401E33009DC23689B0700F10381E0680B9B984288
S21401E340B8BF18462BE70123524631462846B84740
S21401E35001303FF422AF09F10109E8E7099B002BE0
S21401E36039DC0123154A31462846B84701303FF4C7
S21401E37014AFDDE9093959EA030302D12368D90745
S21401E380D7D531462846DDE90423B84701303FF4A6
S21401E39004AF4FF0000A04F11A0B099B5B42534588
S21401E3A00EDC4B4693E700BFFFFFEF7FD9FE02006E
S21401E3B0DDFE0200E1FE0200E5FE0200E9FE0200CB
S21401E3C001235A4631462846B84701303FF4E5AEA8
S21401E3D00AF1010AE1E7A36DDDF828A05345A8BFBD
S21401E3E05346002B994636DC4FF0000B29EAE979B3
S21401E3F004F11A02A36D0693A3EB09035B4531DC16
S21401E400099B9A453ADC2368DA0737D4099BAAEBBD
S21401E4100309069BAAEB03039945A8BF9946B9F1E0
S21401E420000F33DC4FF0000829EAE97904F11A0BF2
S21401E430099BAAEB0303A3EB090343457FF779AFD7
S21401E44001235A4631462846B84701303FF4A5AE67
S21401E45008F10108ECE7424631462846B847013044
S21401E460C2D19AE60123314628460692B8470130C2
S21401E4703FF493AE0BF1010B069ABBE7DDE90423EB
S21401E48031462846B8470130C0D186E6069A4B4643
S21401E490314628464244B8470130C3D17DE6DDF80F
S21401E4A028A0BAF1010F01DCDB0736D5012342466D
S21401E4B031462846B84701303FF46FAE314628460C
S21401E4C0DDE90423B84701303FF467AE002200239C
S21401E4D00AF1FF3AD4E91201FFF752FBC0B95346DD
S21401E4E008F1010231462846B84701300CD154E6FE
S21401E4F001235A4631462846B84701303FF44DAE0F
S21401E50008F10108D045F3DB4B4604F15002DFE683
S21401E5104FF0000804F11A0BF4E701234246E1E745
S21401E52001234A4631462846B84701303FF435AE06
S21401E53008F10108E3680B995B1A4345F0DCFCE639
S21401E5404FF0000804F11909F4E700BF2DE9FF4771
S21401E5500F7E914680460C46782F9A460C9E01F116
S21401E560430207D8622F0AD8002F00F0DD80582F0B
S21401E57000F0C38004F1420684F842703AE0A7F145
S21401E5806303152BF6D801A151F823F0E5E5010048
S21401E590F9E5010075E5010075E5010075E5010085
S21401E5A075E50100F9E5010075E5010075E5010075
S21401E5B075E5010075E501000FE7010087E601003A
S21401E5C0C7E6010075E5010075E5010031E70100C8
S21401E5D075E5010087E6010075E5010075E50100B6
S21401E5E0CFE6010033681A1D1B68326004F142064B
S21401E5F084F842300123A8E031682368081D3060A2
S21401E6001E0601D50D6803E05D06FBD5B1F9005085
S21401E610002D616878DA2D200029A16084F8430076
S21401E6202DDA6D425D480A231646B5FBF3F103FB6E
S21401E6301157C75D06F8017D2F460D46BB42F4D93A
S21401E640082B0BD12368DF0708D523696168994237
S21401E650DEBF302306F8013C06F1FF36921B22612D
S21401E6604B4603AA21464046CDF800A00CF00CFA12
S21401E67001306FD14FF0FF3004B0BDE8F08723F0D2
S21401E68004032360CDE721683368080653F8045B6A
S21401E69002D4490648BFADB26F2F33603F4814BF5E
S21401E6A00A230823002184F843106668002EA6601A
S21401E6B0BADB216821F004012160002DB4D1002EBF
S21401E6C0B2D11646BCE7236843F0200323607827BF
S21401E6D03348236884F845701F06316851F8045B97
S21401E6E002D45F0648BFADB23160D90744BF43F0DC
S21401E6F0200323601DB11023D4E72848E9E72368E7
S21401E70023F020032360F6E724480A23CDE7336885
S21401E7102568181D616930602E061B6801D51960D1
S21401E72002E06806FBD5198000231646236197E7A9
S21401E730336800211A1D32601E68626830460CF08C
S21401E740ABFA08B1801B606063682361002384F81C
S21401E750433085E72369324649464046D047013073
S21401E76088D023689B0714D4E068039B9842B8BFFF
S21401E770184681E70123324649464046D0470130D4
S21401E7803FF478AF0135E36803995B1AAB42F1DCDD
S21401E790EAE7002504F11906F5E700BFEBFE0200E3
S21401E7A0FCFE0200002310B50446836081811946F1
S21401E7B04366C28108228361C0E90033C0E904339D
S21401E7C05C300CF05EFA0D4B246263620C4BA36264
S21401E7D00C4BE3620C4B23630C4B9C4206D003F1BB
S21401E7E06802944202D0D0339C4205D104F158000D
S21401E7F0BDE810400CF04DBA10BD00BFA9AB020039
S21401E800CBAB020003AC020027AC0200642B002055
S21401E810024A034903480CF0A9B900BF980C00202E
S21401E82025B00200A80C002041680C4B994210B597
S21401E830044601D00CF0F6FBA168094B994202D0C0
S21401E84020460CF0EFFBE168064B994204D02046C7
S21401E850BDE810400CF0E6BB10BD00BF642B0020E5
S21401E860CC2B0020342C002010B50B4B04210B4C74
S21401E8700B4A20461A600022FFF794FF04F1680055
S21401E88001220921FFF78EFF04F1D0000222122196
S21401E890BDE81040FFF786BF9C2C0020642B0020AB
S21401E8A011E8010001480CF0F5B900BF462E002022
S21401E8B001480CF0F0B900BF462E002010B5044602
S21401E8C0FFF7F0FF236A1BB1BDE81040FFF7F0BF6A
S21401E8D0044B2362044B1B68002BF5D1FFF7C4FFE2
S21401E8E0F2E700BF29E801009C2C00202DE9F74340
S21401E8F01D46574B04460E461F68904627B13B6A95
S21401E90013B93846FFF7DAFFB8F1020F06D0B8F1AF
S21401E910010F00F29980002DC0F29680636ED90730
S21401E92005D4A3899A0502D4A06D0CF0B3F921464B
S21401E93038460CF077FB616B41B104F14403994210
S21401E94002D0384600F00EF9002363630023A3616A
S21401E9506360A3891B0603D52169384600F002F9D6
S21401E960A389B8F1020F23F44A6323F00303A381BA
S21401E97060D001AB6A46214638460CF07BFBA38982
S21401E9801843A0812DBB009D2846FFF7F5FA0646E1
S21401E990002851D1DDF80090A9453FD14FF0FF3551
S21401E9A0B4F90C3043F00202A2810022A26004F105
S21401E9B047022260226101226261626ED60704D498
S21401E9C0980502D4A06D0CF066F9284603B0BDE8A0
S21401E9D0F083002ED8D03B6A13B93846FFF76EFF96
S21401E9E0B8F1010F266002BFA38943F00103A3819A
S21401E9F0B4F90C3013F00802C4E904651ED0D90737
S21401EA0045BF00226D42A560A26048BFA561626E47
S21401EA10D20701D49B0513D50025D6E74846FFF754
S21401EA20ABFA06460028B9D0A3894D4643F08003C9
S21401EA30A381D0E70025B3E7A946F5E7A260E6E79C
S21401EA40A06D0CF028F9E7E74FF0FF35BDE700BFF2
S21401EA50A40C00200B46034902460868816800F0B2
S21401EA60EBBB00BFA40C002000487047E40D00205B
S21401EA7038B50023054D044608462B6003F047FED3
S21401EA80431C02D12B6803B1236038BDA02C0020A3
S21401EA9038B50446064D0846114600222A601A4635
S21401EAA003F05BFE431C02D12B6803B1236038BD23
S21401EAB0A02C002038B50446064D08461146002213
S21401EAC02A601A4603F051FE431C02D12B6803B19B
S21401EAD0236038BDA02C002038B50023054D044620
S21401EAE008462B60E3F7ECFF431C02D12B6803B109
S21401EAF0236038BDA02C002038B50446064D0846D4
S21401EB00114600222A601A4603F047FE431C02D132
S21401EB102B6803B1236038BDA02C002070B50D4DC5
S21401EB2000260D4C641BA410A64209D10B4D0026ED
S21401EB300B4C0DF005F8641BA410A64205D170BD60
S21401EB4055F8043B01369847EEE755F8043B013685
S21401EB509847F2E7D4110020D4110020D4110020E8
S21401EB60D811002038B50546002941D051F8043C9B
S21401EB700C1F002BB8BFE418FFF7A8FA1D4A13684C
S21401EB8033B9636014602846BDE83840FFF7A4BA7D
S21401EB90A34208D9206821188B4201BF19685B6817
S21401EBA009182160EDE71A465B680BB1A342FAD952
S21401EBB011685018A0420BD120680144501811600A
S21401EBC08342E0D118685B68084453601060DAE756
S21401EBD002D90C232B60D6E7206821188B4202BF8E
S21401EBE019685B680918636008BF21605460CAE74A
S21401EBF038BD00BF602B002070B5C66904460D46BF
S21401EC0076B91020FFF7B8F90246E06120B9184B33
S21401EC106B21184800F0A0FCC0E901660660C660DA
S21401EC20E669F36883B1E369DB6853F82500B8B990
S21401EC300121204601FA05F6721D92000BF06FFEC7
S21401EC4060B1C0E901560EE02122042120460BF0F6
S21401EC5066FEE369F060DB68002BE4D1002070BD3E
S21401EC60026843F825200023C0E90333F7E700BF15
S21401EC701AFF02009BFF020070B5C66905460C46E6
S21401EC8076B91020FFF778F90246E86120B9094BFA
S21401EC908F21094800F060FCC0E901660660C66085
S21401ECA03CB1EB696268DB6853F82210216043F8D7
S21401ECB0224070BD1AFF02009BFF02002DE9F041C1
S21401ECC001F1140C07460C461E460D690020DCF8BF
S21401ECD00030013099B2854202FB01614FEA1346CA
S21401ECE04FEA114389B202FB063301EB03414FEAB7
S21401ECF013464CF8041BEADC0EB3A368AB4219DCDE
S21401ED00616838460131FFF777FF804628B9024629
S21401ED100C4BBA210C4800F01FFC226904F10C01CF
S21401ED200C30023292000BF0C5FF214644463846AD
S21401ED30FFF7A2FF04EB850301355E6125612046DE
S21401ED40BDE8F0818AFF02009BFF020010B50C4669
S21401ED500121FFF751FF024628B9054B40F2451144
S21401ED60044800F0F9FB01234461036110BD00BFB4
S21401ED708AFF02009BFF02002DE9F04F14460A6944
S21401ED800F4685B023699A42A2BF23460C461F460A
S21401ED90D4F810A0A368D7F8109061680AEB0906AA
S21401EDA0B342B8BF0131FFF727FF30B90246454BE2
S21401EDB04FF4B171444800F0CFFB00F11405002276
S21401EDC005EB86082B46434521D307F1140104F1D0
S21401EDD0140204F1150702EB8A0201EB8903029380
S21401EDE0131B153B23F003030433BA4238BF042335
S21401EDF00193029B03918B420CD8002E03DD58F839
S21401EE00043D002B5BD0066105B0BDE8F08F43F8EA
S21401EE10042BD8E7B1F800A0BAF1000F24D004F112
S21401EE20140EA9464FF0000C5EF8047BD9F80030AA
S21401EE301FFA87FB72459BB20AFB0B334FEA174B4F
S21401EE40D9F8007063444FEA174C0AFB0BC707EB6F
S21401EE5013479BB24FEA174C43EA074349F8043B72
S21401EE60E2D8019B45F803C0039B0431B3F8029036
S21401EE70B9F1000F21D02B6804F1140CAE464FF007
S21401EE80000ABCF800B09BB2BEF8027009FB0B7713
S21401EE90574443EA07434EF8043B5CF8043B4FEA09
S21401EEA0134ABEF80030624509FB0A3303EB1743E9
S21401EEB04FEA134AE5D8019FEB51043599E7013E25
S21401EEC09BE700BF8AFF02009BFF02002DE9F84383
S21401EED0154612F0030207460E4607D0013A254CA6
S21401EEE0002354F82220FFF7E9FE0646AD103DD078
S21401EEF0FC697CB91020FFF73FF80246F86128B993
S21401EF001D4B40F2B3111D4800F026FBC0E9014439
S21401EF100460C460D7F81C80D8F808404CB940F2A9
S21401EF2071213846FFF712FF00230446C8F808008F
S21401EF3003604FF00009EB070AD5314622463846F2
S21401EF40FFF71AFF8046314638464646FFF794FEDD
S21401EF506D100BD0206838B9224621463846FFF797
S21401EF600BFF2060C0F800900446E4E73046BDE899
S21401EF70F88300BFF8FF02001AFF02009BFF0200A1
S21401EF802DE9F0470C46074691464FEA621A236977
S21401EF90496803EB6218A36808F10106B3420BDB6C
S21401EFA03846FFF729FE054648B90246284B4FF476
S21401EFB0EF71284800F0D0FA01315B00EEE700233C
S21401EFC000F1140100F110021846534533DB2AEA1A
S21401EFD0EA7A04F11403206919F01F0901EB8A018A
S21401EFE003EB800C2BD0C9F1200E8A46002218684C
S21401EFF000FA09F010434AF8040B53F8042B9C4519
S21401F00022FA0EF2F3D8ACEB040304F11500153B1B
S21401F01023F003030433844538BF0423CA500AB1DE
S21401F02008F10206013E384621462E61FFF724FE0E
S21401F0302846BDE8F087013342F8040FC5E70439D6
S21401F04053F8042B9C4541F8042FF9D8EAE700BF92
S21401F0508AFF02009BFF02002DE9F74F894606460C
S21401F0601146144648460BF016FF051E12D12946D6
S21401F0703046FFF7C1FD024628B9414B40F2372121
S21401F080404800F069FA0123C0E90435104603B090
S21401F090BDE8F08FBCBF4B46A1463046B8BF012540
S21401F0A0D9F80410B4BF1C460025FFF7A5FD02469B
S21401F0B018B9334B40F24521E2E7D9F8107004F154
S21401F0C0140E266900F1140BC56009F1140509F147
S21401F0D010030EEB860605EB8708D9464FF0000CA9
S21401F0E00193019B5EF8040B53F804AF7645019338
S21401F0F01FFA8AF3194683B24FEA1040A1EB0303C5
S21401F100C0EB1A40634400EB23409BB24FEA204C0D
S21401F11043EA004349F8043BE3D8331B1534153B57
S21401F12023F003030433A64238BF04231D445B4483
S21401F1302C461E4644450ED308F10301491B033DE8
S21401F14021F00301A84538BF00210B4453F8041DE4
S21401F15099B117619AE754F8041BE6461FFA81FC39
S21401F160080C7144F44489B200EB2C4041EA00419A
S21401F1704FEA204C46F8041BDCE7013FE6E700BFF8
S21401F1808AFF02009BFF02002DE9F7430F4601218B
S21401F190164659EC108BFFF72FFD044630B9024690
S21401F1A0234B40F20F31234800F0D6F9C9F30A5534
S21401F1B0C9F313030DB143F480130193B8F10003AF
S21401F1C023D0684600930BF039FEDDE90012D0B17A
S21401F1D0C0F1200302FA03F3C2400B4301926361BC
S21401F1E0019B002BA3610CBF012202222261A5B163
S21401F1F0A5F233450544C0F135003D603060204638
S21401F20003B0BDE8F0836161EAE701A80BF016FEE2
S21401F210019B203001226361E8E7A0F2324004EB53
S21401F2208203386018690BF0E7FDC0EB4210E5E792
S21401F2308AFF02009BFF02002DE9F04F0D469DB0AC
S21401F24014469846064618B1036A0BB9FFF736FB13
S21401F2506B6ED90705D4AB899A0502D4A86D0BF05D
S21401F26019FDAB891B0701D52B699BB92946304689
S21401F27000F0FAF870B16B6EDC0704D54FF0FF3082
S21401F2801DB0BDE8F08FAB899805F7D4A86D0BF0DB
S21401F29002FDF3E70023CDF80C804FF00109DFF8FB
S21401F2A0B481099320238DF8293030238DF82A3034
S21401F2B023469A4613F8012B0AB1252AF9D1BAEB4F
S21401F2C0040B0BD05B462246294630460BF015FE52
S21401F2D0013000F0A780099A5A4409929AF8003042
S21401F2E0002B00F09F8000234FF0FF320AF1010A45
S21401F2F0049307938DF853301A93CDE905235446AA
S21401F3000522544814F8011B0BF0C6FC049AD8B920
S21401F310D10644BF20238DF85330130744BF2B2357
S21401F3208DF853309AF800302A2B15D0079A544698
S21401F33000204FF00A0C214611F8013B303B092B07
S21401F3404BD9B0B1079214E0A0EB0803A24609FA24
S21401F35003F313430493D2E7039B191D1B68002B89
S21401F3600391BBBF5B4242F0020207930793B8BF0B
S21401F370049223782E2B0AD163782A2B32D1039B51
S21401F38002341A1D1B6843EAE37303920593DFF800
S21401F390D4A00322217850460BF07EFC38B1A0EBB6
S21401F3A00A004022049B013482401343049314F85C
S21401F3B0011B062228488DF828100BF06DFC00284A
S21401F3C03FD0264B1BBB039B073323F007030833B1
S21401F3D00393099B3B4409936AE70CFB02320C46F4
S21401F3E00120A8E7002301344FF00A0C19460593C3
S21401F3F0204610F8012B303A092A03D9002BC6D033
S21401F4000591C4E70CFB012104460123F0E703AB99
S21401F4102A4604A930460093114BFEF763FE0746C1
S21401F420781CD6D16B6ED90705D4AB899A0502D460
S21401F430A86D0BF030FCAB895B063FF51FAF099852
S21401F4401EE703AB2A4604A930460093044BFFF798
S21401F4507DF8E4E7F800030002010300E5E001009F
S21401F460FBAE0200FE00030038B5294B05460C46EC
S21401F470186818B1036A0BB9FFF720FAB4F90C3013
S21401F480190722D4DA0607D409222A6043F040037A
S21401F4904FF0FF30A38133E0580712D5616B41B1BD
S21401F4A004F14403994202D02846FFF75BFB002390
S21401F4B06363A38923F02403A38100236360236984
S21401F4C02360A38943F00803A38123694BB9A38969
S21401F4D003F42073B3F5007F03D0214628460BF0D2
S21401F4E0EEFDB4F90C3013F001020AD00022A2603E
S21401F4F062695242A261226942B913F08000C5D105
S21401F50038BD990758BF6269A260F4E70020F7E7A3
S21401F510A40C002038B50023064D044608461146C3
S21401F5202B6003F0FEF8431C02D12B6803B1236065
S21401F53038BD00BFA02C002038B50023054D044679
S21401F54008462B6003F0FBF8431C02D12B6803B17D
S21401F550236038BDA02C00201FB514461A46094B5F
S21401F56005461B68D86854B9074B1C4600910749E5
S21401F570CDE901342B4600F00DF80BF039FE044BB3
S21401F580F4E700BFA40C00204E0103002001030095
S21401F590130103000EB403B503AB0146054853F847
S21401F5A0042B00680193FFF747FE02B05DF804EBF9
S21401F5B003B07047A40C0020024B014618680BF0FC
S21401F5C01EBE00BFA40C002038B50023064D04461D
S21401F5D0084611462B6003F0B8F8431C02D12B688D
S21401F5E003B1236038BD00BFA02C0020094A516832
S21401F5F0C84390FAA0F048B1B0FA80F0042805DCC0
S21401F600012383400B43536040B270474FF0FF30F5
S21401F610704700BFCC2C00200021034B2822034852
S21401F620C3E900110BF02DBBCC2C0020A42C00202C
S21401F63038B50546FFF7DAFF04460448294600EBCD
S21401F640C4000BF05DFE204638BD00BFA42C002090
S21401F650C3B2042B10B515D804230B4A03EBC00321
S21401F660134453E8002F0A4343E80024002CF8D142
S21401F67001220649824051E8003F134341E8003029
S21401F6800028F8D110BD00BFA42C0020CC2C0020EF
S21401F690F7B54FF0040C01260827184A1849194DEA
S21401F6A0106800B30B7806FA03F420421DD0E0433D
S21401F6B052E8004F044042E8004EBEF1000FF7D179
S21401F6C017FB03C32B4453E8000F43E800E4002C68
S21401F6D0F9D1019048B1087801AA0B4905EBC000A1
S21401F6E00BF04AFE012003B0F0BD0B785068834250
S21401F6F02EBF00230133DBB20B70D1E7CC2C0020E8
S21401F700472E0020A42C002078563412024B18688D
S21401F710003818BF01207047CC2C002010B50446D5
S21401F72001F012FC074B1B684BB1DB681B1B002B5F
S21401F730CCBF0024012401F017FC204610BD1C4656
S21401F740F9E700BFE42C002038B54FF0FF3405463A
S21401F75001F0FAFB084B1A681AB901F005FC2046BD
S21401F76038BDD2E903310B445B1B23F000439C42B6
S21401F77028BF1C465268EFE7E42C00202DE9F84F1D
S21401F7800C9F0E461546994680469DF82CA008B15A
S21401F79003687BB937B129463046B84740F2034083
S21401F7A0BDE8F88F002DF9D0002EF7DB284600F0D3
S21401F7B009FCF3E701F0C8FB8346504600F0F0F978
S21401F7C00446584601F0D0FB8CB947B1294630466D
S21401F7D0B8470320314600F0BBFB1A20E0E7002DB6
S21401F7E0F7D0002EF5DB284600F0ECFBF1E765616B
S21401F7F000250A9BC4F80080DFF87080C4E90797EB
S21401F800A660236184F818A0D8F800306560984790
S21401F81009EB000601F098FB07461248E66002680D
S21401F820114631B1CB689B1B002B13DBCB689E4284
S21401F83010D09DB90C4B626004601C682CB1D8F8DE
S21401F84000309847FFF780FFA047384601F08CFB51
S21401F8500020A5E74B680D461946E2E76B68636032
S21401F8606C60F2E7E42C0020D42C0020DC2C002075
S21401F8702DE9F74F81460D4692461E4601F064FB80
S21401F8804FF00008DFF874B00190DBF800402CB9A7
S21401F890019803B0BDE8F04F01F066BB23684B4505
S21401F8A01CD12DB1A3682A6823F00043934215D1D9
S21401F8B07EB96368B8F1000F13D1CBF800300D4B59
S21401F8C01F6887B10C4A12689047FFF73DFFB8479B
S21401F8D009E051466069B0470028EAD0A04664684E
S21401F8E0D5E7C8F80430676820460BF0C5FC3C46EF
S21401F8F0CDE700BFD42C0020DC2C0020E42C002017
S21401F900014B1860704700BFD42C002070B50B4B1C
S21401F91004460E4615461978094A0A480CF096F828
S21401F9200023094A24211360084A07201660084A62
S21401F93015602246BDE8704000F0B4B8602E002085
S21401F9404F010300482E0020E42C0020DC2C002070
S21401F950D82C00207FB504461846002303930A4B93
S21401F9600D461B68164613B9212004B070BD03A9C5
S21401F97098470028F8D10090324629462046039B36
S21401F9800BF0ADFCF1E700BFD82C0020F8B505461A
S21401F99010200F46164600F0F7FA0A4B0446187870
S21401F9A018B1102221460CF054F844B1012300206E
S21401F9B0E3602B68C4E9017623602C60F8BD1A2049
S21401F9C0FCE700BF482E00202DE9F843264FDFF85C
S21401F9D0A880264D38603868FFF7A0FE30B9244B62
S21401F9E01B689847BDE8F843FFF7AEBE01F0ACFAD6
S21401F9F0D8F800400646ECB16368C8F800301D4BE5
S21401FA00D3F80090B9F1000F0CD101F0ADFAA3685C
S21401FA102C6033F0004311D128680BF02DFC002335
S21401FA202B60D8E7124B1B689847FFF78DFEC84737
S21401FA303046EAE701F098FA2C60CCE72368002B01
S21401FA40EAD018680028E7D0A26832F00043E3D075
S21401FA50D0E90069636921688068C8470028DBD15E
S21401FA60002ED9D03046EFE7E82C0020E02C00200D
S21401FA70DC2C0020D42C0020E42C002038B50446D1
S21401FA800D4601F061FA064B1B683BB1DA6922604C
S21401FA901B692B60BDE8384001F066BA2360F8E7C1
S21401FAA0E02C00202DE9F74F4FF6FC770024164690
S21401FAB0DFF884900331DFF884B009EB00150F40BE
S21401FAC04FEA001ADBF800306A80804629F80A708F
S21401FAD002FB07F0EC60984717FB06F292B203466A
S21401FAE068602A8108B300921148124A9BF80410F4
S21401FAF052F8282040440BF0AAFF21462A8968685C
S21401FB000BF0BFF8214623469E4206DC0020D14476
S21401FB10A9F8026003B0BDE8F08F6A68E868541877
S21401FB2050500133EC603944EEE71A20F2E700BF8B
S21401FB30492E00204C02030004260020EC2C002055
S21401FB4070B50B4E044606EB0015696839B1094BD2
S21401FB502A89185C0BF07CFF686800F033FA06EB24
S21401FB6004101022BDE8704000210BF08AB800BFD7
S21401FB7004260020492E0020044B19601A71986053
S21401FB800201002102480BF07CB800BFEC2C0020DB
S21401FB9004260020014B185C704700BF492E002048
S21401FBA070B50A4C060104EB0013DD68084B185CBF
S21401FBB018B12946A25B0BF04CFF2DB12B683444DB
S21401FBC0E3606388013B6380284670BD04260020FD
S21401FBD0492E0020024B03EB00139878704700BFB4
S21401FBE004260020094B10B403EB00135A88DC6886
S21401FBF001320C60D9605A80054B185C18B15DF86B
S21401FC00044B0BF027BF5DF8044B70470426002019
S21401FC10492E0020044A010102EB0013505A10B18C
S21401FC201B89B3FBF0F070470426002038B500248A
S21401FC30154B164D1C70164B20461C60154B2C6040
S21401FC401C706C60AC60FFF7E5FF80B2A0F10E039C
S21401FC506B80A0F11403013068812046EB80FFF72A
S21401FC6099FF04460C4D01460C4A28460BF0EEFE61
S21401FC702146681E0A4A0BF0E9FE2146681C094A1D
S21401FC80BDE838400BF0E2BE5E2E0020642D002059
S21401FC90102D00205D2E00205B2E00209002030018
S21401FCA099020300A302030070B5044680B301F075
S21401FCB04BF9637905466FF382036371237913F079
S21401FCC0100605D010232371BDE8704001F04CB931
S21401FCD0104903F0030331F823203046013A21F896
S21401FCE023202146FFF77EFF0B4B0C4E1C681CB9E8
S21401FCF00A4B28461C70E7E7237A1BB933781BB9F1
S21401FD002468F4E7012BFBD1204663689847F7E7A0
S21401FD1070BD00BF642D0020102D00205E2E002037
S21401FD2010B5044601F010F9034B1A6822601C60F6
S21401FD30BDE8104001F018B9102D002010B5064B93
S21401FD4000F0E0001A78541C1C70044B03F83200D3
S21401FD5003EBC203596010BD5D2E0020F82C002075
S21401FD602DE9F04F0446460789B048BF00F0F70476
S21401FD700492029101F0E8F8614F04F0030607EBE4
S21401FD80860337F826205B8881469A4204F0EF0AFC
S21401FD904FEA860831D20020FFF702FF054640B33E
S21401FDA037F826304846013327F8263001F0DCF8CC
S21401FDB028460BF00DFD029B029AAB71049B85F859
S21401FDC004A01344EB7101F0BFF807464D4B1C68C5
S21401FDD0002C40F08C80384601F0C6F84A4B985DFE
S21401FDE018B1452229460BF034FE284609B0BDE875
S21401FDF0F08F01224846454B1A7001F0B5F82507E9
S21401FE001DD51F2C1BD904F0E003039301F09CF8C9
S21401FE1007EB08035B8837F826804FF0000B984500
S21401FE202CBF00230123DFF8EC90019301F09CF82E
S21401FE3007EB86030593364B1B789B4508D384F066
S21401FE4004005146C0F3800000F082F80025C5E7A3
S21401FE5099F80030039A1A4204D0D9F80480D8F8E9
S21401FE60003023B90BF1010B09F10809E3E7079309
S21401FE705A79D00708D51A79510705D5019941B99C
S21401FE808AEA0202920704D098461B68002BEFD13B
S21401FE90E5E740460BF059FB0579079007A80BF0FC
S21401FEA036FB2946002000F053F801F04DF8059B7B
S21401FEB037F826205B8805469A4234BF0123002383
S21401FEC0019309D20020FFF76BFE079058B137F86F
S21401FED02630013327F82630284601F045F8079DDD
S21401FEE0002DBCD064E70122084B1A70F4E7237A90
S21401FEF0012B02D1204663689847246868E700BF53
S21401FF00642D0020102D00205A2E00205E2E002089
S21401FF105D2E0020F82C00200022014B1A6070474D
S21401FF20142D002010B5044601F00EF8074A136898
S21401FF302BB914602360BDE8104001F015B8A34248
S21401FF4002D01A461B68F3E710BD00BF142D00202F
S21401FF5070B505460E46054B1C6804B970BD63684E
S21401FF603146284698472468F7E700BF142D00203D
S21401FF70024B034A197803480BF068BD5F2E002038
S21401FF80B0020300602E002038B5C41C24F0030420
S21401FF90204603F097FA0A4B0546187818B1224610
S21401FFA029460BF056FD2DB921460220FFF7D0FF5A
S21401FFB0284638BD2246002128460AF062FEF7E7A9
S21401FFC0602E002010B5044628B1054B187810B1F4
S21401FFD021460BF03FFD2046BDE8104003F09ABADB
S21401FFE0602E002010B5064C237823B9EBF762FC8F
S21401FFF018B901232370002010BD40F20740FBE72B
S214020000612E002038B50B4B04461B780D464BB1CB
S21402001021462846EBF70EFC002840F2074008BFB0
S214020020002038BD04490548FFF7DCFF0028EFD062
S214020030F7E700BF612E0020EFBEADDEBEBAFECAF5
S2140200404FEA410C7FEA6C5C02D150EA013C0AD1CD
S2140200504FEA430C7FEA6C5C02D152EA033C02D1BF
S2140200604FF0000070474FF0010070474FEA410220
S21402007012F5001215D211D56FF47873B3EB6252F3
S21402008012D94FEAC12343F0004343EA505311F01A
S214020090004F23FA02F018BF404270474FF00000AC
S2140200A0704750EA013005D111F0004008BF6FF0EA
S2140200B0004070474FF00000704700BF00BF704717
S2140200C084B001900091019B03F580530393039B38
S2140200D0009A1A6000BF04B0704700B585B003905E
S2140200E0029101920398E1F709FE039B1B6B039AA8
S2140200F0029B5B0113446833019A1A6000BF05B085
S2140201005DF804FB00B583B001900B468DF8033012
S2140201100198E1F7C9FD9DF80330002B03D0019B3F
S2140201200122DA6002E0019B0222DA6000BF03B01D
S2140201305DF804FB00B583B0019000910198E1F7E9
S214020140DDFD019B1B6B019B009ADA6100BF03B0C9
S2140201505DF804FB08B501213A20E3F77BFD002396
S21402016004220221032000F079FF00230422032147
S214020170032000F073FF00BF08BD00B583B003463E
S2140201808DF807309DF80730002B06D00221032099
S214020190E1F762FDE1F720FE09E0E1F797FE0321B1
S2140201A00320E1F759FD02210320E1F755FD00BFC8
S2140201B003B05DF804FB08B503F05DF9E1F754F807
S2140201C003F066F9FFF77AFFE9F742F800BFF7E7B0
S2140201D008B5F1F71BF800BF08BD00B583B06FF095
S2140201E00100E2F7B1F86FF00100E2F793F8EAF7E0
S2140201F0C3FD0190F2F78CFB019000BF03B05DF8DF
S21402020004FB00B583B001900198E1F72DFF019839
S214020210E1F744F800BF03B05DF804FB82B001903A
S2140202200123184602B0704700B5C5B0F0F780FF4C
S21402023007F0A4F84390439B002B15D04398FFF792
S214020240EDFF034683F00103DBB2002B0CD101ABBA
S214020250184607F08DFE4290429B002B06D101AB5A
S2140202601846FFF7CEFF02E000BF00E000BF45B031
S2140202705DF804FB00BF704708B5E2F7DFF802F04E
S2140202809DF900F035F9E8F79DF8E8F72DF9E8F75B
S214020290C7F802F08CF9E2F773F8E8F7A7F800F06F
S2140202A01EF9E3F71DFBE8F791FF00BF08BD08B58E
S2140202B0E2F7B2FC00F0B1FCE2F7F2F9E2F7F8F985
S2140202C000F01DF900BF08BD08B500F005F9E9F712
S2140202D005FFE8F777F901F0CCFDE8F769FEEBF7E2
S2140202E0E9FA01F0A4FE00F01FF800BF08BD08B549
S2140202F001F033F9E6F794FA01F031F9E6F7A2FADB
S214020300FFF76BFF00BF08BD08B5E2F735FA00BF7E
S21402031008BD00BF704700BF704708B5FFF784FFEF
S21402032000BF08BD00BF704708B5E2F739F900BF45
S21402033008BD00B583B00190019B1B685B6A019AF9
S21402034012681046984700BF03B05DF804FB00B57C
S21402035083B00190019B1B6A019A12681046984767
S2140203600346184603B05DF804FB82B00190009184
S214020370019B1A68009B22FA03F303F00103184656
S21402038002B0704700B583B0034600918DF807307F
S2140203909DF80730002B0AD09DF80730012B06D0B7
S2140203A09DF80730022B02D09DF80730032B9DF8EC
S2140203B0072013465B0013441B01103303F1A043CE
S2140203C003F5703300991846FFF7CFFF0346184629
S2140203D003B05DF804FB0123184670470123184654
S2140203E0704700B583B001238DF80730F0F7C8FEDA
S2140203F0034683F00103DBB2002B02D000238DF804
S2140204000730FFF7E8FF034683F00103DBB2002B59
S21402041002D000238DF807309DF80730184603B047
S2140204205DF804FB00B583B000238DF80730002387
S2140204308DF80630E9F722F903468DF8073006F004
S214020440DFFF03468DF805309DF80530042B03D1F7
S21402045001238DF8063006E09DF80530022B02D106
S21402046001238DF80730E2F7BDF803468DF8053014
S2140204709DF80530042B03D101238DF8063006E0E3
S2140204809DF80530022B02D101238DF80730FFF7C5
S214020490A5FF03468DF805309DF80530042B03D1E1
S2140204A001238DF8063006E09DF80530022B02D1B6
S2140204B001238DF807309DF80630002B02D000236A
S2140204C08DF807309DF80730184603B05DF804FB38
S2140204D000BF704700BF70470F231846704708B525
S2140204E001213A20E3F7B6FBFFF7C4FE00BF08BDC2
S2140204F008B501213A20E3F7ADFB00BF08BD08B5F9
S214020500082000F05AFAE2F767F9082000F068FAC5
S21402051000BF08BD84B001900B468DF8033000235F
S2140205200393019B23F07F43039A134303939DF89F
S21402053003309B07039A13430393039B184604B0A6
S214020540704784B001900B468DF8033013468DF841
S21402055002300023029302238DF80F309DF80330F9
S214020560012B02D103238DF80F30019B23F07F432A
S214020570029A134302939DF80F30DB0603F0605392
S214020580029A134302939DF802309B07029A134382
S2140205900293029B184604B0704700B585B00190DE
S2140205A00B468DF8033001238DF808309DF8033092
S2140205B019460198FFF7AEFF0346039302AB0821E4
S2140205C0184600F004F800BF05B05DF804FB00B55D
S2140205D087B001900091019B039300238DF812309F
S2140205E0009B09330293002305935AE0059B002BD8
S2140205F003D15B238DF813304AE0059B012B05D10E
S214020600009BDBB204338DF8133041E0059B022BCE
S21402061003D1D1238DF813303AE0059B032B03D187
S21402062080238DF8133033E0059B042B03D100237F
S2140206308DF813302CE0059B052B07D19DF8123060
S2140206405A1C8DF812208DF8133021E0029B033BD2
S214020650059A9A4203D15A238DF8133018E0029B6A
S214020660023B059A9A4203D15A238DF813300FE0C3
S214020670029B013B059A9A4203D15D238DF8133003
S21402068006E0059B063B039A13441B788DF813304D
S2140206909DF8133019460820E2F748FB059B013304
S2140206A00593059A029B9A42A0D30023184607B0E8
S2140206B05DF804FB00BFFDE784B00390029101924F
S2140206C0019B002B0DD007E0039A131D0393029B98
S2140206D0191D029112681A60019B5A1E0192002B84
S2140206E0F2D100BF04B070470023184670474FF49B
S2140206F00043184670474FF47A731846704782B024
S2140207000190019B00221A6000BF02B0704782B0BF
S21402071001900091009B002B01D0019B002B019BB6
S2140207201A68009B1A60019B009A1A6000BF02B00A
S214020730704700B583B00190019B5B68002B05D023
S214020740019B5B6801989847034600E022231846FF
S21402075003B05DF804FB82B0019000BF02B07047A0
S21402076082B001900091019B1A68009B22FA03F363
S21402077003F00103184602B0704700B583B0034683
S21402078000918DF807309DF80730002B0AD09DF8AF
S2140207900730012B06D09DF80730022B02D09DF8B9
S2140207A00730032B9DF8072013465B0013441B01FA
S2140207B0143303F1A04303F5703300991846FFF78C
S2140207C0CFFF0346184603B05DF804FB00B583B0BE
S2140207D003468DF807309DF8073000211846E2F7E9
S2140207E049FF00BF03B05DF804FB00B585B00346C1
S2140207F000918DF80730009B0393039B1B680293BE
S214020800029B1B78022B13D0029B1A79029B5B7900
S21402081019461046FFF7B1FF0346002B0CBF012313
S2140208200023DBB21A46029B1A700398FFF793FF67
S21402083000BF05B05DF804FB84B00190019B0393F2
S214020840039B1B680293029B1B78184604B07047F2
S21402085000B587B00190019B0593059B1B68049326
S214020860049B1B78022B48D0049B1A79049B5B7965
S21402087019461046FFF781FF0346002B14BF0123DB
S21402088000238DF80F30049B9B79012B28D1049B03
S2140208905B88ADF80C30BDF80C305B009AB29DF860
S2140208A00F309BB213439BB24FF6C0721343ADF8A0
S2140208B00C304FF6E072BDF80C30934202D1049B26
S2140208C001221A704FF6DF72BDF80C30934202D145
S2140208D0049B00221A70049BBDF80C205A800DE07F
S2140208E0049B9B79002B09D19DF80F3083F00103FE
S2140208F0DBB21A46049B1A7000E000BF07B05DF830
S21402090004FB00B585B00190019B0393039B1B6813
S2140209100293029B1B78022B06D1029B00225A806E
S2140209200198E2F7EBF800E000BF05B05DF804FBC3
S21402093000B587B00390039B0593059B1B68049341
S214020940049B1B78022B1BD0049B9B79022B13D192
S214020950049B5B791846FFF739FF049B1879049BC2
S2140209605B791946049B5B791A46002301930023A0
S21402097000930023E4F76EFF049B02221A7000E045
S21402098000BF07B05DF804FB86B0039002910192A7
S214020990019B002B04D0039B03F58053059303E0D1
S2140209A0039B03F500530593059B0121029A01FA66
S2140209B002F21A6000BF06B0704782B001904FF094
S2140209C06043D3F8002E0121019B01FA03F34FF096
S2140209D060411343C1F8003E0023184602B0704738
S2140209E082B001904FF06043D3F8002E0121019BA4
S2140209F001FA03F3DB434FF060411340C1F8003EB7
S214020A000023184602B0704700B583B00190019BE0
S214020A105B68019A1268104698470346184603B068
S214020A205DF804FB82B001900091019B1A68009B5E
S214020A3022FA03F303F00103184602B0704700B52A
S214020A4083B0034600918DF807309DF80730002BDF
S214020A500AD09DF80730012B06D09DF80730022BEE
S214020A6002D09DF80730032B9DF8072013465B0043
S214020A7013441B01103303F1A04303F570330099AE
S214020A801846FFF7CFFF0346184603B05DF804FB8F
S214020A9000B585B00190019B039301213A20E3F74C
S214020AA0D9F8039B1878039B5B781946039B9B78BF
S214020AB0002B0CBF01230023DBB2042200F0CEFA87
S214020AC00023184605B05DF804FB00B585B001901A
S214020AD0019B0393039B9B78002B08D1039B1A78F8
S214020AE0039B5B7819461046E2F756F907E0039B2C
S214020AF01A78039B5B7819461046E2F775F900BF31
S214020B0005B05DF804FB00B585B00190019B039328
S214020B10039B9B78002B08D1039B1A78039B5B7878
S214020B2019461046E2F760F907E0039B1A78039B22
S214020B305B7819461046E2F72FF900BF05B05DF85C
S214020B4004FB00B585B00190019B0393039B1A78C2
S214020B50039B5B7819461046E2F76EF900BF05B0B4
S214020B605DF804FB00B585B00190019B0393039BDF
S214020B701A78039B5B7819461046FFF760FF034618
S214020B808DF80B30039B9B78002B07D19DF80B301A
S214020B90002B0CBF01230023DBB201E09DF80B30D3
S214020BA0184605B05DF804FB00B58DB00B900A91AF
S214020BB009920893129B0793119B06939DF8403067
S214020BC005930F9B04939DF83830039300230293FA
S214020BD0089B0193099B00930A9B0B9A0121002014
S214020BE0E2F7DEFB034618460DB05DF804FB86B05E
S214020BF00190019B0493049B93FAA3F30393039B34
S214020C000593059B002B01D1202303E0059BB3FA35
S214020C1083F3DBB2184606B0704708B51920E4F72E
S214020C209DFA0346002B05D01920E2F7E1FC1920B5
S214020C30E2F7C4FC1A20E4F791FA0346002B05D02B
S214020C401A20E2F7D5FC1A20E2F7B8FC00BF08BD6E
S214020C5000B583B0E2F7FEFC034603F0553323F0FB
S214020C60502301930198E2F7DFFC0198E2F7FEFDBC
S214020C7000BF03B05DF804FB00B583B0E2F7EAFC00
S214020C80034603F0AA3323F0A02301930198E2F768
S214020C90CBFC0198E2F7EAFD00BF03B05DF804FB67
S214020CA086B001900091019B0493009B9B080393DE
S214020CB0002305930CE0049B1B68B3F1FF3F01D0B1
S214020CC000230AE0049B04330493059B0133059337
S214020CD0059A039B9A42EED30123184606B0704744
S214020CE000B583B001900091E5F784F8002318461A
S214020CF003B05DF804FB08B5E5F794F800BF08BD3D
S214020D0000B585B0019003AB1846E5F7DBF89DF811
S214020D100E301A46019B1A80019B0122DA70019B53
S214020D2000229A70E5F720F90246019B5A600023DA
S214020D30184605B05DF804FB82B003468DF807300E
S214020D4000BF02B0704700B587B0039002910192CF
S214020D50039B0593029B0493059B03F00303002B5E
S214020D6014D1049B03F00303002B0FD10AE0059A6B
S214020D70131D0593049B191D049112681A60019BAA
S214020D80013B0193019B002BF1D106E0019B9B00E6
S214020D901A460399029809F08DFF0023184607B0F9
S214020DA05DF804FB00B583B0019000910198019AAA
S214020DB0009B1344013B009A1946E8F765F900BF09
S214020DC003B05DF804FB08B5E1F72EFE03461846AD
S214020DD008BD86B0039002910192019B002B04D0BD
S214020DE0039B03F58053059303E0039B03F500532F
S214020DF00593059B0121029A01FA02F21A6000BFCE
S214020E0006B0704782B001900091019B1A68009B61
S214020E1022FA03F303F00103184602B0704700B546
S214020E2087B003900291019200F078F80590039B38
S214020E301A68029BDB431A400199029B0B401A4335
S214020E40039B1A60059800F075F800BF07B05DF8BE
S214020E5004FB08B501210220E4F728FB00F054F851
S214020E6000F04AF8E3F7E0FE00BF08BD10B5FFF752
S214020E70AAFF0446E2F7D8FD0346C3F10203194669
S214020E80204600F00AF801210020E4F7E1FAE4F730
S214020E9089F8E3F7D5FE00BF10BD00B583B0019018
S214020EA00091009B002B04DD01210198E4F70EF867
S214020EB003E000210198E4F709F800BF03B05DF8EB
S214020EC004FB00B585B00190009100230393E1F77F
S214020ED083FD03900D230293019B002B02D0019BFE
S214020EE0039A1A60009B002B02D0009B029A1A609B
S214020EF000BF05B05DF804FB08B502214FF4207070
S214020F00E2F718FE00BF08BD08B5E1F7ABFD0346E1
S214020F1000211846E3F7DAFF00BF08BD82B0EFF300
S214020F2010830093009B019372B600BF019B184684
S214020F3002B0704782B00190019B002B01D162B6CD
S214020F4000BF00BF02B0704784B0EFF31183019375
S214020F50019B039330230293029B83F3118800BF05
S214020F60039B184604B0704784B00190019B03931C
S214020F70039B83F3118800BF00BF04B0704708B517
S214020F80E1F752FD00BF08BD82B001900091019BBF
S214020F901A68009B22FA03F303F00103184602B014
S214020FA0704782B003468DF807309DF80730013B44
S214020FB04FF4806202FA03F3184602B0704700BF8D
S214020FC0704700BF704708B50020E4F729F900BF54
S214020FD008BD08B50120E4F723F900BF08BD82B0BA
S214020FE003468DF8073000BF02B0704786B0039004
S214020FF002910192019B002B04D0039B03F58053C0
S214021000059303E0039B03F500530593059B01211B
S214021010029A01FA02F21A6000BF06B0704700B5E3
S21402102087B0039002910192FFF778FF0590039B29
S2140210301A68029BDB431A400199029B0B401A4333
S214021040039B1A600598FFF775FF00BF07B05DF8AF
S21402105004FB82B0019000BF02B0704700B585B0B5
S21402106002910192009303468DF80F309DF80F30DF
S214021070002B0AD09DF80F30012B06D09DF80F30BA
S214021080022B02D09DF80F30032B019B002B0FD0B2
S214021090009B002B06D09DF80F3002991846E4F705
S2140210A0B1FB05E09DF80F3002991846E4F782FB83
S2140210B0029B072B19D89DF80F2013465B0013449A
S2140210C01B01043303F1A04303F57033029A920026
S2140210D00F2101FA02F0029A9200019901FA02F235
S2140210E001461846FFF79BFF1AE09DF80F201346AD
S2140210F05B0013441B010C3303F1A04303F570336A
S214021100029A083A92000F2101FA02F0029A083A6D
S2140211109200019901FA02F201461846FFF77FFF94
S214021120019B002B0FD1009B002B06D09DF80F30A1
S21402113002991846E4F766FB05E09DF80F3002991F
S2140211401846E4F737FB00BF05B05DF804FB86B02F
S214021150039002910192019B002B04D0039B03F59E
S2140211608053059303E0039B03F500530593059B09
S2140211700121029A01FA02F21A6000BF06B0704715
S21402118084B001900091019B03F500530393039BE7
S214021190009A1A6000BF04B0704700BF4FF0B04319
S2140211A05B68002B04D04FF0B0439B6A002BF5D14E
S2140211B000BF704708B5FFF7F0FF4FF0B0430122BB
S2140211C0DA6000BF08BD08B5FFF7E7FF4FF0B0438F
S2140211D00222DA6000BF08BD00B583B003468DF870
S2140211E007304FF0B0435B68002B06D19DF80730FE
S2140211F083F00103DBB2002B20D14FF0B0435B68D3
S214021200002B01D0FFF7C9FF9DF80730002B09D04D
S2140212104FF0B04303F580531A4601235360FFF79D
S214021220C9FF0CE0FFF7CFFFFFF7B7FF4FF0B04361
S21402123003F500531A460123536000E000BF03B0D3
S2140212405DF804FB00B583B001904FF0B0435B68D5
S214021250002B01D0FFF7A1FF4FF0B04303F5005378
S2140212601A4601235360019B5B78002B01D00122B2
S21402127000E00022019B9B78002B01D0022300E0B5
S21402128000231343019AD278002A01D0042200E0F8
S21402129000221A43019B1B791B011A43019B5B79AF
S2140212A0DB004FF0B04113438B604FF0B04303F5C1
S2140212B080531A4601235360019B1B78002B01D0F2
S2140212C0012300E002234FF0B042D36000BF03B018
S2140212D05DF804FB00B585B0019000910198E4F733
S2140212E055FE00230393019800F012F9019B03F5C3
S2140212F000531A4601231363009B5B889A04009BE3
S2140213001B791B021343009A927A1343009A52786F
S214021310002A01D0402200E000221343009AD27A2B
S214021320002A01D0802200E000221343009A127B9A
S214021330002A01D0202200E000221343009A527BAA
S214021340002A01D0102200E000221343009A927B6A
S214021350002A01D0082200E000221343009AD27B22
S214021360002A02D04FF4006200E000221343009AE3
S2140213709279002A02D04FF4803200E00022134312
S214021380009AD279002A02D04FF4003200E00022FE
S2140213901A43019B5A60019B03F580531A460123A8
S2140213A01363009B1B7883F00103DBB2002B02D091
S2140213B0019B0222DA60019B00225A62009B1B7A82
S2140213C09B00009A527A1343009A5279002A01D05F
S2140213D0102200E0002213430393019B039A9A60B3
S2140213E0009B1B78002B02D0019B0122DA6000BF13
S2140213F005B05DF804FB00B587B003900291019238
S2140214000398E4F7C3FD039800F082F8039B03F504
S21402141000531A4601231363019B9B791A46019BCC
S214021420DB79002B02D04FF4801300E00023134335
S214021430019A527A002A01D0102200E000221A43B2
S214021440019BDB7ADB041A430399029B03335B019D
S2140214500B441A60019B1B7A002B21D0039A029B35
S21402146003335B0113441A68019B1B7B5B041A431C
S2140214700399029B03335B010B441A60019B1B7B9F
S214021480012B14BF012300238DF81730019B9B7894
S2140214901A469DF8173002990398E4F7A1FD0BE06F
S2140214A0039A029B03335B0113441A680399029B57
S2140214B003335B010B441A60039B03F580531A4601
S2140214C001231363019B1B789A06019B5B781B061C
S2140214D01A43019BDB781B031A43019B1B799B0271
S2140214E01A43019B5B791B021343019A927A002AE4
S2140214F001D0042200E000221A430399029B033320
S2140215005B010B4404331A6000BF07B05DF804FBAE
S21402151082B0019000BF019B1B6B03F00103002BFE
S21402152005D0019B1B6903F04003002BF3D100BFDB
S21402153002B0704782B001900B468DF8033000BFB0
S214021540019B9B6903F04003002BF9D09DF8032012
S214021550019BDA6300BF02B0704700BF704708B550
S214021560F5F7A4FF00BF08BD82B000230193019BDC
S214021570184602B0704700B587B0059004910392F2
S2140215800293039B002B09D0089B0093029B039AAD
S2140215900499059800F07BF9034600E0059B18467F
S2140215A007B05DF804FB00B583B0E5F77DF901905E
S2140215B0019B1B0C03F00103184603B05DF804FB05
S2140215C008B500BFFFF7EFFF0346002BFAD1E5F799
S2140215D06BF902464FF6F0731340184608BD10B575
S2140215E08CB005AC84E807000493069B049A9A42E2
S2140215F001D2049B0693069B002B32D0049B002B41
S2140216002FD000230B93049B0A930E9B03F53813EB
S21402161003F241135A02069BD31A0993069B0293BE
S2140216206A4606AB93E8030082E80300059B09AA14
S21402163007CA00F039FB069B049A9A4212D90E9BFF
S21402164003F5381303F241135A02049BD31A099383
S2140216500998069B049AD31A1A46002100F012FB38
S21402166000E000BF0CB010BD10B592B003AC84E829
S214021670070002930399059B03F08053002B04D0C6
S214021680049B033323F0030201E0029B5A00059BEE
S2140216900EA800240094FFF76EFF0EAB184600F06B
S2140216A022F9149B03F5381303F241135A02029BE4
S2140216B0D31A194606A8002300930023029AFFF7BE
S2140216C05AFF149B03F5381303F5A1735A02029BC3
S2140216D0D31A194606AB03F1100000230093002329
S2140216E0029AFFF748FF06AB1033184600F0FBF8E5
S2140216F006AA0EAB1146184600F0ACF800BF12B0B0
S21402170010BD10B58CB005AC84E8070004930E9BA0
S21402171003F5381303F5A0735B020993049B0A933F
S21402172000230B93049B02936A4606AB93E80300DE
S21402173082E80300059B09AA07CA00F0B5FA00BFB3
S2140217400CB010BD00B583B0E5F7A2F8FFF738FF7E
S2140217500190019B184603B05DF804FB10B58AB0F1
S21402176003AC84E807000293039B0693029B07934D
S214021770059B08930023099326E00D9B002B05D1B9
S214021780099B022B14D0099B032B11D00C9B002B18
S21402179007D0099B0093029B06AA07CAFFF71FFF02
S2140217A006E0099B0093029B06AA07CAFFF7A9FF59
S2140217B0089B03F08053002B03D1069A079B134421
S2140217C00693099B01330993099B029A03FB02F2D3
S2140217D0049B9A42D1D300BF00BF0AB010BD84B0AA
S2140217E001900091002303930CE00099039B5A0199
S2140217F0039B9B000198034421FA02F21A60039BA2
S21402180001330393039B002BEFD000BF00BF04B04D
S214021810704710B5E5F746FA0446E5F751FA03466F
S2140218202343002B01D0E5F7A9F900BF10BD84B011
S2140218300390029101920093019B039A1A60009B07
S214021840029A1A6000BF04B0704782B0019000BFCF
S21402185002B0704700B585B00190009102AB03AAB2
S21402186000990198FFF7E3FF039B029A1146184678
S214021870E5F790F9E5F7F8F9E5F708FAFFF7C9FF93
S2140218800098FFF7E2FF00BF05B05DF804FB86B0E4
S2140218900390029101920093039B10330593039BDE
S2140218A0059A5A60039B029A1A60019B23F07042C3
S2140218B0039B9A60029B002B08D0039B9A68009BAE
S2140218C003F070431A43039B9A6005E0039B9B68F0
S2140218D043F08042039B9A60039B069ADA60059B5C
S2140218E0184606B0704782B00190019B01225A60EA
S2140218F0019BDB6843F02002019BDA60019B9B6838
S21402190043F00052019B9A6000BF02B0704710B4C9
S21402191089B0039002910192029B0593019B069364
S21402192000230793039B1C4605AB93E8070084E855
S2140219300700039809B05DF8044B704700B587B0FE
S2140219400590049103920293039B002B09D0089BF7
S2140219500093029B039A04990598FFF798FF0346A3
S21402196000E0059B184607B05DF804FB00B587B09B
S2140219700590049103920293049B1968049B58688D
S214021980049B9A68039B1A43029B009313460246E3
S2140219900598FFF7D3FF0346184607B05DF804FB29
S2140219A082B00190019B5B4203F00F03184602B01F
S2140219B0704710B5DCB004465CA8A0F5AC700160B8
S2140219C05CA9A1F5AE710A605CAAA2F5B0721360BA
S2140219D05CABA3F2511322461A7054AB06A904223A
S2140219E01846FFF794FF5CABA3F5AE731A6851ABCB
S2140219F007CA83E8070006AA51AB11461846E5F760
S214021A0073F95A905A9B002B01D05A9B29E15CAB82
S214021A10A3F58C735F9A07CA83E80700619B5A682E
S214021A20629B5B6813441846FFF7BAFF59905F9BA8
S214021A305B681846FFF7B4FF5B90639B5B681846CB
S214021A40FFF7AEFF5890609B9B6803F08053002B15
S214021A5006D0609B5B68033323F00302609B5A60E8
S214021A60649B9B6803F08053002B06D0649B5B68E4
S214021A70033323F00302649B5A60619B5A68629B9D
S214021A805B681A44599B1A445CABA3F59273002117
S214021A901846FFF73CFF609B5B681846FFF780FF1F
S214021AA002465CABA3F5987300211846FFF72FFF9A
S214021AB0649B5B681846FFF773FF02465CABA3F5B0
S214021AC09E7300211846FFF722FF5CABA3F5A673B0
S214021AD000221A60043300221A605A609A605F9BE2
S214021AE05B68002B1DD1639B5B68002B19D1619B41
S214021AF05B68002B15D1629B5B68002B11D110230B
S214021B005B935CABA3F58C746B4609A95B9A18468B
S214021B10FFF7FDFE5CABA3F5B872234607CA83E85F
S214021B20070031AB5793012343F0100354A94FF03B
S214021B3000525798FFF71AFF5790012343F40163A8
S214021B4051A94FF000525798FFF710FF5790012304
S214021B5043F4205343F010034FF000525E99579817
S214021B60FFF704FF5790012343F4904343F010031A
S214021B705CAAA2F5B0714FF0005209685798FFF7B9
S214021B80F5FE5790012343F04003002261995798CF
S214021B90FFF7ECFE57900122599B1B0203F4F85301
S214021BA0134343F040034FF0005262995798FFF7F1
S214021BB0DDFE579001225B9B1B0203F4F85313438E
S214021BC016A94FF000525798FFF7D0FE5790012201
S214021BD0589B1B0203F4F85313434FF000526399C9
S214021BE05798FFF7C3FE5790579B103B1846FFF7D0
S214021BF07AFE19AB579313A9002300225798FFF7D2
S214021C00B5FE57900023002260995798FFF7AEFE64
S214021C10579010A9002300225798FFF7A7FE579067
S214021C200023002264995798FFF7A0FE57900DA94B
S214021C30002300225798FFF799FE579000230022B0
S214021C4065995798FFF792FE5790579B103B184698
S214021C50FFF749FE19AA31AB11461846FFF7FAFDFF
S214021C60002318465CB010BD00B585B00390029103
S214021C700192019A0299039809F01CF800BF05B078
S214021C805DF804FB00B585B003900B4601928DF813
S214021C900B309DF90B30019A1946039808F0F1FFB4
S214021CA000BF05B05DF804FB82B010B58CB005AC81
S214021CB084E807000F93079B03F08043002B56D15E
S214021CC0069B129A9A4201D9069B1293119B03F025
S214021CD08053002B05D1109B129A9A4201D9109B71
S214021CE01293129B002B44D010230A93129A0A9B3B
S214021CF09A4213D3129B02936A4610AB93E80300F0
S214021D0082E803000F9B05AA07CAE4F75DFFE4F723
S214021D10ABFFE4F7BBFFFFF77CFD2BE0119B03F064
S214021D208053002B1CD000230B9314E00F9B1B68E0
S214021D300893069A0B9BD31A042B28BF04230993F5
S214021D40059A0B9B134408A9099A1846FFF78CFFBD
S214021D500B9B04330B930B9A129B9A42E6D309E031
S214021D60059B0F99129A1846FFF77EFF02E000BF06
S214021D7000E000BF0CB0BDE8104002B0704782B071
S214021D8010B588B003AC84E807000B930C9A0E9B40
S214021D905B009A4201D007232AE00F9B01220E998C
S214021DA02620E4F7A9FD0790079B002B01D0079B8E
S214021DB01EE001230193012300930E9B03AA07CA88
S214021DC0FFF7CCFC062300930E9B0BAA07CAFFF76D
S214021DD04BFC0023002200210620E4F76BFDFFF7F0
S214021DE0B1FC0790079B002B01D0052300E00023DF
S214021DF0184608B0BDE8104002B0704700B583B080
S214021E00E4F7C6FD0190019BDBB203F00E038DF8EA
S214021E1003309DF80330002BF2D09DF80330022BDE
S214021E20EED0019B03F48063002B01D0062300E072
S214021E300023184603B05DF804FB00B585B0019098
S214021E40E4F7DEFD0198E5F7C7F80390039B002B45
S214021E5001D0039B02E0E5F7EBF80346184605B00F
S214021E605DF804FB08B5E4F7FFFDE5F70FF900BFE0
S214021E7008BD00B583B0FFF777FB019000BF03B043
S214021E805DF804FB00B593B00A91099208930346E5
S214021E908DF82F3049238DF83030002311930CE053
S214021EA0149A119B1A44119B0133127848336B44DF
S214021EB003F8182C119B01331193119B0C2BEFD9AD
S214021EC0099BDBB21B12DBB28DF83E30099BDBB2FC
S214021ED08DF83F3000238DF8403001238DF84130D5
S214021EE09DF854308DF842309DF82F000423069357
S214021EF0169B0593132304930CAB0393089B029340
S214021F00099B01930A9B00930A9B00220021E5F796
S214021F1039F90346184613B05DF804FB00B597B0CE
S214021F2002910192009303468DF80F30019BB3F5A0
S214021F30807F0AD0019BB3F5807F10D8019B802B4F
S214021F4009D0019BC02B04D009E04FF4827315938D
S214021F5007E00F2337E04FF48073159301E029233F
S214021F6031E09DF80F3083F00103DBB21A46159B71
S214021F7013431593189B1193012312931023139363
S214021F8021231493009B0D9301230E9310230F938A
S214021F902123109315AB09930DAB0A9304230B93DD
S214021FA011230C93029B059309AB0693019BDB0856
S214021FB0079340F61103089311AA05AB114618467B
S214021FC0E5F798F80346184617B05DF804FB00B527
S214021FD089B007900691059204930B9B02939DF895
S214021FE028300193049B0093059B069A07990020CC
S214021FF0FFF748FF0346184609B05DF804FB00B534
S21402200089B007900691059204930B9B02939DF864
S21402201028300193049B0093059B069A079901209A
S214022020FFF730FF0346184609B05DF804FB08B513
S214022030E5F78EFAE5F7BCFA00BF08BD00B585B035
S2140220400190FEF76BFF03904FF0A8431A68019BBE
S2140220501A604FF0A8431A69019B5A600398FEF76C
S21402206069FF0023184605B05DF804FB00B585B08D
S2140220700190FEF753FF03904FF0A842019B1B68A6
S21402208013604FF0A842019B5B6813610398FEF74A
S21402209051FF0023184605B05DF804FB00BF7047E9
S2140220A000BF704782B00190019BA3F50623A3F5FB
S2140220B050635B09184602B0704782B00190019BDC
S2140220C003F01F03184602B0704786B0CDE9000140
S2140220D0009B0593DDE900014FF000024FF000037C
S2140220E00A000023059B534002930123039316E044
S2140220F0039BDB00029A22FA03F3029A53400493EC
S214022100049B03F00303002B02D0049B9B00049362
S214022110059A049B13440593039B01330393039B85
S214022120032BE5D9059B184606B0704700B593B059
S214022130CDE906010592059B002B02D16FF08603BE
S2140221402CE06FF0960311930CAB00221A605A60D3
S2140221509A60DA6000230B9300230A93FFF79EFF30
S2140221600CAA09AB02930BAB01930AAB009313467E
S2140221700022DDE90601E5F70DFC1190119B002B0C
S21402218003D0FFF78DFF119B08E00D9A059B5A605E
S2140221900B9A059B1A60FFF783FF0023184613B0BD
S2140221A05DF804FB10B489B0039002910192029B81
S2140221B00593019B069300230793039B1C4605ABDE
S2140221C093E8070084E80700039809B05DF8044B1B
S2140221D0704782B001900091019A009B9A4201D208
S2140221E0019B00E0009B184602B0704700B583B022
S2140221F0002301931AE0019B03F00E03082B8CBF09
S21402220001220022D2B2002A0DD14FF48A7222FA9B
S21402221003F303F00103002B14BF01230023DBB2F8
S214022220002B00D002E06FF092030FE0E4F7B0FB61
S2140222300190019B03F00E03062BDCD1019B03F4F5
S2140222408073002B01D0E4F7EFFB0023184603B09F
S2140222505DF804FB00B583B00023019300238DF8DC
S2140222600330E4F795FB0190019BDBB203F00E030B
S2140222708DF803309DF80330002BF2D09DF8033022
S214022280022BEED0019B03F48063002B02D06FF08A
S214022290920300E00023184603B05DF804FB00B585
S2140222A083B0042301930FE00120FFF7C6FD034627
S2140222B0002B06D1FFF7CEFF0346002B03D10023E7
S2140222C009E000BF00E000BF019B5A1E0192002BEE
S2140222D0EAD16FF09203184603B05DF804FB00B52E
S2140222E085B0E4F75BFB034603F00103002B01D144
S2140222F0012318E06B4600221A605A609A60DA6080
S2140223006B461846E4F7E6FB009B002B08D0019BC1
S214022310002B05D0029B002B02D0039B002B01D181
S214022320012300E00023184605B05DF804FB00B563
S21402233087B001900091E5F749F90590059B002BBF
S21402234001D0059B17E002AB009A01991846FFF7E9
S21402235029FF02AB93E80700E5F756FD0590059BBB
S214022360002B05D0FFF77EFDE5F744F9059B02E05A
S214022370E5F740F90346184607B05DF804FB10B4CB
S21402238089B0039002910192029B0593019B0693EA
S21402239000230793039B1C4605AB93E8070084E8DB
S2140223A00700039809B05DF8044B704782B00190AD
S2140223B0019B1B88184602B0704782B00190019BB1
S2140223C05B88184602B0704788B00390029101926B
S2140223D000238DF81F300023069300230493002366
S2140223E005932BE0019A059BD31A013B039A1344EB
S2140223F01A789DF81F3013438DF81F30019A059BFB
S214022400D31A013B039A13441B781946019A059B7B
S214022410D31A013B029A13441B78CB1A0493049BEB
S214022420002B0CBF01230023DBB25A42069B13404B
S214022430049A13430693059B01330593059A019B61
S2140224409A42CFD39DF81F30002B02D0069B002B5A
S21402245002DB6FF0860300E00023184608B07047E0
S21402246010B489B0039002910192029B0593019BDE
S214022470069300230793039B1C4605AB93E80700CD
S21402248084E80700039809B05DF8044B704782B0F1
S2140224900190019B1B88184602B0704782B00190DB
S2140224A0019B5B88184602B0704700B587B005905E
S2140224B0049103920293089B0093029B039A049949
S2140224C00598E5F715FE0346184607B05DF804FBC7
S2140224D000B591B0039002910192039B191D039BD4
S2140224E05A6A0BAB1846FFF7BBFF08AB019A029974
S2140224F01846FFF7B5FF039B03F13C0105AB10221C
S2140225001846FFF7ADFFE5F761F80F900F9B002B1B
S21402251001D00F9B15E005AB05AA08A90BA8E4F7A6
S21402252045FC0E90E5F766F80F900E9B002B02D046
S2140225306FF0920305E00F9B002B01D00F9B00E08B
S2140225400023184611B05DF804FB00B583B0019075
S214022550019B002B02D16FF0860305E04C2200217E
S214022560019808F08EFB0023184603B05DF804FBC2
S21402257000231846704700B587B003900291019277
S21402258000936FF096030593009B00221A60019950
S2140225900298FFF7CCFE0590059B002B02D1009B0C
S2140225A0019A1A60059B184607B05DF804FB08B549
S2140225B00120E2F74BFA0023184608BD00B583B0A7
S2140225C0FB238DF807300CE09DF9073005211846ED
S2140225D0E5F7A8FF9DF90730DBB20133DBB28DF8D1
S2140225E007309DF907303F2BEEDD0023184603B077
S2140225F05DF804FB00B585B0039002910192039B3F
S214022600002B02D1E5F7CAFF0390039B002B0CD0E8
S214022610039B5B68002B08D0039B5B68039A1068D9
S214022620019A02999847034600E02323184605B00C
S2140226305DF804FB10B586B00390029101920093F8
S21402264004AB0593039B002B02D1E5F7A7FF03908B
S214022650009B002B01D0009B0593039B002B0DD003
S214022660039B9B68002B09D0039B9C68039B1868FE
S214022670059B019A0299A047034600E023231846C9
S21402268006B010BD00B589B0039002910192039B7B
S214022690069300230593069B002B05D1E5F77EFFE4
S2140226A00790079B069309E0E5F778FF0790079ADD
S2140226B0069B9A4202D00698E5F75CFF01990298BB
S2140226C0FCF7C8F90490079A069B9A4202D007982C
S2140226D0E5F750FF049B002B01DC37230593059B8F
S2140226E0184609B05DF804FB0EB400B584B001903C
S2140226F006AB0293029A05990198FFF7C3FF03906F
S214022700039B184604B05DF804EB03B0704782B032
S21402271001900023184602B0704782B0019000BFB5
S214022720FDE782B001900091009B4FF400525A6080
S2140227300023184602B0704701231846704782B03D
S21402274001900123184602B0704782B001900091B2
S2140227504FF0FF33184602B0704784B003900291E0
S21402276001920023184604B0704700B587B0039064
S2140227700291019200230593019A05AB029900206B
S214022780FFF758FF059B002B02D14FF0FF3300E006
S214022790059B184607B05DF804FB00B587B00390AA
S2140227A002910192019B1A4602990020FFF722FF2E
S2140227B00590059B022B00BF019B184607B05DF8EB
S2140227C004FB00B585B003468DF80730FEF7A6FB7E
S2140227D003909DF8073001211846E6F73BFE039862
S2140227E0FEF7A8FB00BF05B05DF804FB00B585B098
S2140227F003468DF80730FEF791FB03909DF80730ED
S21402280000211846E6F726FE0398FEF793FB00BF64
S21402281005B05DF804FB84B00190019B002B01D14A
S21402282001232AE0019B0393039B93F83830DBB223
S214022830002B10D0039B93F83C30022B0BD1039B4A
S21402284093F83C308DF80B30039B012283F83C2032
S2140228509DF80B3011E0039B93F83C30042B0BD110
S214022860039B93F83C308DF80A30039B012283F8D1
S2140228703C209DF80A3000E00123184604B0704759
S21402288084B001900B468DF80330019B0393039BA3
S2140228909DF8032083F82C2000BF04B0704784B054
S2140228A00190019B0393039B93F82C308DF80B3019
S2140228B09DF80B30184604B0704700B585B00190FD
S2140228C00B468DF80330019B0393039B93F8393034
S2140228D08DF80B309DF80330002B11D09DF80B308D
S2140228E083F00103DBB2002B0AD0039B93F83A3045
S2140228F01846FFF766FF039B012283F8392014E08F
S2140229009DF8033083F00103DBB2002B0DD09DF857
S2140229100B30002B09D0039B93F83A301846FFF78A
S21402292065FF039B002283F8392000BF05B05DF8DF
S21402293004FB84B00190019B0393039B93F8393008
S2140229408DF80B309DF80B30184604B0704700B572
S21402295085B00190019B0393039B93F83830DBB25A
S21402296083F00103DBB2002B12D0039B1B6A00210B
S21402297001989847039B012283F83820039B93F81B
S2140229803B301846FFF732FF039B022283F83C20B7
S21402299000BF05B05DF804FB00B585B00190019B51
S2140229A01B7EDBB283F00103DBB2002B3FD1019822
S2140229B0E6F70EF80346013B0393019BDB68039A96
S2140229C09A4206D2019BDA68019B1B69013B1344BB
S2140229D00393039B029321E0029B1B78112B03D0E7
S2140229E0029B1B78132B0AD1029B1B78112B0CBF60
S2140229F001230023DAB2019B83F8342013E0029B02
S214022A00013B0293019BDB68029A9A4206D2019B23
S214022A10DA68019B1B69013B13440293019B1B6B03
S214022A20029A9A42D8D1019B039A1A6300E000BF29
S214022A3005B05DF804FB00B58BB0039002910192DD
S214022A40039B0593029B099300238DF81330012301
S214022A500893059B93F82C308DF81330FEF774FA22
S214022A600790059B93F83830DBB2002B0FD00798FF
S214022A70FEF77AFA059B93F83B301846FFF7A1FE5D
S214022A80FEF762FA0790059B002283F83820079823
S214022A90FEF76AFA002306933AE000238DF8123016
S214022AA0059B93F82D30002B08D0FEF74DFA0790C1
S214022AB00598FFF771FF0798FEF756FA059B93F8FD
S214022AC034308DF812309DF81230002B20D09DF84D
S214022AD01330002B09D0099B1B780A2B05D1059BC6
S214022AE0DB690D21059898470890059BDB69099AD2
S214022AF012781146059898470890089B002B01D03B
S214022B00089B0FE0099B01330993069B013306934A
S214022B10069A019B9A42C0D3059B1B6A0121039821
S214022B209847089B18460BB05DF804FB00B585B0C5
S214022B30039002910192019A02990398FFF77BFF94
S214022B400023184605B05DF804FB00B587B0039075
S214022B50029101920093039B0593FEF7F5F9049008
S214022B60019A0299059800F011F80246009B1A6035
S214022B700498FEF7F9F9009B1B68002B01D11B2372
S214022B8000E00023184607B05DF804FB00B58BB0E2
S214022B90039002910192019B002B01D10023C7E012
S214022BA0039B1B7EDBB283F00103DBB2002B01D05A
S214022BB00023BDE000230993002308930398E5F75A
S214022BC007FF0690039B5B69069A9A4201D1039B14
S214022BD05B7E039B5B69069A9A4205D9039B5B69F7
S214022BE0069AD31A099308E0039BDA68039B1B69CB
S214022BF01A44039B5B69D31A0993099A019B934271
S214022C0028BF13460993099B0893FEF79DF9059082
S214022C10039B93F82D30002B5BD00023079338E0FC
S214022C20039B5B691B78112B04D0039B5B691B78A3
S214022C30132B14D1039B5A69039B1B6B9A420AD12E
S214022C40039B5B691B78112B0CBF01230023DAB2AE
S214022C50039B83F83420089B013B089306E0039B02
S214022C605A69029B591C029112781A70039B5A6980
S214022C70039B1B6B9A4204D1039B1B6B5A1C039B40
S214022C801A63039B5B695A1C039B5A61079B0133B9
S214022C900793079A099B9A42C2D3039B1A6B039B1C
S214022CA0D968039B1B690B449A4203D1039BDA68DB
S214022CB0039B1A63039B1A6B039BDB689A4215D32A
S214022CC0039B1A6B039BD968039B1B690B449A42AE
S214022CD00CE0039B5B69099A1946029807F0EAFF23
S214022CE0039B5A69099B1A44039B5A61039B5A69C0
S214022CF0039BD968039B1B690B449A4203D1039B2F
S214022D00DA68039B5A61039B5A69039BDB689A4203
S214022D1007D3039B5A69039BD968039B1B690B4421
S214022D209A420398E5F780FE0598FEF71DF9089B80
S214022D3018460BB05DF804FB82B001900091019B2F
S214022D4003F500531A46009B936400BF02B0704717
S214022D5082B001900091019BDA6C009BDB431A4023
S214022D60019BDA6400BF02B0704782B00190009106
S214022D70019BDA6C009B1A43019BDA6400BF02B027
S214022D80704782B00190019B9B69184602B070475B
S214022D9000B585B001900B468DF80330019B039376
S214022DA0039B1B6C9DF8032011461846FEF7C2FBD8
S214022DB00023184605B05DF804FB00B585B0019007
S214022DC0019B0393039B1B6C04211846FFF7CDFF60
S214022DD000BF05B05DF804FB00B585B001900B4658
S214022DE08DF80330019B03939DF80330002B06D029
S214022DF0039B1B6C01211846FFF7B7FF0BE0039BF2
S214022E001B6C01211846FFF7A3FF039B1B6C0121D5
S214022E101846FFF791FF00BF05B05DF804FB00B54A
S214022E2085B00190019B039300BF039B1B6C184661
S214022E30FFF7A7FF034603F04003002BF5D0039BE2
S214022E4093F84800039B93F8493019460023002262
S214022E50FEF704F9039B93F84A00039B93F84B3062
S214022E60194600230022FEF7F9F8039B93F8503028
S214022E7003F00103002B0AD0039B93F84C00039B3C
S214022E8093F84D30194600230022FEF7E7F8039B1D
S214022E9093F8503003F00203002B0AD0039B93F8FA
S214022EA04E00039B93F84F30194600230022FEF78C
S214022EB0D5F8039B1B6C01211846FFF749FF039BBD
S214022EC01B6C04211846FFF743FF039B1B6C002173
S214022ED01846E3F767F9039B5B6C00211846E0F798
S214022EE0B9FE0023184605B05DF804FB86B00190D3
S214022EF00B468DF8033013468DF802309DF80330EA
S214022F009B088DF817309DF8033003F00303DB00AF
S214022F100493FF22049B02FA03F303939DF81730EF
S214022F20012B19D89DF81720019B0C3253F822204A
S214022F30039BDB4302EA03019DF80220049B02FA8C
S214022F4003F31A46039B13409DF817201943019B6F
S214022F500C3243F8221000E000BF06B0704784B07F
S214022F600390029101920093039B029A9A60039B3C
S214022F70019ADA60039B009A1A6100BF04B0704798
S214022F8008B5E5F79DFF08B5FFF7FAFF00BF08BDD5
S214022F9000B583B0FDF7C2FF0190E6F715FD019874
S214022FA0FDF7C8FF00BF03B05DF804FB82B0EFF385
S214022FB010830093009B019372B600BF019B1846D4
S214022FC002B0704782B00190019B002B01D162B61D
S214022FD000BF00BF02B0704782B0034600928DF871
S214022FE007300B468DF8063000BF02B0704708B5B2
S214022FF0DFF71AFD00BF08BD00B583B003468DF8A3
S21402300007309DF80730032B0DD0032B0FDC012B66
S21402301002D0022B03D00AE0E6F726FD08E00020E5
S214023020E2F78CF904E00020E2F7C6F900E000BF00
S21402303000BF03B05DF804FB08B54FF4C870E6F7AE
S21402304007FB0346184608BD00BF704700B58BB0A5
S214023050079006910592049300238DF82730079B6C
S214023060002B01D1222320E0079B00229A83079B94
S2140230700022DA830DF1270319460798E7F718F9B5
S2140230809DF82730002B01D003230EE0BDF8343024
S21402309002939DF830300193049B0093059B002217
S2140230A006990798E7F7B6FC034618460BB05DF894
S2140230B004FB00B589B00790069105920493079B1E
S2140230C0002B01D1222317E0079B00229A83079B3D
S2140230D00022DA830798E7F7ABF8BDF82C300293A4
S2140230E09DF828300193049B0093059B00220699C5
S2140230F00798E7F78FFC0346184609B05DF804FB0D
S21402310000B583B0FDF720FF019000F0F7F80090BD
S2140231100198FDF729FF009B184603B05DF804FBF3
S21402312084B00190019B0393039B002B01D12023C3
S21402313003E0039BB3FA83F3DBB2C3F11F03184623
S21402314004B0704782B00190019B002B07D0019B10
S2140231505A1E019B1340002B01D1012300E00023DD
S214023160184602B0704708B500F07EF903461846C6
S21402317008BD82B001904FF0B041019A13465B0041
S21402318013449B000B4434331B68184602B0704746
S21402319082B0019000914FF0B041019A13465B0055
S2140231A013449B000B443433009A1A6000BF02B0EB
S2140231B0704700B583B001900198FFF7DAFF034627
S2140231C0184603B05DF804FB00B583B00190009189
S2140231D000990198FFF7DCFF00BF03B05DF804FB1F
S2140231E000BF4FF0B0439B6A03F00803002BF8D1F0
S2140231F04FF0B0431B6A1846704782B0019000BF7A
S2140232004FF0B0439B6A03F00803002BF8D14FF04F
S214023210B042019B136200BF02B0704782B00190B9
S2140232204FF0B04303F500531A46019B536100BFAB
S21402323002B0704782B001904FF0B0439A69019B8A
S214023240DB434FF0B04113408B6100BF02B07047C2
S21402325082B001904FF0B0439A694FF0B041019BA3
S21402326013438B6100BF02B070474FF0B0435B69F7
S2140232701846704782B001904FF0B04303F5805372
S2140232801A46019B536100BF02B0704782B001909C
S2140232900122019B02FA03F3184602B0704700B5FA
S2140232A085B00190019B01330293029B002B01D152
S2140232B0202303E0029BB3FA83F3DBB2C3F11F03BE
S2140232C003930398FFF7E2FF039B184605B05DF8E9
S2140232D004FB00B585B003468DF80730FDF71EFEE9
S2140232E003909DF8073001211846E6F7B3F80398D5
S2140232F0FDF720FE00BF05B05DF804FB08B5FFF73A
S2140233006FFF0346184608BD08B50120FFF751FFB8
S2140233100346184608BD00B585B003468DF807304B
S214023320002303939DF8073003F00103002B03D01C
S214023330039B43F0010303939DF8073003F0020357
S214023340002B03D0039B43F0400303930398FFF73D
S2140233507FFF00BF05B05DF804FB00B583B00346EF
S2140233608DF807309DF8073003F00203002B02D0D9
S2140233704020FFF77FFF00BF03B05DF804FB00B5F7
S21402338085B003468DF8073000238DF80F30FFF71F
S2140233906CFF02909DF80730012B0BD0022B13D145
S2140233A0029B03F04003002B14BF012300238DF879
S2140233B00F300AE0029B03F00103002B14BF012327
S2140233C000238DF80F3000E000BF9DF80F3018463E
S2140233D005B05DF804FB00B585B000238DF80F300C
S2140233E0FDF7B2FD0290FFF740FF0190019B03F04C
S2140233F00103002B05D09DF80F3043F001038DF832
S2140234000F30019B03F04003002B05D09DF80F30D0
S21402341043F002038DF80F30019B03F05103184668
S214023420FFF7FCFE9DF80F301846E7F7CFF8029834
S214023430FDF79AFD00BF05B05DF804FB10B53E200F
S214023440E0F73AFC04460020FFF729FF034624FA79
S21402345003F3184610BD82B001900091019A009BBA
S214023460D31A184602B0704708B53E20E1F75CF85A
S2140234700346184608BD08B5FCF7FEFEFCF717FF24
S214023480FCF722FFFCF733FFFCF73EFF00BF08BD48
S21402349008B5FCF73EFFFCF73EFFFCF73EFFFCF7E5
S2140234A041FF00BF08BD00B583B00023019301F0C1
S2140234B0AEFA02F018FA02F0A3FF019B184603B018
S2140234C05DF804FB00B585B00190FDF727FD03907B
S2140234D00198FAF751FD034602930398FDF72AFD79
S2140234E0029B184605B05DF804FB00B585B0019056
S2140234F00091FDF713FD039000990198FAF722FD5B
S214023500034602930398FDF715FD029B184605B085
S2140235105DF804FB00B585B00190FDF7FFFC039053
S2140235200198FAF731FD0398FDF704FD00BF05B0D8
S2140235305DF804FB84B00190019B1B889BB2ADF83A
S2140235400E30BDF80E30184604B0704782B00190B7
S2140235500B46ADF80230BDF80220019B1A8000BF70
S21402356002B0704784B00190019B1B680393039BD3
S214023570184604B0704782B001900091009A019BF1
S2140235801A6000BF02B0704700B583B00190009188
S214023590019B002B03D000990198E7F7FDFB0198E9
S2140235A0FFF7B8FF00BF03B05DF804FB82B00190DE
S2140235B0019B002B0CBF01230023DBB2184602B08E
S2140235C0704782B00190019B9B68184602B0704714
S2140235D082B00190019B5B68184602B0704782B0C9
S2140235E00190019B1B88184602B0704782B001907A
S2140235F0019B5B88184602B0704700B583B06FF037
S21402360096030193FEF7B4FF0190019B002B01D0B5
S214023610019B00E00023184603B05DF804FB00BFE0
S214023620704786B00390029101920093039B5B68F9
S2140236301B0A0593039B1B88ADF81230009B0022E1
S2140236401A606FF08603184606B0704700B58BB056
S21402365007900691059204936FF0960309930798D4
S214023660FFF7B6FF03461B0A0893089B002B20D1E0
S2140236700E9B02930D9B01930C9B0093049B059A51
S21402368006990798E4F70EFC0990099B13F1860F3A
S21402369001D0099B0FE00E9B02930D9B01930C9B9E
S2140236A00093049B059A0699079800F077F903465B
S2140236B001E06FF0860318460BB05DF804FB00B518
S2140236C089B005900491039202936FF096030793D4
S2140236D0049B5B681B0A0693069B002B19D1059B6D
S2140236E003F108000A9B0093029B039A0499E4F7ED
S2140236F0FFFC0790079B002B02D1059B06221A604F
S214023700079B13F1860F01D0079B04E06FF0850339
S21402371001E06FF08603184609B05DF804FB00B5B9
S21402372089B005900491039202936FF09603079373
S214023730049B5B681B0A0693069B002B19D1059B0C
S21402374003F108000A9B0093029B039A0499FEF772
S214023750ACFE0790079B002B02D1059B06221A603F
S214023760079B13F1860F01D0079B04E06FF08503D9
S21402377001E06FF08603184609B05DF804FB00B559
S21402378085B0039002910192039B1B68062B08D119
S214023790039B0833019A02991846E4F705FD03468F
S2140237A001E06FF08603184605B05DF804FB00B52D
S2140237B085B00390029101920093039B1B68062B2F
S2140237C009D1039B03F10800009B019A0299E4F7D2
S2140237D07DFD034601E06FF08603184605B05DF8EE
S2140237E004FB00B583B00190019B1B68062B06D133
S2140237F0019B08331846FEF7A8FE034601E06FF069
S2140238008603184603B05DF804FB82B00190019B64
S2140238101B0A002B14BF01230023DBB2184602B09A
S214023820704782B00346ADF80630BDF8063003F4A2
S214023830E043B3F5805F06D0BDF8063003F4E043FC
S214023840B3F5005F01D1012300E00023184602B061
S214023850704700B587B0039002910192009300234F
S2140238600593019B002B0FD0029B002B01D1009BDE
S2140238700593039A059BD018019A059BD31A1A46FC
S214023880212107F0FEF900E000BF07B05DF804FB57
S21402389082B003460091ADF80630BDF80630B3F5A7
S2140238A0105F20D0B3F5105F2ADC41F20522934266
S2140238B026DCB3F5905F07DA41F20102934222D08A
S2140238C0B3F5885F1FD01BE0A3F59053292222FA96
S2140238D003F303F00103002B14BF01230023DBB222
S2140238E0002B0DD00FE0009B802B0ED0009BC02B30
S2140238F00BD0009BB3F5807F07D06FF086030EE0F7
S2140239006FF085030BE000BF00E000BF009B03F0F2
S2140239100703002B02D06FF0860300E00023184650
S21402392002B0704700B583B001900091019B5B6ABC
S214023930002B02D06FF08A0311E000990120FFF7F6
S214023940D4FD0246019B5A62019B5B6A002B02D1A0
S2140239506FF08C0303E0019B009A9A6200231846DC
S21402396003B05DF804FB00B587B0039002910192A4
S21402397001990398FFF7D6FF0590059B002B01D00F
S214023980059B07E0039B5B6A019A0299184607F0BB
S21402399091F90023184607B05DF804FB00B587B01E
S2140239A003900291019200936FF096030593039B96
S2140239B01B88ADF81230019B002B02D16FF08503F5
S2140239C044E0BDF812301846FFF72BFF0346002BE3
S2140239D03AD00A9B1B68002B03D1019BDA000A9B94
S2140239E01A60039B1A880A9B1B6819461046FFF743
S2140239F04FFF0590059B002B01D0059B26E00A9BF6
S214023A001B680733DB08019A9A4202D06FF08603DE
S214023A101CE00A9B1B680733DB08089A9A4202D20C
S214023A206FF0890312E00A9B1B680733DB081A460D
S214023A300299009807F03EF90A9B1B680733DA08DA
S214023A40099B1A60002301E06FF08503184607B051
S214023A505DF804FB00B587B00390029101920093D3
S214023A606FF09603059300230493002202990398AD
S214023A70E8F706F90590059B002B01D0059B32E07E
S214023A80029B1B680493049B1B8803F4E043B3F574
S214023A90804F03D1019B23F001030193049BDA6854
S214023AA0019B1340019A9A4203D06FF08403059358
S214023AB012E0009B002B0CD0049B03F10C00049B2D
S214023AC01B88009A1946E7F751FC0590059B002BC8
S214023AD001D1002307E000BF029B00221A6004986F
S214023AE000F0B3FC059B184607B05DF804FB00B572
S214023AF083B00190019B5B6A002B07D0019B5A6A38
S214023B00019B9B6A19461046FFF73EFD019B002269
S214023B105A62019B00229A620023184603B05DF89F
S214023B2004FB00B585B001900198FFF7E0FF039013
S214023B30019B93F82030042B04D0019B93F820308D
S214023B40052B03D1019BDB69002B02D06FF0960395
S214023B5003932C220021019807F093F8039B184642
S214023B6005B05DF804FB00B585B001900023039311
S214023B70019B93F82030052B02D06FF088032CE0CF
S214023B80019B5B68DBB2FF2B0DD16FF084030393BE
S214023B900198FFF7C6FF0290029B002B01D0029B02
S214023BA00393039B19E0019B5B68DBB2002B0AD0F0
S214023BB0019B9B68184600F055FD0290039B002B64
S214023BC001D1029B03930198FFF7ABFF0290029B81
S214023BD0002B01D0029B0393039B184605B05DF8A9
S214023BE004FB00B585B001900198FFF7DFFC0346A1
S214023BF0002B01D000231CE002AB012219460198DB
S214023C00E8F73EF80390039B002B01D0039B10E0DD
S214023C10029B184600F0BAFB0346002B05D0029B17
S214023C201846FFF7A0FF039002E06FF09903039394
S214023C30039B184605B05DF804FB82B00190019B19
S214023C401B6823F47F4323F00303002B02D06FF09C
S214023C50860300E00023184602B0704700B587B01E
S214023C60019000916FF0860305930198FFF7B0FC70
S214023C7004900198FFF7A5FC03900099049800F0C1
S214023C8033FC0590059B002B01D0059B3EE0049873
S214023C9000F03BFC0590059B002B01D0059B35E010
S214023CA0049BDBB2002B05D1039B002B10D06FF0D8
S214023CB086032BE00198FFF784FC03460021184692
S214023CC000F046FB0346002B02D16FF086031DE090
S214023CD0019B0C331846FFF7B0FF0590059B002B9F
S214023CE001D0059B12E00198FFF780FC03464FF6D1
S214023CF0F872934202D96FF0850307E0019B1B8B93
S214023D00012B02D96FF0860300E00023184607B0A5
S214023D105DF804FB30B589B0029101920093034628
S214023D208DF80F30009B00221A6000990298FFF768
S214023D3095FF0790079B002B01D0079B2BE005AB56
S214023D4001991846E7F726FF0790079B002B01D03C
S214023D50079B20E0019B1B680693069A029B14466B
S214023D601D460FCD0FC495E8070084E80700069BA2
S214023D705B68DBB2002B02D1059A069B9A60069B13
S214023D801B8B23F001039AB2069B1A830121069825
S214023D90E7F7E0FD0023184609B030BD00B587B04E
S214023DA003900291019200230593039B5B68DBB2AA
S214023DB0002B08D00398039B596A039B9B6A1A46FA
S214023DC000F033FD0590059B002B01D0059B12E009
S214023DD0059B002B0ED1039B9A68019B1A60022159
S214023DE00398E7F7B7FD0590059B002B02D0019BD1
S214023DF000221A60059B184607B05DF804FB00B562
S214023E0083B001900091019B002B07D004210198FA
S214023E10E7F7A0FD0198FFF784FE00E000BF03B0BD
S214023E205DF804FB82B001900091009B1B88002B7A
S214023E3008D0009B1A88019B1B889A4202D06FF01A
S214023E40860314E0009B1B6A002B02D06FF08603E9
S214023E500DE0009B5B88002B08D0009B5A88019BD4
S214023E605B889A4202D06FF0860300E00023184671
S214023E7002B0704700B58FB0079006910592049382
S214023E8000230C9300230B93059B0993049B0022AB
S214023E901A60059B002B02D16FF0860387E0059B14
S214023EA0B3F1005F02D36FF0850380E00BAB0CAA80
S214023EB007990020FFF72EFF0D900D9B002B63D174
S214023EC00C9B5B6A002B1BD1079B5B681846FFF7AF
S214023ED09CFC0346002B09D009AB059A0699079865
S214023EE0FFF79FFB0D900D9B002B4FD10C9B099A61
S214023EF011461846FFF716FD0D900D9B002B47D175
S214023F000C9B5B880A930C9B586A0C9B9B6A0C9AC8
S214023F1028320AA90291019200930346059A06994D
S214023F200798FFF793FB0D900D9B002B32D10C9B4D
S214023F305B88002B04D10A9A0C9B92B25A8009E045
S214023F400C9B5B881A460A9B9A4203D06FF0860344
S214023F500D9322E00A9B4FF6F872934203D96FF054
S214023F6085030D9319E00C9B07991846FFF75AFF35
S214023F700D900D9B002B0FD10C9B0B99049A1846A3
S214023F80FFF70CFF0D9008E000BF06E000BF04E05C
S214023F9000BF02E000BF00E000BF0D9B002B05D073
S214023FA00C9B0B9A11461846FFF729FF0D9B1846E5
S214023FB00FB05DF804FB00B585B00190019B1B684D
S214023FC0002B01D100230FE00198FFF70AFC0390B3
S214023FD0019B00221A71019A53796FF30003537101
S214023FE0019B00221A60039B184605B05DF804FB8D
S214023FF030B5A3B005900491039202936FF0960336
S21402400021936FF09603209300231893059B1B6859
S214024010002B03D06FF0880321935BE0029B002BFA
S21402402002D04FF4806201E04FF4006218A9039BAD
S2140240300498FFF70FFD2190219B002B47D1189B78
S21402404019AC1D460FCD0FC495E8070084E807009B
S2140240500FAB24220021184606F013FE0FAC19AD52
S2140240600FCD0FC495E8070084E80700059B1A1DCC
S2140240700FAB19460398E7F741FA2190219B002BD4
S21402408027D1029B03F00103D9B2059A537961F353
S21402409000035371029B002B0CD0189B5A6A189B84
S2140240A0986A0FA9039B009303460598FFF707FB40
S2140240B021900FE0189B5A6A189B986A0FA9039BD7
S2140240C0009303460598FFF72AFB219002E000BF03
S2140240D000E000BF219B002B02D00598FFF76BFF84
S2140240E0189B184600F0B1F92090219B002B01D1B5
S2140240F0209B00E0219B184623B030BD00B585B05A
S2140241000390029101920123019A02990398FFF704
S2140241106FFF0346184605B05DF804FB00B587B08E
S214024120039002910192039B1B68002B02D16FF051
S214024130880311E0019B002B01D100230CE0019AB9
S21402414002990398FFF71BFB0590059B002B02D0F4
S2140241500398FFF730FF059B184607B05DF804FB8F
S21402416000B587B003900291019200936FF0960318
S21402417005936FF096030493039B1B68002B03D1F1
S2140241806FF08803059325E0039B5B7903F0010338
S214024190DBB2002B03D16FF0880305931AE0039B72
S2140241A01B79002B03D16FF08803059312E0039B63
S2140241B01B791A46019B934203D26FF0890305933B
S2140241C008E0039B1B791A46009B02990398FFF7A7
S2140241D0EEFA0590059B002B05D0009B019A1A600B
S2140241E0039B00221A71009B1B68019A059902988C
S2140241F0FFF72FFB0398FFF7DEFE0490059B002BCC
S21402420001D1049B00E0059B184607B05DF804FB4D
S21402421000B583B0019008220021019806F031FD16
S21402422000BF03B05DF804FB00B583B0019008221E
S2140242300021019806F025FD00BF03B05DF804FBDF
S21402424082B001900023184602B0704700B583B0D2
S2140242500190019BDB691846FFF75CF924220021D6
S214024260019806F00EFD00BF03B05DF804FB00B532
S21402427087B00390019200930B46ADF80A300023F4
S2140242800593009B002B0FD000990120FFF72DF914
S2140242900590059B002B02D16FF08C031EE0009A5E
S2140242A00199059806F006FD039BDB69002B0AD0F0
S2140242B0039BDB691846FFF72DF9039B0022DA61A0
S2140242C0039B00221A62039B059ADA61039B009AFB
S2140242D01A62039BBDF80A201A800023184607B00C
S2140242E05DF804FB82B001900091019A009B9A420D
S2140242F00CBF01230023DBB2184602B0704782B01F
S2140243000190019B1B6803F48053002B05D0019B90
S2140243101B6843F48062019B1A60019B1B6803F4CE
S2140243200053002B05D0019B1B6843F40062019BDF
S2140243301A6000BF02B0704782B00190019B1B0A50
S214024340002B14BF01230023DBB2184602B07047CD
S21402435084B001900091019B0393039B002B05D030
S214024360039BB3F1804F01D201230CE0009B002B8C
S21402437008D0039BB3F1804F04D3039B002B01DBD1
S214024380012300E00023184604B0704782B0019073
S214024390019BDB69002B01D1012300E000231846B4
S2140243A002B0704700B585B001906FF09603039394
S2140243B003210198E7F7CEFA0390039B002B01D066
S2140243C0039B0DE0019BDB69B3F1FF3F02D16FF067
S2140243D0960305E0019BDB695A1C019BDA61002308
S2140243E0184605B05DF804FB00B587B001900023BF
S2140243F005930023049300230393019B03AA04A9B5
S214024400184600F058FA0590059B002B09D1049B2C
S214024410039A19460198FFF7A6FA0590059B002B0A
S21402442000E000BF049B039A1146184600F037FAD4
S214024430059B002B04D102210198E7F78BFA059021
S214024440059B184607B05DF804FB00B585B00190E1
S2140244506FF096030393019B002B01D100233FE0EC
S214024460019B93F82030032B0CD0019B93F820304D
S214024470052B07D0019B93F82030042B02D06FF057
S21402448088032DE0019BDB69002B02D16FF09603B7
S21402449026E0019BDB695A1E019BDA610023039327
S2140244A00198FFF773FF0346002B18D0019B93F881
S2140244B02030052B04D10198FFF755FB03900EE040
S2140244C0019B93F82030042B04D10198FFF729FBB7
S2140244D0039004E002210198E7F73CFA0390039B5D
S2140244E0184605B05DF804FB00B583B00190009154
S2140244F00198FFF721FF0346002B01D0002300E0BE
S2140245000023184603B05DF804FB82B00190019BBD
S214024510DBB2002B01D1002307E0019BDBB2FF2BAD
S21402452002D16FF0860300E00023184602B07047FF
S21402453030B482B00190019B00221C4615462246EA
S2140245402B461046194602B030BC704700B58DB0F7
S2140245500590049103920598FFF7EAFFCDE90A0158
S2140245600023069307AB1A46DDE90A01FDF7DEFDD6
S2140245700990099B002B01D0099B12E006AB019320
S214024580049B0093039B0022DDE90A01E3F752FB3A
S2140245900990069B039A9A4202D06FF0980300E0B5
S2140245A0099B18460DB05DF804FB00B589B0019072
S2140245B00198FFF7BDFFCDE9060103AB1A46DDE918
S2140245C00601FDF7B3FD0590059B13F18C0F01D193
S2140245D0002300E00123184609B05DF804FB00B58D
S2140245E08DB00590049103920598FFF7A1FFCDE9DF
S2140245F008010598FFF7D9FF0346012B02D16FF099
S2140246008A032BE000230093049B039ADDE908014A
S214024610E3F778FA0B900B9B002B02D06FF098030F
S2140246201CE006AB1A46DDE90801FDF77FFD0B909C
S2140246300B9B002B07D1069B039A9A4205D06FF07C
S21402464098030B9302E000BF00E000BF0B9B002B19
S21402465003D0DDE90801E3F787FB0B9B18460DB094
S2140246605DF804FB00B589B001900198FFF760FF82
S214024670CDE9060103AB1A46DDE90601FDF756FD54
S2140246800590059B13F18C0F01D1002318E0DDE99C
S2140246900601E3F769FB0346002B02D06FF098038E
S2140246A00EE003AB1A46DDE90601FDF73FFD059075
S2140246B0059B13F18C0F02D06FF0980300E00023E5
S2140246C0184609B05DF804FB00B589B00190009168
S2140246D00198FFF72DFFCDE9060103AB1A46DDE987
S2140246E00601FDF723FD0590059B002B01D0059BD7
S2140246F003E0039A009B1A600023184609B05DF88F
S21402470004FB00B589B00390029101920093039BCB
S2140247100793029B232B02D86FF0980381E003983D
S214024720E7F7A4FB0690069B002B01D0069B78E0D9
S214024730079B08331846FEF715FF0590059B002BCE
S21402474002D06FF098036CE0079B20331846FEF702
S21402475009FF0246009B1A60009B1A68029B243BD4
S2140247609A4204D8009B1B68B3F5005F02D36FF031
S214024770980356E0009B1B68002B03D1019B002286
S2140247801A6019E0009B1B6819460120FEF7ADFE71
S2140247900246019B1A60019B1B68002B02D16FF038
S2140247A08C033EE0019B1868079B03F12401009BE3
S2140247B01B681A4606F07EFA079B0C331846FEF76D
S2140247C0D1FE02460A9B5A60079B10331846FEF734
S2140247D0B1FE03461A460A9B1A80079B12331846F6
S2140247E0FEF7A8FE03461A460A9B5A80079B143316
S2140247F01846FEF7B7FE02460A9BDA60079B14339A
S21402480004331846FEF7AEFE02460A9B1A61079B61
S214024810143308331846FEF7A5FE02460A9B5A6171
S2140248200023184609B05DF804FB00B589B0039072
S21402483002910192029B002B02D0019B002B02D117
S2140248406FF0860327E0019BB3F5005F02D36FF09B
S2140248508D0320E0019B2433079307990120FEF77E
S21402486044FE0690069B002B02D16FF08C0312E0EA
S214024870069B039A01990298E7F79AFA039B9B68AC
S214024880079A06991846FFF7AAFE05900799069812
S214024890FEF77AFE059B184609B05DF804FB00B5E4
S2140248A083B00190009100990198FEF76DFE00BF5B
S2140248B003B05DF804FB00B58BB00590049103923B
S2140248C00023099300230693059B9B68089306AB77
S2140248D019460898FFF7F8FE0990099B002B01D0AD
S2140248E0099B36E0069B19460120FEF7FEFD07905F
S2140248F0079B002B02D16FF08C032AE0069B1A4618
S21402490007990898FFF722FE0990099B002B17D1FA
S2140249100699059B0093039B049A0798FFF7F1FEFE
S2140249200990099B002B0DD1049B1B68002B03D01A
S214024930039B1B68002B05D16FF09103099302E0DD
S21402494000BF00E000BF069B19460798FEF71CFE54
S214024950099B18460BB05DF804FB50E8003F0B437A
S21402496040E80032002AF8D17047C94350E8003FB9
S2140249700B4040E80032002AF8D17047431E032B52
S21402498006D8DFE803F0020402040320704704207E
S21402499070477047CB6918477047704700207047CA
S2140249A070474FF00000704700207047704770470E
S2140249B00020704700207047002070470020704794
S2140249C000207047704700207047002070477047ED
S2140249D070470020704770477047112070470020CC
S2140249E070470020704770477047002070474FF0AE
S2140249F0FF30704711207047002070470120704733
S214024A00002070470020704700207047704701F072
S214024A105EB938B50446FCF797FAD4E91012054693
S214024A202046E7F739FAE18C228DE060521A40F20E
S214024A30712101FB020303F59C53083328462361C8
S214024A40BDE83840FCF790BA08B52030FFF785FF7E
S214024A50BDE808404FF08050ECF7E4BB38B50D4691
S214024A6004460830E8F7DEFF294600252046EAF726
S214024A70F5FAE06EE56110B1E8F706F9E56604F1CD
S214024A805000BDE8384006F042BD38B5044619B3BA
S214024A9090F838208AB190F839300133DBB29A4266
S214024AA080F8393009D10121FFF7D8FF4FF0807125
S214024AB02046BDE83840FFF7C7BF236ADA030BD5A6
S214024AC0E36B62689B1A002B06DA01212046FFF789
S214024AD0C5FF4FF08061EBE7236A1B0426D402F081
S214024AE048FB1123B0FBF3F303EB0313C01A94F94C
S214024AF0613085B213FA80F0102888BFC5F1100520
S214024B006DB2083B2B4484F8613020460121EAF757
S214024B10A5FA40F27121E28C63682A4401FB023353
S214024B2020466360BDE83840EAF74ABA0025ECE75B
S214024B302DE9F84F1D46C3690F4604461646DDF8B2
S214024B4030809DF838909DF840B09DF848109DF84A
S214024B5050A0002B40F0D180EB0600F1BE8005F09D
S214024B600303032B08BF05F0FD0505F0F705BDF8A6
S214024B703C30A806A3869DF8540048BF05F0FC0505
S214024B80FFF7FCFE47F6FF731BF0020F84F83600B1
S214024B90A4F8783040F0A4801BF0040F00F0A28046
S214024BA000F0FD00012814BF0323042394F87F209D
S214024BB09DF8580063F3030284F87F20FFF7DEFEB9
S214024BC047F6FF738A0784F83700A4F8883000F1A6
S214024BD08B804B0740F18A8000F0FD00012814BF4D
S214024BE00321042194F88F30606E61F3030384F886
S214024BF08F30FFF7F1FE00222046216CE7F74CF9D2
S214024C0040F271237343984279D849F6FF7104F152
S214024C102000FFF7AAFEFF2384F85430BAF1000FF3
S214024C2003D0236A43F480532362290705D5062658
S214024C303746236A43F484132362236A6A0723F4FB
S214024C40C04323620CD419F0010F1CBF43F4005377
S214024C502362236A19F0020F1CBF43F480432362C7
S214024C60236AA5852B43236204F12E03B8F1000FB5
S214024C703ED0D8F80020C4F82E20B8F804209A8037
S214024C809DF82C30012B03D14FF48061FFF765FEAF
S214024C90236A9DF8282023F4407343EA0223236202
S214024CA002F067FA94F860309DF84C2084F85F00B2
S214024CB023F00F03C0F30320034362F3071384F8C1
S214024CC060309DF834302046E784268584F82A3002
S214024CD0FFF79FFE0020BDE8F88F01218B4646E7CE
S214024CE0022363E7012361E702217BE7012179E7DB
S214024CF0C4F82E80A3F80480CAE70C20EBE7452010
S214024D00E9E72DE9F743894617460446019330B989
S214024D1001A806F0FCFB422003B0BDE8F08301299F
S214024D2020D0022910D089B9C369C3B900F1400561
S214024D304FF40036236AD9061ED55A0726D501A88F
S214024D4006F0E5FB0020E7E7406E20B901A806F072
S214024D50DEFB0C20E0E71946FFF73FFEDCE700F13A
S214024D604805E5E7C36923B900F144054FF48026F8
S214024D70E0E700F14C05F9E79B0707D5B9F1000F0C
S214024D8004D101A806F0C3FB1220C5E704F12008EF
S214024D9040463146FFF7E9FDF80702D5284606F0F9
S214024DA0B6FB019921B1284606F041FC0023019387
S214024DB0286806F031FC236AD90605D51F2801DCCF
S214024DC0032F16D02846DDE740F27262904204DDD9
S214024DD0284606F09CFB07209EE7B9F1000F08D193
S214024DE0BF2806DD9A0704D0284606F090FB452029
S214024DF092E72046D4E91212E7F74EF8E3696BB160
S214024E0040F27122E38C5343984207D9238D8342A2
S214024E10EAD300F51C70B0FBF2F0E084FCF794F8DD
S214024E20E36905467BB1BB070DD531464046FFF721
S214024E3094FD6368C3F57A7602F0D7F9F04202D59C
S214024E402046EAF727FA2846FCF78EF87AE708B5EE
S214024E5048B1CB0701D4002008BD4FF40011203022
S214024E60FFF77BFDF7E74220F6E708B548B1CB0728
S214024E7001D4002008BD4FF400112030FFF775FD65
S214024E80F7E74220F6E7E7F7EDBA38B5C369044616
S214024E900D463BB1036A13F0010011D194F8243099
S214024EA0FE2B0CD004F120004FF48001FFF755FDD5
S214024EB001202B68C4F85530AB88A4F8593038BDA9
S214024EC00020FCE7036A10B5044613F4602030D0D5
S214024ED09A0307D504F1400006F019FBA36C23647D
S214024EE00023A364236A5B0307D504F1440006F09B
S214024EF00EFBE36C63640023E3644FF4602104F169
S214024F002000FFF732FD2046FFF783FD012094F8CC
S214024F10602094F85F3002F00F0143EA0123013368
S214024F2084F85F3022F00F02C3F303231A4384F897
S214024F30602010BD10B50446503006F078FB2046BF
S214024F40BDE810404FF00071FFF77EBD50E8003F0D
S214024F500B4340E80032002AF8D17047C94350E8B4
S214024F60003F0B4040E80032002AF8D1704738B5BF
S214024F700446D0F8A00010B9D4F8A40058B194F8AA
S214024F80375106F0F5FA05F00F0581B206312846CC
S214024F90EAF7E4FE80B240F27122B4F8783000F507
S214024FA0487053439842B8BF184638BD38B50546D0
S214024FB00C4602F099F920B149F640439C4228BFBC
S214024FC01C46EA68A2420BD240F27121B5F87A304A
S214024FD04B43934238BF1346A34228BF23461A4682
S214024FE02A6138BD03469A6A4430920404D5D3F83F
S214024FF02821998FEBF786BE93F86F10EBF778BEF1
S214025000002070470120704700207047002070473C
S21402501001207047C8207047002070470020704764
S21402502070477047112070477047704700207047DE
S21402503070470020704770470120704770477047DE
S21402504090F8852010B5531C03F00F03072B28BFDA
S2140250500023044663F30302034480F8852083F8A2
S2140250607E1090F885306F2B4FEA13129EBF0132E6
S21402507062F3071380F88530FFF7E1FF94F83711E3
S214025080204601F00F01FFF7CCFF10BD70477047B6
S2140250907047002070470020704710B101F1B00041
S2140250A0704701F1D4007047F8307047806A704745
S2140250B02830FFF74BBFC06A70472C30FFF746BF59
S2140250C02C30FFF74BBF00F59C70704708B50B7984
S2140250D0DB0702D4FFF7DAFF08BD91F90510BDE839
S2140250E00840FFF7ADBF02290346808F11D003297F
S2140250F009D0012906D11A8F5B6B1201B2FBF3F3BA
S214025100184480B270475A6B4FF47A43B3FBF2F3FB
S214025110F6E75B8F073000EB4300F2E770B540F22C
S214025120712606FB01F345685643826A1D44120740
S214025130044645600ED500F14005294600F13402CA
S214025140E9F73AF8334629462046BDE87040012280
S21402515001F08BB905EB5605456070BD836A5905AB
S21402516005D4D0F8A03013B15B799A0708D4D0F8EA
S214025170A40000B9704743799B0701D40068F8E79A
S2140251800120704780F87710704738B5836A044666
S2140251901B0713D50246B0F87C3052F8341F4B4337
S2140251A040F271214B4300F14001E9F705F8236C08
S2140251B020469D08FFF7DBFE2844E06040F271259A
S2140251C0616B204601396943FFF7F0FE2046012154
S2140251D0E9F744FF636BB4F87C2020465A436368C1
S2140251E005FB02336360BDE83840E9F7E9BEB0F874
S2140251F0303110B5A0F834310446E7F79DFAC0B254
S214025200FFF708FF94F8373194F8362103F00F03BE
S21402521004F1440102F061F8EAF7E6FDB4F9302140
S214025220824205D0A4F83001EBF786FAA4F83201E0
S214025230B4F93421B4F930319A4209D0A36A9B03F7
S21402524006D52046BDE810404FF40041E7F78ABA7B
S21402525010BDFFF7CCBF836A0A4600F14401C3F3D0
S2140252604030EBF7F9BC10B5A0F87810A0F87A2019
S2140252700446FFF77CFE2169E0602046BDE8104048
S214025280FFF794BE38B504460D463AB94FF4C0212E
S2140252902830FFF763FE9DB9002038BDFFF7C6FE33
S2140252A098B128344FF4C0212046FFF757FE1DB1AF
S2140252B04FF40031FFF74AFE4FF48021204601E00A
S2140252C04FF40031FFF742FEE6E71120E5E72DE94D
S2140252D0FF41836A04469B032CD5B0F93081B0F9AE
S2140252E034710020EBF71CFB8045CCBF002501255E
S2140252F001F0F8FF94F83711C82201F00F01EBF71E
S21402530019FB06462046E7F717FAB045B4BF002653
S2140253100126002394F83711A8EB07073FB245EAA7
S21402532046051A46CDE90085029701F00F0180B2C4
S21402533000F0A3FC04B0BDE8F081FFF7C8BF8630DA
S2140253407047F8B504460E4600295AD040F271233B
S214025350476B30465F43A7F28A277F083946EAF74B
S2140253600DFD94F88E30851FADB29D42394630460B
S214025370A8BF1D46EAF702FD94F88F20831F9BB252
S2140253809342A8BF1346F21E012AB4F88610B4F858
S21402539088202BD8B1F5296F44F29020B8BF4FF47D
S2140253A029618142A8BF0146B2F5296FB8BF4FF402
S2140253B029628242A8BF02461B2DB8BF1B251B2BA3
S2140253C0B8BF1B23304684F8913084F89050A4F876
S2140253D08A10A4F88C20EAF7D1FC831F9BB2AB425A
S2140253E0A8BF2B46DBB284F89230F8BDB1F5A47F95
S2140253F0B8BF4FF4A471B2F5A47FB8BF4FF4A4723D
S214025400DAE71B23EFE770B54900466B89B28E4296
S21402541018BF40F27125044617BF4068002105FBFD
S214025420060005FB1100658F1EBF606061630121E7
S2140254309542208F17D08342628700D02387238F1E
S214025440626B1B01B3FBF2F394F837112046A4F803
S2140254509C3001F00F01FFF774FF2046BDE8704054
S2140254600421E7F77FB98342E8D1A36A1B07E6D592
S2140254700029E4D170BDF0B585B004460E466A46F2
S21402548000F1860300F18E0715461868596808333E
S21402549003C5BB422A46F7D11868314628609B8866
S2140254A02046AB80FFF74DFF9DF80B2094F8913015
S2140254B09A4211D1BDF80620B4F88C309A420BD12C
S2140254C09DF80A2094F890309A4205D1BDF804203F
S2140254D0B4F88A309A4207D04FF48141204605B08C
S2140254E0BDE8F040E7F73EB905B0F0BD37B5044673
S2140254F094F88E50BDF818008D420BD1B4F8865041
S214025500954207D194F88F509D4203D1B4F8885043
S21402551085421DD08DF80610ADF80420019D84F852
S2140255208E1094F8371184F88F30A4F88800C4F8E7
S21402553040512046A4F8862001F00F01FFF79BFF9A
S214025540B4F88A30A4F88630B4F88C30A4F88830E0
S21402555003B030BD90F8373170B503F00F03044640
S21402556016460D46D9B18B4219D00122FFF75CFDD3
S214025570294600222046FFF755FD94F8373120468B
S21402558065F3030384F8373105F00F01FFF773FF65
S2140255902046BDE870404FF48441E7F7E3B8194669
S2140255A02046FFF768FF002EF2D170BDF8B51D4603
S2140255B0C36A04465B070F46164610D404212C30F5
S2140255C0FFF7C4FC84F89A702046A4F89660A4F804
S2140255D098504FF40061BDE8F840E7F7C3B8F8BD4D
S2140255E010B511B190F89A400C7012B1B0F896103E
S2140255F0118013B1B0F898201A80C06AC0F38000F8
S21402560010BD4FF400412830FFF7A0BC00F5A27091
S214025610704790F8370100F00F00704770B50446E7
S214025620FBF792FC6568064601F0DFFD2D1AB5F51C
S214025630FA7504D53046BDE87040FBF795BC40F2DB
S2140256407122636B94F870105343B5FBF3F5A38F86
S214025650AAB29B1AA38794F86F30154602FB113341
S214025660252193FBF1F001FB1033002BB8BF5B182A
S21402567084F86F30B4F89C3020469B1AA4F89C300D
S2140256800021E9F7EBFC40F27122636B20465D4392
S214025690636802FB15336360E9F792FCCAE70023EE
S2140256A02DE9F3474E790446B00758BF06F00106C7
S2140256B008460D4648BF0326ADF8043058BF0136EB
S2140256C0FFF76FF9074607F01F03002BE36A15BFC3
S2140256D04FF001084FF000084FF003094FF002099F
S2140256E099050CD59DF80430294666F3010368F344
S2140256F045138DF804302046019A00F08EF92846AC
S21402570005F08AFF82464946284605F040FF9DF886
S2140257100430AA7966F3010368F345138DF8043062
S2140257208DF805A0BDF804300C32AB529DF804305B
S214025730A9189A066B7948BF8F7043F001036B7104
S214025740FBF702FC06462046294650F8A48F05F0D1
S2140257506EFF94F84631013384F84631A36A1B077C
S2140257600CD5B4F87C30012B02D92046FFF756FF41
S214025770304602B0BDE8F047FBF7F6BB656801F0BD
S21402578034FD0746E9F780FD8442F1D1ED1BB5F5FD
S2140257907A7FEDDDB8F1000F03D0D4F8A030002BED
S2140257A0E6D1EAF709F9E3E708B5022006F01CF8A5
S2140257B010B100F0A1FD012008BD10B504464FF45B
S2140257C040712830FFF7CAFB2046BDE81040002192
S2140257D0E7F768BC012310B5A1F12002C1F120044D
S2140257E023FA04F403FA02F222438B40D0E908417A
S2140257F023400A40134314BF0120002010BDC36A91
S21402580010B5044613F0080012D00123A1F12002BD
S214025810C1F1200023FA00F003FA02F202438B40A1
S214025820D4E9080103400A40134314BF01200020B4
S21402583010BD10B50C46C9B2FFF7E1FF70B1E8F72C
S214025840A7FCC4F12002A4F12003E04001FA02F210
S214025850104321FA03F3184300F0010010BD70B59F
S21402586004460E46E8F7C6FDFBF76EFB0546022128
S214025870204684F87760E6F775FF20460021E9F7B0
S214025880EDFB2846BDE87040FBF76EBB70B50446DC
S2140258900D46FBF759FB0646E9F7F6FC844201D1B2
S2140258A0EAF76AF83046FBF75FFB29462046BDE872
S2140258B07040FFF7D4BF0B68C0F84031704738B568
S2140258C040F64805D0F840310C460B609BB2AB421E
S2140258D004D90B21FFF7ADFF08B9258038BD44F285
S2140258E090232380FAE708B500F0FBF8E7F7A2F862
S2140258F000F00EFB00F008F8E8F7B4FCE9F7F2F95E
S214025900BDE80840E9F756BA704770B515460E4628
S2140259101C46FFF7C9FB2B684EB103606B684360F9
S2140259202368C0F825302368C0F8153070BD836040
S2140259306B68C3602368C0F829302368C0F8193042
S214025940F4E770B50546FFF7AFFB0446FBF7FCFA33
S21402595006464FF480712846FFF7AAFB4FF4006113
S2140259602846FFF7AAFB3046FBF7FEFA0023284636
S21402597023612375236284F82430FFF797FB802384
S21402598010F0080F14BF237584F8243070BD10B5CC
S2140259900446FFF712FF2046BDE810401021E6F746
S2140259A0E1BE10B504464FF46061FFF789FB20465E
S2140259B0BDE81040FFF701BF7FB506460C46FFF76D
S2140259C073FB4FF4C06105463046FFF776FB4FF493
S2140259D000613046FFF774FB4FF48060E8F77EFB09
S2140259E0224670B969462846E7F73CFF6B4605F142
S2140259F0100213F8011B02F8011DAA42F9D104B0E5
S214025A0070BD6C4602F110062346106851680832D3
S214025A1003C3B2421C46F7D1E8E7F0B587B00D469D
S214025A20ADF80C20FFF740FB0446284605F0F4FDCF
S214025A30064600B32846E7F753FF9DF80C3005AF3D
S214025A4003F02303224631460093019704F1200314
S214025A50FCF7D5FA2846E7F759FF042239462846C6
S214025A6005F06DFF236A0133236223B994F82430CC
S214025A70013384F8243007B0F0BD30B585B0039109
S214025A80ADF80820FFF710FB0446039805F0C4FDA6
S214025A90051F002D02DC002005B030BD0398E7F795
S214025AA01FFF431901939DF80830224603F0230393
S214025AB00093294604F11003FCF789FA0028EAD17C
S214025AC00398E7F723FF042103A805F0F0FD2369F6
S214025AD0013323610BB10120DEE7237D01332375F9
S214025AE0F9E708B54FF40060E8F7F8FA40B94FF462
S214025AF08050E8F7F3FA40B9BDE80840EBF74CB936
S214025B00FFF7C7FA0028F2D008BDFFF7C4FA00284C
S214025B10F2D0F9E741F0004141F4E021016070471C
S214025B2000207047002070477047704770477047E4
S214025B3010B5DC1D043383734379C47123F0030369
S214025B4043F003030E244371012344738371C3732A
S214025B500182827410BDD31CC3713E234373437902
S214025B60827323F0030343F0030343710123C173DB
S214025B70837170470F234373042383734379A0F81A
S214025B80111023F0030343F00303437140F2017341
S214025B90C3800123C27303747047D31CC371437955
S214025BA0417323F0030343F003034371012382731B
S214025BB08371704708B50023FFF7BAFFBDE80840B7
S214025BC0E7F792BF2DE9F84380460220894617463A
S214025BD01E4605F009FED0B10C23437308238373D7
S214025BE040F601334579C38025F003059DF8203041
S214025BF045F003054571A0F8108080F81290A0F8D1
S214025C001370A0F81560C373E7F76EFF0120BDE8B6
S214025C10F883F8B504460F46164613211D46092298
S214025C20FFF799FF83790C331C44A170E770267145
S214025C302B68C4F80530AB88A4F80930BDE8F840F4
S214025C40E7F752BF70B5064602200D4605F0CCFDBA
S214025C50044668B114210422FFF77DFF83790C33D2
S214025C601C44A170A4F803606571E7F73DFF0120AC
S214025C7070BD08B501F018FC08BD2DE9F0410746D5
S214025C8002200D4690461E4605F0AEFD0446E0B1E3
S214025C9009222121FFF75FFF0A2283790C331C4475
S214025CA0BDF9183084F8038093FBF2F323729DF853
S214025CB01C30A7806372BDF92030A67193FBF2F305
S214025CC0E571A372E7F710FF0120BDE8F081704787
S214025CD010B5E7F743FF837900210C33C418E07848
S214025CE0E6F746F96168FFF7B2F80446E7F73CFFC5
S214025CF02246BDE8104000234FF61941FFF718BFB1
S214025D0010B5E7F72BFF837900210C33C418E0782F
S214025D10E6F72EF96168FFF7A8F80446E7F724FFCE
S214025D202246BDE8104000234FF61A41FFF700BF97
S214025D3070B5E7F713FF002186790446FE20E6F7E2
S214025D4017F90546FFF7ECFE50B10C24E7F70CFFF7
S214025D502246BDE87040002342F20501FFF7E8BE86
S214025D60FFF7E0FE0028F0D134440F342DB121466F
S214025D702846FFF78AF80028E7D02046E8F7FAF820
S214025D800024E3E72DE9F041E7F7E8FE83790025F2
S214025D900C33C418E678E7F7E1FE0768E7F7DEFE9D
S214025DA0A6F1FE035942594105603046E6F7E0F88F
S214025DB03B4629462279FEF7A4FF0446E7F7D4FEBF
S214025DC02B462246BDE8F04142F23701FFF7B0BE4D
S214025DD02DE9F041E7F7C2FE837900250C33C4189B
S214025DE0E678E7F7BBFE0768E7F7B8FEA6F1FE031C
S214025DF05942594105603046E6F7BAF83B462279E1
S214025E000121FEF77EFF0446E7F7AEFE2B4622464A
S214025E10BDE8F04142F23801FFF78ABE2DE9F047AD
S214025E20E7F79CFE83790C33C418277994F803802D
S214025E3027B9B8F1010F27D0E6F7FCFA0026053499
S214025E40BE420ADB0025E7F78FFE2A46BDE8F0478A
S214025E50002342F23901FFF76BBE2078B4F80150F6
S214025E60A0F1FE035942594194F803900434E6F730
S214025E707FF858B12A464B464146E6F7D7F905461B
S214025E800028E0D10136DBE71225DCE74225DAE717
S214025E9010B5E7F763FE837900210C33C418E07867
S214025EA0E6F766F880B1211DFEF7EFFF00280CBF6B
S214025EB00C240024E7F758FE2246BDE810400023D3
S214025EC042F23501FFF734BE4224F3E7FE282DE9FD
S214025ED0F8430646894690461F4616D0022005F02D
S214025EE083FC044690B106221221FFF734FE1223E9
S214025EF0A57920460C352544AB7085F803902E71A3
S214025F00A5F80580EF71E7F7EFFD0120BDE8F883FD
S214025F10704710B5FFF704FE0446FEF75AFD20430D
S214025F20C0B210BD10B5E7F719FE83790C331844DA
S214025F304479B0F80300E6F7EBFB60B12146E8F7D8
S214025F403FFD0446E7F710FEE2B240F20641BDE826
S214025F501040FFF70FBE0224F4E770B5E7F7FEFD28
S214025F6083791844B0F80F50FAF7EEFF0446284635
S214025F70E6F7CEFB80B11621FFF788FC0025204607
S214025F80FAF7F2FFE7F7F0FD2A46BDE87040002375
S214025F904FF60441FFF7CCBD0225F0E7F8B5E7F768
S214025FA0DDFD847905460C340444B4F80300E6F7B4
S214025FB0AFFB064640B9E7F7D7FD0222BDE8F84038
S214025FC042F21301FFF7D6BDAB79E97903F10C0271
S214025FD00220CB1A2A44002105F0DEFC014618B93D
S214025FE0E7F7C2FD0722E9E7837903338371304678
S214025FF0B4F80D50B4F80F70E8F796FC04463A462B
S21402600029463046FFF72FF9E7F7AEFD2246D5E7D9
S21402601038B5FAF799FF0446FFF77BFF00280CBF56
S2140260200C250025E7F7A0FD2A4642F20E01FFF7EF
S214026030C1FDFFF77AFD2046BDE83840FAF794BF67
S21402604010B5E7F78BFD83791844B0F80F00C0B29D
S214026050E6F7CCFEE7F788FDBDE81040002342F2E3
S21402606024011A46FFF764BD2DE9F8438146022053
S214026070884617461E4605F0B7FB044690B10A222C
S2140260800321FFF768FD0023A57920460C35254439
S214026090EB70A5F80490A5F806802F816E81E7F7CD
S2140260A023FD0120BDE8F8832DE9F043814685B043
S2140260B002200E461F469DF844808DF80F2005F0FC
S2140260C093FB0546002844D022222921FFF743FDF0
S2140260D00022AC7930460C342C4404F10E0304F151
S2140260E01401C4F80E209A806261228300913A4617
S2140260F00DF10F01FEF778FC9DF84030A4F80490ED
S214026100E37006F00103A3719DF80F3016F0FD0F41
S214026110E3713B68A360BB88A3814FF6FF7304D08C
S214026120032E08BF43464FF0FF08BDF8302028462E
S2140261306283BDF8342084F82180A283BDF838201B
S2140261406384E2839DF83C2084F82020E7F7CCFCA9
S214026150012005B0BDE8F083F8B5074602201646D2
S2140261601D4605F041FB044690B10C220421FFF7C0
S214026170F2FCA1799DF818300C31214420468F801C
S214026180C1F80660C1F80A50CB70E7F7ADFC0120F3
S214026190F8BD70B5064602200D4605F025FB0446FE
S2140261A068B103223021FFF7F8FCA37920460C33AE
S2140261B02344A3F803609D70E7F796FC012070BDA8
S2140261C070B5064602200D4605F00EFB044688B161
S2140261D004220821FFF7E1FCB5FA85F2A3795209F9
S2140261E00C3323442046A3F803605A719D70E7F7E8
S2140261F07BFC012070BD2DE9F843814602208846CB
S21402620017461E4605F0F0FA0446B0B10B220721E7
S214026210FFF7A1FCA579BDF820300C3525442046B1
S214026220A5F80390A5F80580A5F80770A5F80960FB
S214026230A5F80B30E7F758FC0120BDE8F883F8B55F
S214026240074602200E46154605F0CEFA0446A0B1D1
S2140262500D220521FFF77FFCA37920460C33234449
S214026260A3F80370A3F80D602A68C3F805206A68CD
S214026270C3F80920E7F738FC0120F8BD2DE9FF41F5
S21402628016466A4680460F4615460A9C03F1100ECD
S2140262909446186859680833ACE8030073456246AA
S2140262A0F6D124B9022005F09FFA044608B31D224F
S2140262B0ED212046FFF74FFCA3790C332344A3F8C5
S2140262C00380A3F80D702EB13268C3F805207268F9
S2140262D0C3F809200F3304AE2A4603CAB242186036
S2140262E05960154603F10803F6D12046E7F7FCFB92
S2140262F0012004B0BDE8F08113B513218279019024
S2140263000C32841881544FF44072C280E7F782F947
S214026310A07020B901A805F0FAF802B010BD8000FE
S214026320013060700198E7F7DFFBF6E770B50646C6
S21402633002200D4605F058FA044678B104220521DB
S214026340FFF72BFC0022A37920460C332344A3F844
S21402635003605D719A70E7F7C7FB012070BD13B545
S214026360837901900C33C418C05CE6F7D1F920B9E2
S21402637001A805F0CCF802B010BD6378019913F0BD
S214026380300F0CBF012200228B7904338B714B79BC
S21402639062F300034B71E6F785FEECE72DE9F04168
S2140263A0E7F7DCFB83790C33C418B4F803801FFAD2
S2140263B088F0E6F7ADF9054600B3A2796179FEF7F3
S2140263C061FF0646E7F7D0FB07460223324642F253
S2140263D07A01FFF7ADFBBB7938463B44A3F812803F
S2140263E0E7F782FB46B9A37933B12846FFF711F9DE
S2140263F001462846FEF71CFEBDE8F0810226E1E7CC
S21402640000F007BE50E8003F0B4340E80032002A87
S214026410F8D17047704770B50E461546E6F736FB5C
S214026420044648B93046E6F7E9F8044620B9284655
S214026430EAF7DAFB044640B10020E6F727FB002025
S214026440E6F7DCF80020EAF7CFFB204670BD4FF4F3
S2140264500010EAF7E7BEE9F7C9BDE7F76DBD436886
S214026460143B4360A0230B6070471AB94268A2EB44
S214026470530242600A6802EB83020A60704788424F
S21402648010B518D8052816D9B1F5486F13D8B3F544
S214026490FA7F10D240F67644A2F10A0080B2A042F9
S2140264A009D801339BB24B435B00B3EBC20F94BFD8
S2140264B00120002010BD0020FCE7C94350E8003F41
S2140264C00B4040E80032002AF8D17047002070479F
S2140264D02DE9F04104460F4600264FF001082146FA
S2140264E086F00100FEF7D9FD4FF48051FFF7E5FF75
S2140264F0836833B940460EB1BDE8F0810126804676
S214026500EDE7028ABA4206D10022012120469847C8
S2140265100028EFD1EFE70268D205EBD5002211463C
S214026520F4E708B5FEF7CFFD00230380436008BDFD
S21402653070B506460C46FAF707FD05463046FEF7E6
S214026540C2FD30B103781C4304704FF40070EAF7C2
S21402655069FE2846BDE87040FAF706BDE6F7A2BD1A
S21402656007B542798DF8071022F0030242F00302C3
S214026570427140F203320DF10701C280012204F09B
S214026580A9FF03B05DF804FBF8B5174606460C46AD
S2140265901D46FEF790FD020713D502213046FFF78F
S2140265A019F970B111212046FFF7DAFF2046E7F706
S2140265B0C9FE4570877021463046BDE8F840E6F7CA
S2140265C071BD28204FF08861C5F12002A5F1200395
S2140265D0E94000FA02F220FA03F311431943CB070B
S2140265E0E0D40D212046FFF7BBFF2046E7F7AAFEC0
S2140265F04770E0E770B50C4605460721204616466A
S214026600FFF7AEFF2046E7F79DFE21464670284676
S214026610BDE87040E6F746BD38B50C460021054693
S214026620FEF761FD47F6FE73241AA4B29C4205D912
S21402663028462821FFF713F9002038BD0120FCE781
S21402664038B504460D4601460020FEF726FD0368CF
S2140266509B0505D429462046BDE83840FFF7DCBF37
S214026660002038BD2DE9F04115461F469DF81880DA
S214026670FEF713FD0446FAF767FCB8F1010F06466B
S21402668023D154E8003F43F4807344E80032002AE2
S214026690F7D105B354E8002F42F4007244E8002311
S2140266A0002BF7D1FF212046FFF707FF54E8002F03
S2140266B048EA020244E80023002BF7D13046A560E0
S2140266C02782BDE8F041FAF74FBC4FF480712046AE
S2140266D0FFF7F3FEDDE74FF400712046FFF7EDFE0D
S2140266E0E0E773B5064601200C46FEF7D6FC00230B
S2140266F005461A46009321463046FFF7B3FF6B68FD
S21402670063B14FF480712046E6F72CF855E8003F57
S21402671043F4007345E80032002AF7D1FAF714FC76
S21402672005462046FEF7CFFC28B103881BB14FF47E
S2140267300070EAF777FD284602B0BDE87040FAF727
S21402674013BC38B505460C46FEF7A7FC83684BB16A
S214026750022120460022984721462846BDE83840B6
S214026760FFF7BFBF38BD012938B505460C4608D02D
S214026770CC1E012C03D801460120FFF7E2FF0120C0
S21402678038BD2221FEF7FEFC20462946FFF7D9FF38
S2140267900020F5E708B5FEF780FC006800F0F00080
S2140267A008BD10B5014604460120FFF7F3FF20B9E5
S2140267B02146BDE81040FFF7EDBF10BD70B5064696
S2140267C00C4601460120FEF768FC314605460020CD
S2140267D0FEF763FC2B680268014643EA0200C00526
S2140267E01ED49B0502F4007203D49AB94FF0FF3010
S2140267F070BD2B8A1B1B98B27AB1098A091B89B213
S2140268008842A8BF08464FF6FF73984208BF4FF06B
S214026810FF30EDE74FF6FF70EFE74FF6FF71EFE759
S2140268200120E5E72DE9F3410446019101460120E6
S2140268301546FEF732FC214606460020FEF72DFCE2
S21402684080462046FEF732FC810606D501A804F0F3
S2140268505EFE0C2002B0BDE8F081FAF775FB3368E5
S21402686007469A0503D4D8F800309B0509D5019946
S214026870301D8D6004F0DBFE3846FAF775FB00200B
S214026880E8E7FAF771FB20460199A847E2E738B530
S214026890014604460120FEF700FC05460C3004F0D3
S2140268A036FE281D04F033FE21460020FEF7F5FBD7
S2140268B004460C3004F02BFE201DBDE8384004F0E0
S2140268C026BE70B5014605460120FEF7E6FB0646E3
S2140268D0043004F099FE044670B14FF4007130465D
S2140268E0FFF7EBFD21462846A368984720B12046CD
S2140268F0BDE87040F9F7D8B970BD00238260C0E9E0
S2140269000031704708B50B4601461846FEF7C5FB30
S2140269100068C0F3402008BDFFF725BFCB1E012B41
S21402692070B504460D46164606D81A21FEF72AFC0E
S21402693040212046E5F716FF324629462046BDE8A6
S2140269407040FFF710BF38B504460D46FEF706FC4A
S21402695028B1012D04D122212046FEF713FC002087
S21402696038BDF8B50C468B7907460B44D3F80D6054
S214026970D3F811303246E6F777FB09212046FFF7B7
S214026980EFFD2046E7F7DEFCA579E7F701FC0C35BC
S21402699066F0FF0625440640C5F80160E7F7F8FBF7
S2140269A03846C5F805102146FFF7D8FD02213846BD
S2140269B0FFF7BEFDF8BD70B50E460546014600203F
S2140269C0FEF76BFB012E044603D0022E11D00120E7
S2140269D070BDC16828468B7919440D31FEF73BFC21
S2140269E0E068F9F761F900202946E060FFF779FED2
S2140269F0EDE7C068F9F758F90023E360E7E738B532
S214026A000D46044601460120FEF747FB012D08D13C
S214026A1000F112012046FEF71EFC21462846FFF72B
S214026A2060FE012038BD08B5FEF740FBC0F3C0008B
S214026A3008BDF8B50C460746FFF7F5FF80F00106DD
S214026A40F6B239463046FEF728FB0546C068012CEA
S214026A50837903D0022C1BD00120F8BD0C33C41856
S214026A6023893846E288A188FEF7CDFC61886278E1
S214026A704900384689B25200FEF750FBE868F9F73B
S214026A8013F9002339463046EB60FFF72AFEE3E7A8
S214026A90F9F70AF90023EB60DEE708B5FEF70BFB11
S214026AA000F0010008BD38B50C4602210546FEF787
S214026AB004FB0C212046FFF753FD2046E7F742FC75
S214026AC04FF0FF3383700223C3700D2343706FF0C1
S214026AD02F0303710523214643712846BDE838403B
S214026AE0FFF73CBD042910B5044601D0002010BDB6
S214026AF0FFF799FFC0F10200E7F7F0FA0028F5D198
S214026B0004F072FE014608B90220F0E72046E7F7D5
S214026B1029FF0028F8D10120E9E708B5FEF7C6FAF2
S214026B20C0F3C00008BD2DE9F0410F46044690466A
S214026B30FFF7F3FF80F00105EDB221462846FEF787
S214026B40ACFA012F064603D0032F0FD001200BE02C
S214026B502046FEF726FF22212046FEF713FB284694
S214026B602146FFF7EEFD0020BDE8F081C068F9F788
S214026B709BF800232046F360FEF713FF20465FFAD9
S214026B8088F1FEF7FFFA20462021E5F7EBFD2146C5
S214026B902846FFF7D6FDD9E7F7B50146044600209A
S214026BA0FEF77BFA054600F112074FF48060E7F71E
S214026BB095FA50B92046E5F7BFFD3A46698B80B292
S214026BC003B0BDE8F040FFF73ABB2046E5F7B4FD58
S214026BD0064620466D8BFEF767FA002203460092B1
S214026BE029463A46B0B2FFF749FB03B0F0BD8378B8
S214026BF01A2B09D81B2383700288B2F5A47F07D20A
S214026C004FF4A473038007E0FB2BF5D9FB23F2E7CE
S214026C1044F290239A42F5D87047F0B50446CA79F2
S214026C208B7987B043EA0223ADF80C308B8803A831
S214026C308DF80E30CA788B7840F6480543EA022370
S214026C40ADF810300B8805A98DF81230FFF7CFFF8C
S214026C5004A8FFF7CCFF2046FEF731FE0B212046A4
S214026C60FEF7E7FD44F29023002818BF1D46BDF844
S214026C700C709DF80E30BDF81460BDF810209DF81B
S214026C8016009DF81210AF42D4BF00970095FB2B5A
S214026C90A8BFFB23B242A8BF32468142A8BF014624
S214026CA02046FEF723FC07B0F0BD37B5144605466E
S214026CB01046FFF755FC2046E7F744FB01A90446B9
S214026CC02846FEF7FCFD0B212846FEF7B2FD6FF0C4
S214026CD004036370002344F29022A37040F6480334
S214026CE0002818BF1346A4F803309DF80630A4F80F
S214026CF00530BDF80430A4F8073003B030BDFFF706
S214026D0032BD022973B505460C4603D00024204640
S214026D1002B070BD0521FEF75DFD0028F6D0E6F74D
S214026D206BF81B28F2D94FF40040E7F7D7F9002892
S214026D30ECD104F059FD06460028E8D0284601A901
S214026D40FEF7BDFD314628469DF80630BDF8042004
S214026D50E8F746F80028D9D10124D8E730B190FAEE
S214026D60A0F00123B0FA80F08340D8B2704770B525
S214026D700646FEF7A0F980F0400402060546C4F374
S214026D80801406D408213046FEF739FD08B144F0D7
S214026D900204EB0506D40B213046FEF730FD08B19F
S214026DA044F00404204670BD2DE9F843044691469B
S214026DB00F46FEF780F9C0F340152046FEF726FC84
S214026DC0214680462846FEF768F94946064620468A
S214026DD0FEF7D8F998F80110384601F00F0100F0D6
S214026DE0BCF9062814BF014600212A462046FEF7B3
S214026DF0B1FB21462846FFF774FC20212046FEF709
S214026E005FF956E8003F43F4805346E80032002A12
S214026E10F7D1BDE8F883F8B50E4604461546FEF7E8
S214026E204AF9032EC0F340170DD0042E16D0012EB9
S214026E3012D122212046FEF7A5F938462146FFF751
S214026E4080FC0020F8BDEAB200212046FFF7ACFF26
S214026E5021463846FFF775FC0120F3E70C22F3E7DC
S214026E60012910B504460BD1FEF725F92146C0F3D9
S214026E704010FEF712F90022817C2046FFF794FFAD
S214026E80012010BD2DE9F7430F460546FEF713F91C
S214026E9000F02009C0F340182846FEF7B7FBBB797E
S214026EA00C333B445E789B781E400378C3F30300A2
S214026EB000EA13103040FFF751FF044648B9B9F113
S214026EC0000F06D12846FFF752FF3040FFF746FF75
S214026ED004462846FEF79DFBE8F764FFA04223D04F
S214026EE01CB302212846FEF7FEF800210646284675
S214026EF0FEF727FA18213846FFF732FB3846E7F73F
S214026F0021FAB6B2394644708470A0F80360284667
S214026F10FFF724FB23462246294640460096E7F71B
S214026F2099FF03B0BDE8F08300242646E2E770B579
S214026F3004460D46FFF735FC28B929462046BDE82B
S214026F407040FFF79FBF402829462046BDE87040A4
S214026F504FF0160314BF2A222322FFF715BB38B5BB
S214026F6005460C46FEF7A7F8830604D42046BDE87D
S214026F703840F8F799BE21462846BDE83840FFF764
S214026F8081BF73B58C7906460C340C440D46FEF769
S214026F9092F8A278C0F34010032A14D0052A28BF1C
S214026FA000226378032B10D0052B28BF0023B4F8E9
S214026FB0031000913146E7F74DFF284602B0BDE8C0
S214026FC07040F8F771BE0022EBE70023EFE708B542
S214026FD08B790B441B7B162B03D0172B05D0002076
S214026FE008BDFFF7A4FF0120FAE7FFF7B8FFFAE7AC
S214026FF008B58B790B441B7B162B03D0182B05D0B8
S214027000002008BDE7F750FF0120FAE7FFF7B9FFB7
S214027010FAE770471FB54A1E042A03460C465FD895
S214027020012902D1008804B010BD022905D10088CA
S2140270305B88984238BF1846F5E74A00014601A821
S21402704003F038FE032C07D10023ADF80A304FF6C2
S214027050FF73ADF80C3001E0042CF8D0BDF8062022
S214027060BDF80430934284BFADF80630ADF8042074
S214027070BDF80A30BDF80C20934288BFADF80A204E
S214027080BDF80A2088BFADF80C30BDF80430934234
S21402709088BFADF80A30BDF80620BDF80C309A421B
S2140270A088BFADF80630BDF80820BDF8063093421A
S2140270B084BFADF80830ADF80620BDF80A30BDF83A
S2140270C008209A4288BFADF80830BDF80820BDF8FF
S2140270D006309A4238BFADF80830BDF80800A2E77D
S2140270E04FF6FF709FE710B5418904468389C2892F
S2140270F00846FFF7C4F9E0B1E279531E072B19D808
S2140271006389934216D922899A4213D8237C43B9BB
S214027110637C33B9A37C23B9E07C10B9237D0F2BA3
S21402712007D9607D1B3000F01F000B288CBF0020A3
S214027130012010BD0020FCE708B5E9F789FABDE892
S21402714008400020E9F7F2BAC94350E8003F0B4076
S21402715040E80032002AF8D17047022808D00428F6
S21402716003D0012818BF0620704701F00101C81C91
S2140271707047E9F73BBE0A2802D80130C0B2704712
S214027180242801D80230F9E7252805D0262805D07C
S214027190272818BFFF207047002070470C20704732
S2140271A008B5E8F77BFEBDE808404FF00060EAF756
S2140271B039B808B5E9F720FE20B1BDE8084010202E
S2140271C0FFF7EEBF08BD70477047704770477047BD
S2140271D000207047704770477047704770471046E8
S2140271E01946704700200021704702F022BFEFF7D1
S2140271F0C1BF02F0D6BF08B5E9F752F820B1BDE824
S21402720008400420FFF7CCBF08BDF0B585B00D4698
S21402721016468DF8070002B983B329469DF8070083
S214027220FDF7EEFB044690B929469DF80700FDF7E8
S214027230EBFB20BBF6B19DF80700003818BF012013
S2140272402946E9F799FC441C18BF012417E002AF4F
S214027250012239460DF10700FDF7D4FB024604462B
S2140272604EB19DF80730181E18BF0120002A18BF1D
S2140272703D46E5E70124FDF7B4FB00B901242046AC
S21402728005B0F0BD37B50246136A084603F400742B
S21402729003F40015DB0505D47CB9E6F745FE204667
S2140272A003B030BD4CB9B5FA85F4D2F8551064096E
S2140272B00160B2F859208280F1E7019092F95430C9
S2140272C0B5FA85F4009300231A4619461846FDF7C8
S2140272D091FB6409E3E770477047024619460020AF
S2140272E0E9F728BB002070470020704707B5002149
S2140272F04FF0FF336A46084600938DF80430E9F7EC
S214027300ABFC03B05DF804FB38B50546006803F035
S214027310A0FF0446287900F01F0003F09AFF2044DD
S214027320C0B2012894BF0020012038BD70479142A8
S21402733070B50D4614461E4609D2FFF71AFF641BA7
S214027340013490FBF4F303FB14000544ACB2348022
S214027350FFF70FFF33880133B0FBF3F202FB130093
S214027360049B188070BD70477047704708B5202090
S21402737000F06BFE003818BF012008BD08B5FFF705
S214027380F5FF20B1BDE80840202000F066BE08BD2B
S21402739073B506460D461446D2B100F053FEA84217
S2140273A018D8304600F063FE01460190A0B10023D3
S2140273B02A46204604F0A1F801A804F0A8F82246BE
S2140273C0022052F8041B00F0FFFD002002B070BD40
S2140273D02220FBE72120F9E72D20F7E708B5F8F78A
S2140273E095F908B1012008BD00F060F8F8F796F9A3
S2140273F00028F7D1EBF7A6FD003818BF0120F2E708
S21402740008B5E9F7BDFE00280CBF0420012008BD20
S214027410E9F7C4BE0020704730B50446154687B06B
S2140274200846FFF71AF8122200210DF1060003F0B3
S21402743028FCA368ADF804500293E3680393E38B39
S214027440ADF81030238CADF81230FFF7E3FF029B45
S2140274508DF8140043F41053029300F065FD18B142
S214027460029B43F00403029301A8E6F749FE10F0DC
S214027470FF0516D1A38C0DF10201ADF80030E38CA6
S2140274806846ADF8023000F0E7FCE9F723FFFEF7A6
S214027490E2FF012102F0AFFCEAF768FF284607B0D8
S2140274A030BD40F20C40FAE7E9F724BFFBF728BEEE
S2140274B0E2F7A8BF704700207047002070475328A5
S2140274C038B505460C4604D1BDE83840084600F0FB
S2140274D07DBC0620F8F796FD68B96379142D03F093
S2140274E03F03637104D0722D08D163F03F036371CA
S2140274F00020A57138BD40F20740FBE72120F9E7DE
S2140275001FB550F80C4BADF80A3094F87040069B45
S214027510ADF806108DF8082040F2035101AA8DF846
S2140275200440039303F028FF10B906A803F0EFFF08
S21402753004B010BD2DE9F0414FF0000886B00446B5
S2140275400E461546CDF80C8000F1440712B303A888
S21402755003F0DDFF384603F0DAFF84F81C800023D0
S2140275603246009318212B46204600F003FF05F50D
S2140275708855204650F80C3B40F2055193F870307F
S21402758004AA8DF81030059503F0F6FE002006B02A
S214027590BDE8F08143691A0710D4A846384603F0BE
S2140275A0D4FF03460390C0B903A803F0B0FF3846E1
S2140275B003F0ADFF0023237755B1D0E723F008038D
S2140275C0436103A803F0A3FF384603F0A0FF257724
S2140275D0204600F04BFF0025CBE79979204601F1C3
S2140275E00C021A44B2F801600531B2F80320997110
S2140275F0314601F057FCCDF80C800028CED0054667
S214027600D2E72DE9F84F0E4691469A4605469DF872
S21402761028B010B1037C012B60D0284601F05FF938
S214027620304601F0D2FA002231468046284601F062
S2140276303FFB0746304601F0C1FD42F6052398425D
S2140276401CD118F0300F26D1BBF1000F33D018F042
S214027650200F3FD0BA073FD5EB8B002B38D15346CD
S2140276604A463146284600F033FF0446E8B940F25F
S2140276700A412846EE8301F040F916E0284601F05A
S214027680DDF90028DDD0284601F0EDF90028D8D033
S21402769041F2121409E0B907D6D03146284601F065
S2140276A0A3FB0028D0D000F58854284601F01CF928
S2140276B02046BDE8F88F18F0100F0BD0FB070BD54D
S2140276C053464A463146284600F0DFFE0446ECE7BB
S2140276D00524EAE72124E8E70224E6E70724E7E7A9
S2140276E02DE9F047002586B09DF8389090F81CA04A
S2140276F004460F4690460F9E0577B9F1000F09D053
S2140277000A464B465146009600F034FE284606B01E
S214027710BDE8F087BAF1080FADF8169026D1458974
S2140277203246043DADB29D424FF002014FF00900D1
S214027730A8BF1D4600F0AFFD0222814605A93046CD
S214027740ADF8147004F0FBF82A464146304604F0C1
S214027750F6F80546831C3146204689F80130EBF7D9
S214027760E3FDADF81650BDF81600D0E7BAF10A0FE1
S2140277700DF116020CBF0B210D21CDE9016200931B
S2140277800122434600F01AFE1A28ECD111233A468B
S21402779051462046CDF80090ADF8169000F0EAFD6E
S2140277A0E1E7F0B5002589B01746012204460E46E9
S2140277B00393ADF8165001F0AAFA8DF815000028CA
S2140277C046D1304601F01BF910B1304601F0D9F926
S2140277D0304601F00AFAB8B103A803F098FE204634
S2140277E050F80C2B237F92F8702040F202518DF84D
S2140277F0182006AAADF81A608DF81C30ADF81E7077
S21402780003F0BAFD09B0F0BD0DF115030DF1160235
S2140278103146204601F018FB9DF8153002465BB94A
S214027820BDF81630BB4235BF0723DB1B8DF815307B
S214027830D21928BFADF81630039B314601939DF846
S214027840153020460093BDF81630FFF749FFD9E7FA
S2140278502A46F1E7F7B51E46002313603380044636
S2140278600D46174601F0CBF810B1204601F089F913
S214027870214600200DF105030DF1060201F0E4FA9F
S2140278809DF8054024B9BDF806402CB9002001E059
S21402789004F5885003B0F0BDAC4204D32844641B00
S2140278A038603480F2E741F20710F3E770B5044619
S2140278B00D46164601F0A3F840B933462A4621463D
S2140278C001F0F0FA08B100F5885070BD41F20310DD
S2140278D0FBE71FB550F80C4BADF80A3094F8704031
S2140278E0069BADF806108DF8082040F2015101AA59
S2140278F08DF80440039303F03FFD10B906A803F089
S21402790006FE04B010BD1FB550F80C4BADF80A3099
S21402791094F87040BDF81830ADF806108DF80820BF
S21402792040F2045101AA8DF80440ADF80C3003F081
S21402793023FD04B010BDF0B5122785B00392077779
S214027940022205460E4601F0E2F9044668B103A893
S21402795003F0DDFD00232B7700233246009312212D
S2140279602346284600F006FD0FE0039A3046937938
S2140279700333937101F039F948B1039B3A460093F9
S214027980314623462846FFF7BBFD05B0F0BD42F65A
S214027990293001F07AFBB04220D1039830B903A80F
S2140279A003F0B5FD00230D242B77D5E703F034FE54
S2140279B080B20128F3D1039B28469A791344197B97
S2140279C001F077F8044603A803F0A1FD00232B7705
S2140279D0002CC1D1284600F010FDD6E722463146DB
S2140279E02846039B01F05EFA0446EFE72DE9FF41C5
S2140279F00392042204460D4601F089F9074628B18F
S214027A0003A803F084FD04B0BDE8F0814FF05208ED
S214027A10039A284693790333937184F81C8001F005
S214027A20E4F8064640B1039B4246009329463B468D
S214027A302046FFF765FDE6E742F6293001F025FB12
S214027A40A842039B0BD19A7920461344197B01F076
S214027A5030F803A803F05BFD00232377D3E7324612
S214027A602946204601F01EFAF6E72DE9FF418B79FA
S214027A7004460C330B44B3F801700E463846B3F88E
S214027A80038001F09AF8002858D002223946204690
S214027A9001F03DF90546E8B9384601F0A6F868B1A6
S214027AA016222277B37939460533B3712046434608
S214027AB00096FFF725FD04B0BDE8F081F8F78AF8D6
S214027AC033461B680135EDB2002BFAD10635A842C3
S214027AD01DDC092504F1440003F019FD2B463A4645
S214027AE016212046009600F045FC092DE3D12046DB
S214027AF050F80C3B40F2055193F8703002AA8DF80C
S214027B00083041F20913039303F036FCD3E7012150
S214027B10304603F0DFFE01460028DAD004F14400C6
S214027B2003F085FDB37942460533B37139463346D1
S214027B30204604B0BDE8F04100F06EBC0125C9E75E
S214027B4013B5044641B9443003F0E1FC204602B0C6
S214027B50BDE8104000F08ABC18224369027713F091
S214027B60080306D0002319460093FFF7C9FC02B0AB
S214027B7010BD1A46194602B0BDE81040FFF7DABC3F
S214027B807FB5C58B04462DB342F6052001F07DFA7B
S214027B90A84207D10021204600F06CFF636923F05B
S214027BA001036361002640F20A41204600F0ABFE64
S214027BB029460DF10E022046ADF80E6001F078F867
S214027BC0BDF80E2003460092294602222046FFF701
S214027BD09AFEE68304B070BD2DE9F74305460F46CC
S214027BE0904600F0EAFF98B3284600F0EEFF10F049
S214027BF0300F30D0284600F0E8FF0646002000F09E
S214027C00F1FE044606F010091CB9204603B0BDE892
S214027C10F08300222946204601F04AF8B9F1000F07
S214027C2001D0C10712D4B20617D5830715D5012392
S214027C3000933A46434629462046FFF7E2FC1A28B6
S214027C40E4D0204600F0CEFE0446DDE70023EFE750
S214027C5041F20110DAE72120D8E70220D6E72DE923
S214027C60F041054688B042F6052001F00EFA0646B7
S214027C7004A8ECF767FB102205F121010DEB0200C8
S214027C8002F0D5FF50B10121284600F0F3FE284647
S214027C9001F0ADFA6B6923F001036B6142F6030350
S214027CA0022003A9ADF80C30ECF794FC0124074639
S214027CB04FF0000820463A464FF6FF7101F0AAF947
S214027CC0044610B908B0BDE8F08100F076FF013432
S214027CD0A4B20028EED0A64203D131462846E9F7E0
S214027CE097FC214628460DF10E02ADF80E8000F0F4
S214027CF0DFFF03460028DDD0BDF80E2021460092A5
S214027D0028460122FFF7FFFDD4E708B5ECF708FB8B
S214027D100020EAF70BF9002008BD10B90120EAF7A7
S214027D20F9B970470220EAF7EBB90020EAF7E8B99A
S214027D3038B50C460546E5F711FF4379C47523F0BE
S214027D40030343F0030343710923837104F10C0315
S214027D50C371A0F81550153038BD2DE9F3410D4614
S214027D6016468046E5F7FAFE05F10C03C371437921
S214027D70044623F0030343F00303437109230190EF
S214027D808371A0F8158000F11507304603F044FC15
S214027D9033460544E5753BB901A8314603F047FC76
S214027DA0384602B0BDE8F0815A7922F0030242F06A
S214027DB002025A711B68EEE708B5E5F7D5FE83792D
S214027DC00C33184408BD7047002070470F207047D8
S214027DD070470020704713B5044601A8019103F0CE
S214027DE096FB02220821002003F06CFD024648B1F1
S214027DF0052183790C331844D1544170062120465C
S214027E0001F0DCFA02B010BD836843F400738360AD
S214027E10002070477047704700207047704708B5CB
S214027E20EAF7C6F8ECF7CCFEE9F7B8FAECF742F94F
S214027E30BDE80840FFF779BF10B50446EAF738FAFE
S214027E4020B92046BDE81040F7F7BEBD2046F7F73A
S214027E50BBFDFFF767FFF1E773B50E4603F01AFEA8
S214027E60044600BB42F6072001F00FF90546D0B1E2
S214027E700A22B6F900300021002BCBBF0533053BA2
S214027E80B3FBF2F393FBF2F35BB28DF807300123F8
S214027E900DF10702184603F07FFD0022034629462D
S214027EA0104600F0FFFF204602B070BD430803F004
S214027EB05503C01A00F03303C0F3850000F0330008
S214027EC0184400EB101000F00F007047002110B5A8
S214027ED0421D441E14F8010FFFF7E8FF94420144C6
S214027EE0F8D1084610BD0078EBF794BA13B50C46E5
S214027EF00DF107020DF10601EBF77CFB30B19DF8A0
S214027F000600031B5842584102B010BD0120FBE791
S214027F1070477047EAF712BE70477047704770475F
S214027F2000F003BB704770470020704770477047E9
S214027F307047F8B504460F46164613680A461D0AE9
S214027F400021043502F09DFEEDB22122204639467C
S214027F5003F02BFA2046294603F0B0FAA2793368DA
S214027F601444E360F8BD7047704770477047704727
S214027F7002464FF482712020FFF70ABA014608B57E
S214027F8000F03800EAF712FF78B1D0E90132407803
S214027F90C1F3074110F0020F08BF1346043B53F823
S214027FA0040F10B102788A42F9D108BD38B50546E9
S214027FB00C4604B938BD013C55F824301B69002B29
S214027FC0F7D09847F5E770477047F8B54378054607
S214027FD0DB0701D4EAF72CFF00266B786F6823F0E4
S214027FE00C0343F002036B7057F826402CB920208E
S214027FF005F10C01F7F7A2FE0FE0A3680136002B8D
S214028000F2D0984704460028EED031463846FFF7AD
S214028010CDFF6B7823F002036B702046F8BD4078E4
S214028020C0F340007047437813F00E0F0CBF0120D8
S2140280300020704710B5EAF765FF0446EAF77AFFB4
S214028040204610BD4FF48270704708B5EAF7AEFEC0
S214028050C068003818BF012008BD08B5EAF7A6FEBA
S21402806020B1BDE80840C06803F082BA08BD38B542
S214028070EAF79CFE044650B1F8F766FF054604F19F
S2140280800C0003F062FA04462846F8F76DFF204615
S21402809038BD37B58379019003440446D86800F0AA
S2140280A03800EAF783FE054628B901A803F02FFA3E
S2140280B0022003B030BD204603F033FAF8F744FF3F
S2140280C00446019905F10C0003F0B1FA2046F8F7D0
S2140280D04BFFE9F763F80020EBE72DE9F041044691
S2140280E01F462502C4F3072305F4E06524F47F4403
S2140280F01D4324F0C704EE1944F080048B7944EA49
S21402810016243602B6B20C333443084601EB030893
S214028110CC501146FFF7BDFF20B94544EF704046EC
S214028120BDE8F0814FF00008F9E7427810B5043256
S214028130044601F00400D2B2002140F0290003F008
S214028140C1FB18B1837922680344DA6010BD10B50A
S2140281500021FFF7EAFF044608B9002010BD0179A6
S214028160FFF797FF0028F8D1A3790C33E018F5E75C
S2140281702DE9F04117461A46036801F004011C0275
S21402818004F4E064C3F307231C4341F029050434D6
S21402819006463B462146284603F0FEFB804650B183
S2140281A0E1B203F0F4F93B462A4641463068BDE8A0
S2140281B0F041FFF792BFBDE8F0812DE9F3410024BC
S2140281C001F004010768064641F0290510682946B1
S2140281D01460019003F0A5F9019803F01DFA390224
S2140281E001F4E061C7F307273943804601220431D0
S2140281F001A803F036FB30B101A803F088F9204647
S21402820002B0BDE8F08143462A4601993068FFF77E
S21402821064FFF5E77047002307B5CDE900336946EA
S2140282208DF802004FF0FF3001F081FE03B05DF8DA
S21402823004FBA0F86E10704701238B4090F8711073
S214028240194380F87110704708B50120F7F7E2FC71
S214028250C0B208BD83790C331844704710B5044683
S214028260A1F1140003F0D8F9201A20EAE07080B2D7
S21402827010BD70B51C460D461646FFF7EFFFA0422E
S21402828007D322463146A5F1140003F058FB01201D
S21402829070BD0020FCE770B506460D4614467AB956
S2140282A00A462046082103F00DFB044690B92A46EA
S2140282B00821292003F006FB044658B9204670BD63
S2140282C0104603F024F9204603F082FA08231D44E0
S2140282D0A371E571A3790C331C442670EEE72DE9F1
S2140282E0F0411646069A074688461D46FFF7D3FF14
S2140282F00446F0B114382A463146069003F01FFBB6
S214028300854217D9069B06A81C7904F0200403F0C0
S214028310FEF874B942460821292003F0D3FA2A4609
S2140283203146069003F00BFB854206D906A803F0F9
S214028330EEF800242046BDE8F081069A93790C33C5
S214028340D418D754F6E711B11439EAF7EDBF1A205C
S214028350704738B5002204460D4602200321FFF777
S2140283609AFF014608B1A0F801502046BDE8384001
S214028370FFF7E9BFF8B504460F4616460521012069
S214028380069A1D46FFF787FF014638B147704680BA
S21402839005712046BDE8F840FFF7D5BFF8BD38B5F1
S2140283A00D46032104460846FFF775FFA0F8015064
S2140283B001462046BDE83840FFF7C5BF73B50546FF
S2140283C0084611466C891A46641ABDF81830A4B2DB
S2140283D09C4228BF1C46079B089E00932346FFF735
S2140283E07EFF014630B12846348002B0BDE87040B8
S2140283F0FFF7A9BF1A2002B070BD012110B50022F6
S21402840004461320FFF747FF014620B12046BDE889
S2140284101040FFF798BF10BDF7B5448905461846C9
S2140284200F461646019303F0F7F8053CA4B28442C1
S21402843003DA011B01A803F03AF90521019803F0BB
S214028440D7F9014628B901A803F061F81A2003B04B
S214028450F0BD83790C33C2181720C8542846A2F8F8
S2140284600170A2F80360EAF75FFFF0E7012110B59A
S214028470002204461920FFF70EFF014620B12046CF
S214028480BDE81040FFF75FBF10BD73B50E46002172
S21402849044890546033CA4B2A342009128BF234662
S2140284A003211B20FFF71BFF014670B1012210F8C3
S2140284B00F3CA0F8016062F3071300F80F3C284651
S2140284C002B0BDE87040FFF73EBF1A2002B070BD92
S2140284D073B50E46002144890546033CA4B2A34266
S2140284E0009128BF234603211D20FFF7F8FE014610
S2140284F038B1A0F80160284602B0BDE87040FFF728
S21402850022BF1A2002B070BD4B88042B07D1836CA1
S21402851008885B8998428CBF0020012070470020A3
S21402852070470020704700F004B80020704700F043
S21402853002B80E2070470020704710B504468069C6
S21402854020B10021EAF72CFE0023A36110BD38B546
S214028550A0224FF4A0730025C0E907230723044690
S21402856080F83130C5818571103002F0D0FF04F1F9
S214028570140002F0CCFF2046FFF7DFFF40F20113A3
S214028580E3857F2384F832302046A5626562BDE823
S2140285903840FEF78FBF07B501228DF807100DF1A0
S2140285A0070103F0CCF903B05DF804FBF7B5054606
S2140285B04FF428500C4600F068FD064600F0FDFA1F
S2140285C0B0B3022C02D8002003B0F0BD002731461B
S2140285D00DF105030DF106023846ADF8067000F0FF
S2140285E033FCBDF80620631E934206461EDC072CAB
S2140285F01AD9023CADF806400824BDF80630002B16
S214028600E1D00133D9B22846FFF7C5FF21462846F6
S214028610FFF7C1FF31462846BDF8062003F08FF962
S214028620BDF806000230CFE7ADF806700924E4E78D
S2140286304FF0FF30C8E702292DE9F34104460D4604
S2140286401746184603D8002002B0BDE8F08100F0B5
S2140286501CFD064600F0B1FA0028F4D04FF00008E0
S21402866031460DF105030DF106024046ADF80680CF
S21402867000F0EAFBBDF80630BDF82020064693421D
S21402868028BF1346AB4228BF2B469DF80500ADF81F
S2140286900630C0B9002BD7D001339AB29542D3D94F
S2140286A0D9B22046FFF777FF39462046FFF773FF19
S2140286B031462046BDF8062003F041F9BDF8060013
S2140286C00230C0B2C0E74046BEE738B50446EAF715
S2140286D0D3FE38B1022905D82046BDE8384000222C
S2140286E0EBF758B8212038BD91F8393073B55B07DF
S2140286F006460C4615462DD40846EAF75BFE6B1E68
S214028700042B16D8032D14D0A379142B24D0A369D6
S2140287107BB90093ADF804308DF80630E8F7F8FE22
S2140287206946EAF7B3FC18B91A25284602B070BDA6
S214028730A061636AE57343F016036362E8F768FEB6
S2140287403046EAF77DFF05460028EED02046FFF7C2
S214028750F4FEEAE70225E8E72125E6E7002337B537
S21402876080F8723040F6FF73A0F86E3083680446D5
S214028770DA040D46C16010D443F480636A46A360EF
S21402878040F203212046CDE9004502F0F5FD002126
S2140287902046EAF705FD03B030BD90F87600EBF709
S2140287A055F9A36823F48053E8E773B56E4604468A
S2140287B04A7930460D460631E8F7F0FE96E80300A1
S2140287C0A4F85010090C11F0800FE06484F85210DF
S2140287D004F1530312D00122184605F11201E8F7FC
S2140287E0DDFE0C352846FFF771FB28B1012229462B
S2140287F004F15A00E8F7D2FE02B070BDB4F8501089
S21402880094F85220C4F8530099809A71E9E71FB58C
S21402881090F87420044602F0010301908DF80830A7
S2140288200BB102F002038DF8093094F87530204639
S2140288308DF80A300391FFF7CBFA4FF4017101AAC3
S214028840204602F099FD2046EAF736FD04B010BD38
S214028850EAF77EBCFFF7F8BC0A460021EBF7EEBF4C
S21402886013220121EBF7EABF826838B5C2F38032E1
S2140288700446B0F86E000D46ECF756F820B9A36829
S2140288801DB143F40053A36038BD23F40053FAE746
S2140288900020704710B5044660B1806C50B1EBF70B
S2140288A01DFCA06C0028FAD12046BDE8104003212A
S2140288B0EAF776BC10BD438907B58B420CD050F858
S2140288C00C2B40F2014192F87020ADF806308DF87C
S2140288D0042001AA02F050FD03B05DF804FB4369D0
S2140288E043F0040343617047436923F00403436182
S2140288F070474069C0F38000704747F23053002249
S2140289000068F7F727B8006802F0D3BC38B54369A9
S21402891004469B070D4603D540F20941FFF7F3FFD5
S214028920EAF71AFD08B1A3691D702046BDE8384073
S21402893040F20941FFF7E1BF07B5027C012A09D0E0
S2140289400122027440F20942914206D040F20A42E3
S21402895091420ED003B05DF804FB4FF4816150F8EB
S2140289600C3B01AA93F870308DF8043002F004FD37
S214028970F0E750F80C3B01AA93F870308DF80430FB
S214028980F4E738B522F000430D46114640F20322C2
S214028990934204461AD0B3F5017F09D240F201226F
S2140289A0934213D040F20222934209D0002038BDEF
S2140289B06FF481621344012BF8D8FFF7BDFFF5E789
S2140289C000F01CF92046FFF74AF9EFE763699B07B8
S2140289D004D540F209412046FFF795FF2846FFF7E7
S2140289E059FFE3E708B500B10068EAF7A9FB08B942
S2140289F0034602E0836C002BF7D0184608BD10B57C
S214028A00044642F62A3000F040FB031B5842584107
S214028A1010BD022806D142F62A330888C31A5842E5
S214028A20584170470020704710B5044642F6293078
S214028A3000F02BFB031B5842584110BD90F8200053
S214028A4000F0010070471FB504466846EBF77AFC53
S214028A501022694604F1210002F0E9F8B0FA80F02B
S214028A60400904B010BD08B5FFF7EDFFB0FA80F07C
S214028A70400908BD70B5044600F1210591B92846A3
S214028A80EBF760FC236893F97500FFF750FD78B1A9
S214028A9020682B46BDE8704010220D2190F9750023
S214028AA0FFF741BD10220021284602F0EAF8E9E766
S214028AB070BD38B50446002390F8202041FA03F032
S214028AC0C50703D442FA03F0C0071ED40133082BAD
S214028AD0F4D101F0010523682A4384F8202093F993
S214028AE07500FFF724FD40B1234653F8200B012200
S214028AF00C2190F97500FFF716FD0DB9002038BD60
S214028B0000212046FFF7B6FFF8E71320F7E768B123
S214028B103F290AD800EBA10090F8310001F00301CA
S214028B204900084100F0030070470020704710B566
S214028B300368044693F97500431C0DD0FFF7F7FC53
S214028B4050B12346BDE8104053F8310B10220B21DA
S214028B5090F97500FFF7E7BC10BD10B590F87430B9
S214028B60DB0706D490F97530013314BF0F200520B9
S214028B7010BD847CFFF750F9844234BF0C200020DD
S214028B80F6E730B5044685B06846EBF7DBFB102106
S214028B90684602F016FF2046EBF7E6FD6B46C26813
S214028BA004AD06321C4603CCAC421060516023462C
S214028BB002F10802F6D105B030BD08B5EBF7D4FDD8
S214028BC008B1EBF7A5FDC0B208BD013810B580B2FA
S214028BD0EBF7CAFD044608B9002010BD408800F035
S214028BE07FFB0028F8D0207BF7E708B5EBF7BCFD43
S214028BF018B1007AC31F5842584108BD70B50546E1
S214028C0055F8213B044693F97500431C04D12846C7
S214028C10BDE87040EBF796BBFFF789FC0028F6D05C
S214028C20234653F8310B10220B2190F97500FFF7FB
S214028C3078FC234653F8200B01220C2190F975008C
S214028C40FFF76FFC20682B46BDE8704010220D210E
S214028C5090F97500FFF765BC01302DE9F04185B249
S214028C6028460E46EBF780FD42F60217044642F609
S214028C7003089CB12046EBF74BFD78B1204600F086
S214028C803EFBB84205D10EB123883380607BBDE837
S214028C90F081204600F033FB404502D14FF0FF3012
S214028CA0F5E70135ADB22846EBF75EFD0446E0E790
S214028CB02DE9F04707460E4690460D4642F6021943
S214028CC042F6030A0135ADB22846EBF74DFD0446DF
S214028CD078B1EBF71DFD60B1204600F010FB484569
S214028CE005D1237A072B04D10320BDE8F08750452F
S214028CF0E8D141463046FFF7AFFF431C014604D099
S214028D003846BDE8F047FFF702BF0020EDE770B532
S214028D10054608461646EBF727FD044608B9012025
S214028D2070BDEBF7F5FC0028F9D0F00713D4B107B5
S214028D3034D4720702D5A3885B0732D516F0060F25
S214028D4031D116F40060EBD0A38813F4006F14BF81
S214028D5000200620E4E7A388DA0743D513F0700F55
S214028D600AD1980610D45806E1D52B6893F97530C7
S214028D700133DCD10820D3E72868FFF7EEFEA3888C
S214028D80990608D50028CBD12A6892F87420920753
S214028D90E9D40520C4E70028C2D1E4E7A3889907EE
S214028DA0C7D40320BCE7A38813F4E06F09D1980563
S214028DB00FD45B05C5D52B6893F975300133C0D146
S214028DC0D8E72868FFF7C9FEA388990507D50028C3
S214028DD0A6D12A6892F874209207EAD4D9E7002826
S214028DE09ED1E6E702209BE738B504460846EBF735
S214028DF0BBFC054608B9012038BDEBF789FC002804
S214028E00F9D0AB8813F4E04F0CD1980412D413F4C3
S214028E108040F1D0236893F97500431C58425841AC
S214028E20C000E9E72068FFF798FEAB88990408D5EA
S214028E300028E1D1226892F874209207E7D4052030
S214028E40DAE70028D8D1E2E72DE9F0474FF000092B
S214028E50044683F800900846A2F800908846164614
S214028E601D46EBF781FC074620B9012300202B7034
S214028E70BDE8F08774B1EBF74BFC0028F5D040460E
S214028E80FFF7D2FD30B1012385F8009004F12000EF
S214028E903380EDE72B46324639462046BDE8F0479A
S214028EA0EBF7DCB92DE9FF41074608468846164629
S214028EB00393EBF759FC044638B903A802F027FBE4
S214028EC00125284604B0BDE8F0811FB1EBF720FC6F
S214028ED00028F2D0237A072B05D8DFE803F01726FE
S214028EE02F381C17172126BB0398002835D1324687
S214028EF0257A022D62D0032D64D0012D3BD0002F9F
S214028F007FD1002503A802F002FBDAE703A802F0ED
S214028F10FEFA0325D5E703A802F0F9FA0625D0E7FC
S214028F2003A802F0F4FA8025CBE7E3685D88B54231
S214028F3009DA03A802F0EBFA0725C2E7E3689A8883
S214028F40B242F6D35D88039840B9024609E0022E83
S214028F50EFDC039868B90246CAE7354602F05CFBC6
S214028F6082B29319AB42C3DD03A802F0D0FA0D25F4
S214028F70A7E70225F2E7E0680630002303993044AB
S214028F8002F0BBFA002FBCD0237A032B39D103A8F8
S214028F9002F0BDFA00212046EBF7A0FB68B3058875
S214028FA0617B3846FFF7B3FD012203462946384661
S214028FB0CDF80080FEF7A7FC002582E7E068B3182C
S214028FC08380D9E7039B9A79D979891AC9B2481E50
S214028FD0012810D8134402291A7B04BF5B7B42EA9D
S214028FE00322237B32EA03038CD101233846617BBA
S214028FF0EBF70AF9C6E70D2584E708F1FF35ADB2AF
S214029000CEE7039B41460093384633463A7FFEF747
S21402901060FCD1E7884270B504460D46164611D864
S214029020012838BF01242046EBF79EFB10B1438887
S214029030B34208D00134A4B22046EBF779FB08B15C
S214029040A542F0D20024204670BD70B50C461646E6
S2140290501D460146B8B1B3B1022C01D0102C12D174
S214029060E0B2EBF7B7FA4FF6FF718842024602D13A
S21402907041F20A1070BD3046FFF7CCFF0028F7D049
S21402908028800020F6E72120F4E7002307B5012216
S214029090ADF80400ADF8063002210DF1060301A872
S2140290A0FFF7D3FFBDF8060003B05DF804FBF8B582
S2140290B00F461646441CA4B22046EBF755FB10B9E1
S2140290C0013CA0B2F8BD00F01AF90546304600F0A1
S2140290D0F2F820B1284600F0EEF80028F0D130462B
S2140290E000F0E2F820B1284600F0DEF80028E7D1CA
S2140290F00134A4B22046EBF71BFB08B1BC42DBD915
S2140291004FF6FF70DEE72DE9F04F9A4687B08B8860
S2140291100D460C88814604A90220ADF81030904610
S214029120EBF758FAAB680090A888AF89059300F071
S214029130BBF838B1102F05D105A8EBF731FA022893
S21402914008BF02274FF6FF7B33E02046009AFFF760
S21402915061FF064680B3AA886988FFF7A8FF04461F
S2140291603046FFF72AFD00B30DF10F03314648469D
S2140291700DF11202FFF768FE9DF80F302BB1A8F82A
S2140291800060184607B0BDE8F08FBDF81220BA425C
S2140291900BD13A460599019301F049FD019B20B98E
S2140291A0A8F80060AAF80040EBE75C4504D001345A
S2140291B0A4B26988A142C8D80A23E2E708B5EBF749
S2140291C0D3FABDE8084000F09AB838B50546084616
S2140291D0EBF7CAFA044610B94FF6FF7038BD0DB960
S2140291E06088FBE7EBF794FA0028F9D1F4E770B54C
S2140291F0044642F60520FFF748FFB0B10021FFF70C
S2140292002BFD054601462046FFF781FC0646102246
S214029210002104F1310001F034FD32462946204691
S214029220BDE870400023EAF7EFBF70BD7FB5044685
S2140292300D4610220021684601F023FD0026AB579A
S2140292405A1C1BD031462046FFF761FC1946002BFC
S214029250B8BFD91C04AA02EBA10100F003025842CF
S21402926000F0030003F0030358BF43425B0002FA18
S21402927003F311F8102C134301F8103C0136402E6C
S214029280DDD16B4604F1310504AE1A4603CAB2427A
S21402929028606960134605F10805F6D1204604B039
S2140292A0BDE87040FFF743BCA0F5205001288CBFF4
S2140292B000200120704742F60303C31A5842584161
S2140292C0704708B5030409D4EBF750F9A0F520500F
S2140292D080B201288CBF0020012008BD0020FCE7D8
S2140292E0020408B507D4EBF741F942F60303C31AA2
S2140292F05842584108BD0020FCE7C00B70470346A1
S214029300B3F902304088002B01DBEBF72FB90020BF
S214029310704708B5FFF7F3FFA0F5205080B201288A
S2140293208CBF0020012008BD13B58B7904460B4480
S2140293301B7B0A4613F0010001910AD01D2B0AD1AD
S21402934001211E20FEF7A7FF01462046FEF7FBFF7F
S214029350012002B010BD01A802F0D9F8F8E74B8848
S214029360052B05D108880E288CBF002001207047E7
S21402937000207047F8B505460F46164604210A2215
S214029380002002F09FFA0246B8B1847905210C3417
S21402939003194FF0060C00209970D87002F804C02A
S2140293A013241C7102245F715870D8719C71284670
S2140293B01E81BDE8F840E8F7F9BEF8BD73B505466C
S2140293C0104601920C4602F027F9042186B2019853
S2140293D002F00EFA024628B901A802F098F81A20FE
S2140293E002B070BD837901900C33C1184C80C6520E
S2140293F021462846E8F7DAFE0020F1E72DE9F0419B
S21402940006468846174604210A22002002F05AFA27
S2140294100246B8B1857900240C3543190521062089
S2140294209970DC7050550120187102205C7098719A
S21402943083F805803046DC711F81E8F7B7FE2046C8
S214029440BDE8F0811A20FBE7002070470020704735
S21402945007B501A8019202F05AF803B05DF804FBC2
S21402946070470020704770474369406CDA1C143816
S214029470B2FBF0F203EBC203CA1D0333B2FBF0F2F7
S214029480B3FBF0F30132023301EBC20100FB03101F
S214029490704738B5446905462146FFF7E5FF6A6C12
S2140294A0E31D143AB3FBF2F3013304EBC304204486
S2140294B038BD73B506460D460024F36B012201A99A
S2140294C028195B699847019B013309D10434736CF0
S2140294D062195B426A401A42EFD0204602B070BD63
S2140294E00024FAE770B505460C46DAF77BFAEB6B12
S2140294F02046DB68BDE87040184770B5002586B088
S21402950004460562E369AB4202D8206A06B070BD23
S214029510666C0522206801A9E36B06FB05005B6901
S214029520984701A800F010FC00F033FC10B1236A43
S214029530013323620135E5E738B50446456C006819
S21402954004F1400305FB0101E06B00F02FFC054629
S2140295502046FFF7D2FF284638BDF0B5054687B04D
S2140295600026EC69013CB44203D80C46204607B0FC
S214029570F0BD01B14C1E6F6C0522286801A9EB6B89
S21402958007FB04005B69984701A800F0DDFB00F0CA
S21402959000FC0028EAD101362146E2E7F0B504468F
S2140295A087B0466C0D4600680522E36B01A906FBF0
S2140295B005005B69984701A800F0C6FB00F0E9FBCE
S2140295C020B101A800F097FB07B0F0BD294620465F
S2140295D0FFF7C3FF676C0646E36B206805225B69EC
S2140295E001A907FB0600984701A800F084FB431C6C
S2140295F0EAD0B54238BF0130E6E72DE9F043D0F8AD
S21402960024804FF6FF7987B004460E46C84514BF3D
S214029610454600250027E369BB4202D807B0BDE8ED
S214029620F083E26B01A92368606CD2F814C00522AD
S21402963000FB0530E04701A800F086FB022806D0B2
S214029640C8450CD1721C29462046FFF775FF013526
S214029650E3690137B5FBF3F203FB1255DBE7294654
S2140296602046FFF79BFFB0F1FF3F14BF024632468B
S2140296700132E8E70368F0B5CC1A436C87B00646B9
S2140296800025B4FBF3F4F36937685A1E706C9542F2
S21402969008D3706C336800FB043007B0BDE8F040B6
S2140296A000F082BB013401A9B4FBF3F203FB1244BF
S2140296B0F36B05225B6900FB0470984701A800F073
S2140296C043FB00F066FB0028E3D10135DBE710B46C
S2140296D023F003049B07436C2244C3F100030A44AD
S2140296E018BF043282EA0104234203D05DF8044B19
S2140296F0FFF7C0BF10465DF8044B70472DE9F041F6
S214029700D0E90A3686B004469E4228D1C36914229E
S214029710456802FB1355284606B0BDE8F08120686E
S21402972001A9676C331AE26BB3FBF7F3D2F8148025
S21402973007FB03000522C04701A800F005FB01282D
S21402974004D0636C1D44013B3340ED1A314620467B
S214029750FFF790FF0646A36AB342E0D1DBE7002597
S214029760F9E7F0B5002587B004462E46E369B34212
S21402977002D8284607B0F0BD636C0522276801A907
S21402978003FB0677E36B38465B69984701A800F04F
S214029790DBFA00F0FEFA58B1384600F005FB014647
S2140297A02046FFF786FE636C143B834208BF0135F2
S2140297B00136DBE708B508301346D1E90012ECF7AC
S2140297C095FE012008BD13B50C46002121760093B4
S2140297D0134661682246EBF713FC18B1E37D03B12A
S2140297E0A07EA075A07D02B010BD73B500F108057D
S2140297F016460C460DF107020968284600F0A1F944
S214029800032E06D16368834203D12168284600F0FE
S2140298107FF9012002B070BDD01E009B4242424139
S214029820187E824211D11A688A420ED85A688A4233
S2140298300BD35A6901325A61D3E9030282423FBF0F
S214029840986840F8221001321A6101207047032AF4
S21402985010B5029C07D1A26A5340626C5242134270
S21402986001D100F055F9012010BD08B5C3680020EB
S2140298709847BDE80840DAF7BFB8012870B514BFAC
S21402988004200220002442431C70CC7D101D02F0EE
S21402989002024CB91AB1012220F003001A7000F13C
S2140298A008034868184470BD1AB1012220F003006C
S2140298B01A700C7E002301F12005DAB2944201D818
S2140298C00020F0E735F833205E1C824206D901EB11
S2140298D0C30300F10802D8691044E4E7801A33464D
S2140298E0EBE773B590F8426005461C460DF103039C
S2140298F03046FFF7C2FFEB6B012E5B690DD1324695
S21402990001A998479DF8033013B1BDF806300193BC
S214029910BDF80430236002B070BD0122214602B0B9
S214029920BDE870401847F0B50546002487B0486881
S214029930EB6B27460E4601225B6902A908300294A9
S214029940984795F84230012B40F08480632C02D968
S214029950029807B0F0BD612C08D805AB2246314606
S2140299602846FFF7BEFF9DF814301BB305AB224610
S214029970314628468DF81070FFF7B3FF95F842304F
S214029980012B059B55D14FF6FF72934200F096804D
S214029990082205A904A800F05EF9059B9DF81010A0
S2140299A0C3F30722914240F08980DBB2029A1A443E
S2140299B0029283E095F84230012B30D103AB224667
S2140299C031462846FFF78DFF04AB621C3146284617
S2140299D0FFF787FF05ABA21C31462846FFF781FF3B
S2140299E0102208230DF107000DEB02018DF8073057
S2140299F000F031F9102205A90DF1070000F02BF94D
S214029A00039BDAB2002A52D19DF80720B2EB132F3D
S214029A104DD1DDE9043203EB0243029347E0302CDA
S214029A202BD944E09DF80720B2EB134F3FD1049B9D
S214029A30F3E7013342D0102205A90DEB020000F035
S214029A400AF9059B9DF81010C3F30742914235D1DF
S214029A509BB2ABE7312C3FF67BAF87D005AB2246F5
S214029A6031462846FFF73DFFBDF81430002B7FF441
S214029A707DAF95F84230012BA0D003AB224631468B
S214029A802846FFF72EFF04AB621C31462846FFF736
S214029A9028FF102320220DF107000DEB03018DF89D
S214029AA0073000F0D8F8039B9AB2002ABAD095F88D
S214029AB04230012B14BF012302231C44013440E729
S214029AC013B500240194049C0094EBF72DFE02B01B
S214029AD010BD13B501240194049C0094EBF724FEF8
S214029AE002B010BD30B5002344684FF0FF329C42EE
S214029AF002D10023037230BD016801EBC30541F8B1
S214029B00332001336A60F2E7C0E90012FFF7EABFCA
S214029B10F0B5002345689D4210D00468DF0054F873
S214029B20332004EBC306B2F1FF3F08D0C2F31302A0
S214029B30914204D14FF0FF33E3517360F0BD01331D
S214029B40E9E7F0B5002345689D4202D14FF0FF30A9
S214029B500EE00468DE0054F83340671C09D0C4F3F4
S214029B601307B94205D1240D1470036833445868AC
S214029B70F0BD0133E8E713B50023044601461B2275
S214029B800DF107008DF8073000F065F822689DF8A1
S214029B900730B3EBD26F0CBF0120002002B010BD1D
S214029BA013B500230446014620220DF107008DF866
S214029BB0073000F050F80DF107001A22211D00F0C0
S214029BC04AF862689DF80730B3EB926F0CBF01202B
S214029BD0002002B010BD0068431C5842584170472E
S214029BE0006810F07E0F0CBFC0F3C1600020704703
S214029BF00068C0F3D3107047006800F07F000128A9
S214029C008CBF002001207047036813F07E0F14BF3C
S214029C10042008207047036813F07E0F03D14068C3
S214029C2020F07C40704713F078001CBF03F07F03DF
S214029C30D81F7047006800F07F007047032809D0DD
S214029C40022803D1C1F10201C8B2704700290CBF35
S214029C500720002070471F2A0B689EBF4FF0FF3177
S214029C6091408B43590801F055315B1A03F03331AA
S214029C709B0803F033330B44017803EB13130A44B7
S214029C804FF0013103F00F334B43A2EB1362027025
S214029C90704737B501F10C0405464369694601224F
S214029CA020469847BDF80030012201A901932046BC
S214029CB0AB69984703B030BD37B501F10C04436970
S214029CC001226946054620469847009B4FF6FF72DA
S214029CD099B291420DD11B0C012201A920461B0408
S214029CE043F4254343F0A5030193AB69984703B0B9
S214029CF030BD0020FBE737B5044600251B22011DB8
S214029D000DF107008DF80750FFF7A5FF60689DF874
S214029D100720B2EBD06F03D120F0784003B030BDFD
S214029D200DF107001B2204F108018DF80750FFF71A
S214029D3092FFA0689DF80730B3EBD06F01D1C04305
S214029D40EAE74FF0FF30E9E703684BF29A22B2EBFC
S214029D50134F10B5044613D19BB2012B13D1FFF754
S214029D60CAFF01300CD0E0684FF6FF72B2EB104F1C
S214029D704FEA104309D180B2C01A18BF012010BDA5
S214029D802368013303D00420F9E70220F7E7032013
S214029D90F5E701288CBF0020012070470338012810
S214029DA08CBF002001207047143070472DE9F04127
S214029DB005469846036908460E46174698470446DF
S214029DC038B943463A4631462846ECF76BFC044619
S214029DD018B131462846FFF75CFF2046BDE8F08101
S214029DE0022070470020704701207047002070470D
S214029DF000207047704737B504460D4601A8EEF7B7
S214029E0077FC01A8FFF7F6FF204601A98DF8065059
S214029E10ECF742FD03B030BD08461146ECF71ABE19
S214029E207047431E012B03D9031F584258417047FF
S214029E3001207047EFF7AABC4FF4C472002100F06D
S214029E4020BF10B50446002100F085F82046BDE884
S214029E501040EEF78BBBEDF729BFEDF72DBFF8B537
S214029E6005460E46ECF7BEFDD5F8C03073B15B6909
S214029E7063B1F0F7A3FBD5F8C03040F26B125B6912
S214029E8042211B1A58425841ECF78CFF00224FF62B
S214029E90FF734FF0240CF768D0B2B84208D31C46C2
S214029EA021462846ECF726FFEFF7EAFC2046F8BDE7
S214029EB0B1680CFB0011CC899C4202D2002CEFD078
S214029EC023460132E8E7ECF715BF008B70470A78A5
S214029ED038B505461046FFF7A4FF60B14C78204619
S214029EE0FFF79FFF38B12243530704D42846BDE844
S214029EF03840EDF701BF012038BDFFF7E8BF10B5C7
S214029F0004460878FFF78DFF58B14A781046FFF7E7
S214029F1088FF30B1042A04D02046BDE81040EDF791
S214029F2021BF012010BDFFF7EABFEDF72DBC0846A2
S214029F30EFF786B8EDF7A8BD70B504460D4616468F
S214029F40ECF7D8FE30B9324629462046BDE87040C6
S214029F50F2F700BA70BDEEF779BDF1F70DBD38B570
S214029F6004460D4600F07EFAEFF746FCD4F8D430ED
S214029F702BB929462046BDE83840EDF7BFBF022080
S214029F8038BD38B5044648880D46EFF735FCD4F898
S214029F90D4302BB929462046BDE83840EDF718BF25
S214029FA0022038BDEFF736BC00F07FB900F00FBBD9
S214029FB038B505460C46F6F7B1FF2B6B1C40EB6A2C
S214029FC02343EB62F6F7B6FF211E18BF01210020DD
S214029FD0490238BDEEF774BAEDF7DEBC00F0B3B94D
S214029FE000F0D5B908461146EFF702BBEEF7BAB84D
S214029FF000F06FB938B50446154609B100F0E7F926
S21402A00025B12046BDE83840EEF7A4B938BD00F0C9
S21402A010ECB900F0F6B90846EFF7BCBE10B5044638
S21402A02000F08BF820B92046BDE81040ECF796BF4A
S21402A03010BD00F0D0BAF0F765B92DE9FF41984699
S21402A04004460E461746F6F77FFF05462046FFF7FC
S21402A050E5FF0A9B3A46029300233146CDE9008388
S21402A0602046ECF7C9FF04462846F6F77DFF204651
S21402A07004B0BDE8F08138B50446F6F765FF05463C
S21402A0802046FFF7CBFF2046ECF794FF044628460F
S21402A090F6F76AFFB4FA84F0400938BD38B50446CC
S21402A0A0F6F752FF05462046FFF7B8FF204600F0B7
S21402A0B053F804462846F6F757FF204638BD38B50B
S21402A0C00446F6F741FF05462046FFF7A7FF20465F
S21402A0D000F048F804462846F6F746FF204638BD04
S21402A0E070B504460E46F6F72FFF05462046FFF7E4
S21402A0F095FF31462046ECF7CDFF04462846F6F794
S21402A10033FF204670BD134607B500228DF80710B0
S21402A1100DF10700194600F021FA03B05DF804FBC2
S21402A120084611461A4600F019BA00207047012068
S21402A1307047EEF7C1BE00F0BAB9ECF749BE10B5EB
S21402A140F6F702FF044600F015F8ECF767FE204625
S21402A150BDE81040F6F708BF024608B5ECF738FE31
S21402A160507D08BD024608B5ECF732FE507D80F001
S21402A170010008BD00F02FBAEDF720BD00F06BB865
S21402A180437C03B108470220704710B50446EEF739
S21402A190FBFD2046BDE810400321EDF74FBBFFF75D
S21402A1A0F4BF437C0BB1EEF7B5BD02207047437C8B
S21402A1B00BB1EEF7D3BD0220704738B5447C0D468E
S21402A1C0BCB1053C012C8CBF002401244968224600
S21402A1D0EEF714FE286890FAA0F0000AF0F70EFCDC
S21402A1E0A97A2889224681F00101EEF737FE00207F
S21402A1F038BD0220FCE71FB5ADF808309DF81830D0
S21402A200CDE9001269468DF80A30FFF7D6FF05B091
S21402A2105DF804FB002070470020704702210120F1
S21402A220EDF754B87047436B03F06003402B0DD034
S21402A230602B03D0203B58425841704749B10B6807
S21402A240012B06D9486940F00100704740F2011020
S21402A2507047002070470220EFF7CEBFD0F8C83014
S21402A2604BB11A68022A06D993F8250028B11B6A50
S21402A270B3FBF0F07047FFF7EEBD7047D0F8C8208A
S21402A2807AB11368022B0CD9536A13F47F4FC3F3C7
S21402A290072106D0126ADBB253438B42B3FBF1F2BC
S21402A2A001D2FFF7DABD104670470346D0F8040124
S21402A2B00860B3F8083100208B80704790F80431AC
S21402A2C00E2B14BF807DFF2070474FF48071F2F78B
S21402A2D0E1BFF8B507460E468D88EDF7F3FC7F7CA6
S21402A2E00446082F737C4FEAC5051ED1012B014692
S21402A2F004D80120F1F792FC033502E00020F1F7C2
S21402A3008DFC03230544B371DCB1B5F5803F18D844
S21402A3104FF22442630902FB05332409B3FBF4F32C
S21402A32000203268D21A3260F8BD053FFFB2012F14
S21402A33001468CBF00200120F1F770FC012FE0D807
S21402A340DAE70220F0E7084610B510F003041146DB
S21402A3501BD13F2B15D9B3FA83F3C3F11902D2B23C
S21402A360062A01D8192B0ED0062A28BF0622012457
S21402A370931DDBB29C40A4B2A14228BF2146EEF751
S21402A380C3FE204610BD2246F1E70024F9E7084640
S21402A39011F0030110B518D113883F2B15D9B3FA63
S21402A3A083F3C3F11904E4B2062C01D8192B03D0A7
S21402A3B0062C214628BF062101238C1DE4B2A340A9
S21402A3C01380EEF7BFFE002010BD0120FCE7EDF77C
S21402A3D031B910B5144608460121F0F7B5F9204602
S21402A3E0BDE810400121F0F7AFB910B50A011021FF
S21402A3F0F2F73CFF0446F2F757FF201E18BF012073
S21402A40010BD1021F2F746BFF8B504460E461746B1
S21402A410F6F784FD3A4605463146204600F079F9BD
S21402A42004462846F6F786FD2046F8BD0220704709
S21402A43003207047EFF7D8BE10B5EEF7DFF90446F3
S21402A44008B9F1F779FF204610BD38B504461D4617
S21402A450EEF7D4F928B929462046BDE83840F2F787
S21402A4603FB838BD40F2366070478021F2F712BF1F
S21402A47038B50546EDF7FCF904462846EDF7D6F959
S21402A480072811D1D5F8C43024F47F41DB6921F0C6
S21402A490080103B15B7841EA032141F02001284616
S21402A4A0BDE83840EDF7EAB924F02001F7E7EEF709
S21402A4B003BD38B5054610460C46EEF771FD65B18C
S21402A4C0D5F8C4304BB15B693BB12268013204BF98
S21402A4D06FF00102226022681A60002038BD002058
S21402A4E070472DE9F74F01251C469DF83030064689
S21402A4F001930368174603F0070306339D4005F1F0
S21402A500FF380B46A1B1416804EA080BA5EB0B0A1B
S21402A51041F00059524509EB0B0114D95246184630
S21402A52000F0C8FB49467A1B5A44504400F0C2FB6E
S21402A530019B2BB13C4448EA050804EA0804F4608F
S21402A54003B0BDE8F08F1846F0E737B5002514468D
S21402A5500095FFF7C6FF204603B030BD70B50E4625
S21402A5601546044608B9002070BD0378042B18D09F
S21402A5702078EFF7CDF9B0B923780E2BF3D10EB1D0
S21402A580FF233370CDB1FF232B7016E02078013005
S21402A590C0B203282070EBD8EFF7BAF90028F5D03E
S21402A5A0E6E70020F5E71EB12078EFF7E5F9307010
S21402A5B01DB1207800F003F828700120D4E710F0CF
S21402A5C0FD0F14BF4FF0FF300020C0B27047704737
S21402A5D000200021704708B5EFF724FEBDE80840CA
S21402A5E0EFF75EBE08B5EFF735FEBDE80840EFF7B9
S21402A5F057BE10B50446EFF715FE844288BF01F138
S21402A600FF312046BDE8104001F00301EFF748BED7
S21402A61038B50446FFF7DFFF0546FFF7DCFF431BAE
S21402A620A342FAD338BD08B521B1920000F042FB2E
S21402A630002008BD0120FCE70B0CB3F5384FF7B538
S21402A64006460D468FB216D04BF60102934214D040
S21402A6504BF60202934212D0B3F5304F14BF0424D5
S21402A6600324D6F8C4300BB1196851B9D6F8C030F5
S21402A6709BB928680FE00024F3E70124F1E70224DF
S21402A680EFE7234668463A46EFF762FE9DF8043047
S21402A6900098002BEAD103B0F0BD19680029E8D073
S21402A6A0234668463A46EFF753FE9DF80430009874
S21402A6B0002BDED1EFE700F03003202B10B513D1CC
S21402A6C010F4E02FC0F302440AD0C0F3C423B3FB55
S21402A6D0F4F410F4C01F18BF6400052C0ED86408EA
S21402A6E0F0F7FEF8604310BD6FF01204C0F3821359
S21402A6F01C4104F00104C4F10204F1E70424EFE76C
S21402A7004FF0384359699A6903F500530A405A6173
S21402A7107047F7B505460F4668461146F0F7D6F974
S21402A720064698B197B1DDE900311B0A43EA016398
S21402A730A5FB0343090A05FB0135EFF73FFF00239C
S21402A740024629462046F3F76DFA3860304603B0D3
S21402A750F0BD00EB8023C0EB831353FA81F303EBC7
S21402A7608322C3EB8213C1F30722134403EB832233
S21402A770C3EB8213C1F30742134403EB8322C3EBFA
S21402A780821303EB1160704738B50D46144604B9C0
S21402A79038BD55F8041BFFF7DCFF013CF7E72DE94F
S21402A7A0F0470C4669B1CB1CB3F5002F09D24FF027
S21402A7B0000844F6FC7654F828104FEA88094B1C29
S21402A7C001D1BDE8F087FFF7C4FFC1F30263032B94
S21402A7D0844608F10107C1F3074514D18BB2F31A78
S21402A7E0B5EB930F4FEA930A0DD909F104015246CD
S21402A7F02144FFF7C9FF844608F10208013D08EB31
S21402A8000A07A5EB0A052A46604604EB8701FFF70E
S21402A810BBFF07EB0508CEE7F8B50446002850D084
S21402A82000F11703B3F5002F05464AD2F0F78EFD66
S21402A830217D00EB8023C0EB83130B44A28A03EB3B
S21402A8408321C3EB811303EB122304F1100618468F
S21402A8502968FFF77EFF2A7803469AB9696861B1CC
S21402A860CA1CB2F5002F08D26A7852000132FFF7EE
S21402A8708BFF03460835B542E9D12069C31A584210
S21402A8805841F8BD012AF8D168680028F5D0421C64
S21402A890B2F5002FF1D2E978AA78891A0131002997
S21402A8A0E8D030F8027B03EB8322C3EB821353FA21
S21402A8B087F303EB8322C3EB821303EB17230139DF
S21402A8C0EDE70020DDE703207047704730B14FF414
S21402A8D07A735843A0F57A60F1F794B849F6404087
S21402A8E0FAE7F2F745B8F2F743B8F2F741B8F2F7EB
S21402A8F03FB8F2F73DB800228A4202D14FF0FF304D
S21402A900704750F8223093FAA3F30BB90132F3E7FB
S21402A910B3FA83F000EB421070470020704770B520
S21402A920A1FB02543CB92946F3F758FB064628B960
S21402A9300026304670BD0C220260F9E72A46214600
S21402A94000F09FF9F5E72DE9F04F85B00C469046EA
S21402A950194657EC106B002F3B46DDE90E9BBCBF39
S21402A96007F1004332462BF0200AAFBF00231F46F2
S21402A97016462D23BAF1460F0B7005D0BAF1450FD5
S21402A98000D10134022100E0032103AB22460193E9
S21402A99002AB47EC106B00934B46D5F73DFDBBF17F
S21402A9A0670F054619D118F0010F0ED005EB040803
S21402A9B00022002330463946F3F7E2F808B1CDF814
S21402A9C00C803022039B434521D3039B2846109AD2
S21402A9D05B1B136005B0BDE8F08FBBF1470FE2D0FA
S21402A9E0BAF1460F00EB0408E2D10378302B0AD105
S21402A9F00022002330463946F3F7C2F818B9C4F1EC
S21402AA000104C9F80040D9F800309844D0E7591C30
S21402AA1003911A70D6E7F7B500290270BABF494209
S21402AA202D232B230929437028DD0DF107030A275E
S21402AA301D461A46013BB1FBF7F607FB16143034E7
S21402AA4002F8014C0C463146632CF2DC3031941E7F
S21402AA5003F8011C411C2346AB420AD30DF109033D
S21402AA609B1AAC4288BF002302330344181A03B071
S21402AA70F0BD13F8016B01F8016FEDE730233031BA
S21402AA808370031DC170F1E72DE9F047164698461C
S21402AA908A6807460B690C46DDF820909342B8BFD9
S21402AAA01346336091F843200AB1013333602368BA
S21402AAB0990642BF336802333360256815F00605EF
S21402AAC006D104F1190AE36832689B1AAB422BDC02
S21402AAD094F843302268003B18BF0123920630D414
S21402AAE004F1430241463846C847013023D0236862
S21402AAF01A3454F80A2C03F00603042B0ABF54F83F
S21402AB000E5C002533684FF0000608BFED1A54F8B5
S21402AB10123C08BF25EAE5759342C4BF9B1AED189E
S21402AB20B5421AD1002008E0012352464146384673
S21402AB30C847013003D14FF0FF30BDE8F08701353A
S21402AB40C1E7E1185A1C30200233224481F8430040
S21402AB5094F8451082F84310C2E701232246414684
S21402AB603846C8470130E6D00136D9E72DE9F84322
S21402AB700746884614460026D4E90195B9F101092C
S21402AB8005D52468002CF7D13046BDE8F883AB899A
S21402AB90012B07D9B5F90E30013303D029463846C2
S21402ABA0C04706436835E9E710B50C46B1F90E1002
S21402ABB0F3F780FF0028ABBF636DA3891B1823F44D
S21402ABC08053ACBF6365A38110BD2DE9F0411F46DB
S21402ABD08B8905460C46DB05164605D50223002260
S21402ABE0B1F90E10F3F754FFA3893246B4F90E10EA
S21402ABF0284623F48053A3813B46BDE8F041F3F791
S21402AC007BBF10B50C46B1F90E10F3F741FF431C9B
S21402AC10A38915BF606523F4805343F48053A38150
S21402AC2018BFA38110BDB1F90E10F3F721BF013989
S21402AC30024410B5904201D1002005E0037811F8D5
S21402AC40014FA34201D0181B10BD0130F2E7884223
S21402AC5010B501EB020402D98442234607D8431EEC
S21402AC60A14208D011F8012B03F8012FF8E702449D
S21402AC7001468A4200D110BD13F8014D02F8014D7B
S21402AC80F7E702440346934200D1704703F8011BDC
S21402AC90F9E7704770477047C9B20346024410B5D9
S21402ACA09342184601D1002003E0047801338C4217
S21402ACB0F6D110BD0A44431E914200D1704710B52A
S21402ACC011F8014B914203F8014FF9D110BD03462A
S21402ACD013F8012B002AFBD1181A013870472DE908
S21402ACE0F74F036907460C69A342C0F28380013C12
S21402ACF000F1140501F11408A30055F8242008EB0E
S21402AD008409009305EB8403019358F82430013339
S21402AD109A42B2FBF3F631D34FF0000AC446AE466F
S21402AD20D3465CF8043B98B2E1454FEA134306FB70
S21402AD3000A04FEA104280B206FB0323DEF8002092
S21402AD4092B24FEA134AA2EB00029BB2DEF8000070
S21402AD505A44C3EB224392B203EB104342EA034245
S21402AD604FEA234B4EF8042BDBD2009BEB582BB951
S21402AD70019B043B9D421A4630D33C61384600F0A4
S21402AD808AF8002826DB2946002058F8042BD1F83A
S21402AD9000C01FFA82FEC1451FFA8CF34FEA124228
S21402ADA0A3EB0E030344C2EB23429BB202EB1C420C
S21402ADB043EA02434FEA224041F8043BE5D255F803
S21402ADC0242005EB840322B9043B9D421A460BD38A
S21402ADD03C610136304603B0BDE8F08F1268043B92
S21402ADE0002ACAD1013CC5E71268043B002AEFD10B
S21402ADF0013CEAE70020EEE7B0F5803F034636BFA7
S21402AE00030400201020B3F1807F3CBF1B020830F1
S21402AE10B3F1805F3CBF1B010430B3F1804F03D314
S21402AE20002B0ADB013070479B0001D502307047C9
S21402AE305B0001D503307047202070470368024646
S21402AE4013F007000BD0D90721D4980747BF5B0839
S21402AE5001209B0802204CBF13601360704799B212
S21402AE6009B91B0C1020D9B209B908301B0A1907F8
S21402AE7004BF1B090430990704BF9B080230D90798
S21402AE8003D45B0800F1010003D013607047002072
S21402AE9070472020704703460A690069801A30B559
S21402AEA00ED11433143103EB820401EB820154F801
S21402AEB0045D51F8042D954203D005D24FF0FF30C1
S21402AEC030BDA342F3D3FBE70120F9E79368013BC9
S21402AED0002B936010B408DA9469A34201DB0A29B6
S21402AEE003D15DF8044B00F026B91368581C1060B5
S21402AEF0084619705DF8044B7047F8B506460F46CB
S21402AF001446D518AC4201D1002007E03A4614F8A0
S21402AF10011B3046FFF7DAFF431CF3D1F8BDB1F947
S21402AF200C202DE9F041170705460C4656D44B680F
S21402AF30002B02DC0B6C002B3DDDE66A002E3AD0BD
S21402AF40002312F480522F68216A2B6025D0626D8E
S21402AF50A389580705D56368D21A636B0BB1236CB5
S21402AF60D21A216A0023E66A2846B047411C24D03A
S21402AF700023636023692360A389DA0400D5606531
S21402AF80616B2F60B9B104F14403994202D028469E
S21402AF90F3F7E8FD002363630DE001232846B0477C
S21402AFA0461C0246D4D12B68002BD1D01D2B01D0D3
S21402AFB0162B2AD12F6000202EE02A68B4F90C3016
S21402AFC042B11D2A01D0162A21D1002363602369CB
S21402AFD02360D5E7626022692260CEE70F69002F00
S21402AFE0E9D093070E680F600CBF4B690023A6EBEF
S21402AFF007088B60B8F1000FDDDD43463A46216A4A
S21402B0002846A66AB047002808DCB4F90C3043F09C
S21402B01040034FF0FF30A381BDE8F0810744A8EB60
S21402B0200008E7E738B50B6905460C4613B9002554
S21402B030284638BD18B1036A0BB9F3F73FFCB4F9DA
S21402B0400C30002BF3D0626ED00704D4990502D4DC
S21402B050A06DFFF71FFE28462146FFF760FF636ECE
S21402B0600546DA07E4D4A3899B05E1D4A06DFFF771
S21402B07012FEDDE770B50C46B1F90E1096B0154615
S21402B08000291E460CDAA389002113F0800F14BF94
S21402B09040234FF48063002031602B6016B070BDF1
S21402B0A06A46F4F737FA0028EDDB019901F470419D
S21402B0B0A1F50053594259414FF48063EBE78B895F
S21402B0C0F7B59D0706460C4607D504F147032360ED
S21402B0D023610123636103B0F0BD01AB6A46FFF74B
S21402B0E0C9FF009F054630463946F2F777FF48B952
S21402B0F0B4F90C309A05EED423F0030343F00203AE
S21402B100A381E2E7A389206043F08003A381019B29
S21402B110C4E904075BB1B4F90E103046F4F70CFA32
S21402B12028B1A38923F0030343F00103A381A38973
S21402B1301D43A581CFE7F8B50E461446054618B15D
S21402B140036A0BB9F3F7BAFBA369A360A3891A07CC
S21402B15001D5236943B921462846F4F785F918B183
S21402B1604FF0FF373846F8BD2368F6B222693746F5
S21402B170981A6369834205DC21462846FFF752FF88
S21402B1800028EDD1A368013BA36023685A1C226005
S21402B1901E70431C62699A4204D0A389DB07E1D57C
S21402B1A00A2EDFD121462846FFF73CFF0028D9D0D9
S21402B1B0D6E782B001B901A942B14BB113780B6050
S21402B1C01278101E18BF012002B070471046FBE727
S21402B1D06FF00100F8E70346084641B1FF2A04D99A
S21402B1E08A224FF0FF301A60704701200A707047BB
S21402B1F0062008B5F4F7E0F90120F7F78EFA1F29C2
S21402B20038B505460C4604D9162303604FF0FF30C6
S21402B21038BDC26B12B152F821304BB9284600F045
S21402B22016F8224601462846BDE83840F4F7CCB95F
S21402B230012B0AD0591C03D1162303600120E7E72D
S21402B2400021204642F8241098470020E0E7F7F74E
S21402B25073BA430803F05533C01A00F0333380083C
S21402B26000F0333018444FF0013300EB101000F0BA
S21402B2700F305843000E704710B5044678B1036A83
S21402B28041696BB1806898470023207E636110286D
S21402B290636004D82146F4F7A5FC1123237610BD7B
S21402B2A00029F1D08368002BEEDB0846F4F78AFE0D
S21402B2B0EAE7002307B51A46019101A9F4F7D8FA7E
S21402B2C003B05DF804FB1FB5002402949DF81C40F1
S21402B2D00194069C0094F4F751FA04B010BD13B51D
S21402B2E007240194049C0094FFF7EDFF02B010BD02
S21402B2F0002307B50093FFF7F2FF03B05DF804FBE7
S21402B30003680B60016070472DE9F0410E46174650
S21402B31000240546006808B9BDE8F081D0E900833C
S21402B320B3420BD18368BB4208D154B9C5F800803A
S21402B330C368DB0701D5F4F745FE204604464046BF
S21402B340E9E7C4F80080F3E7D1E90112FFF7DCBFB2
S21402B350002370B51A46194605460468F4F788FABB
S21402B3600CB92C6070BDE3682668DB0702D5204660
S21402B370F4F728FE3446F3E72DE9F8430E4617465F
S21402B380054610B90020BDE8F8830468002CF9D001
S21402B390D4E900893B4632462946A068C8470028B9
S21402B3A0F1D14446F2E72420704738B505461446E4
S21402B3B00A460021FFF765FC24F01C046B7944F072
S21402B3C0100443F004032C716B7138BD2DE9F74F5E
S21402B3D01F469DF830308A4680460093002850D09B
S21402B3E0002967D00C68002C66D04FF0000BE67977
S21402B3F0A179761AF6B2BE4208D30C31394408EB6C
S21402B400020945462144F61BC84537E02068A34694
S21402B410BF1B002835D00446E9E7AB19994538BF6B
S21402B420A9EB050632462846FFF744FC009B002B94
S21402B4303DD0E279A079F3B237BB1844A071E27925
S21402B440A37927689A4232D1DAF80030A34208BFBD
S21402B450CAF80070BBF1000F01D0CBF8007020468E
S21402B460F4F722FC3C4635444CB10027A379E67932
S21402B47003F10C01F61A2144F6B24D45CDD3A5EBE5
S21402B480080003B0BDE8F08F121AD2B2F918914242
S21402B49009DA0C302044D21BD21A014438440193F4
S21402B4A0FFF7D5FB019BE279D31AE371C7E7A34600
S21402B4B02468D8E70846E4E72046E2E710B5C479F0
S21402B4C00246C4F14503D8B2884228BF084604445F
S21402B4D0D47110BD38B50546C079C0F14504E4B252
S21402B4E0944288BFD4B20C3022462844FFF7E2FBCF
S21402B4F0EB7920462344EB7138BD1FB5039100213A
S21402B500009103A9FFF762FF05B05DF804FB38B5AA
S21402B5100446206800B938BD0568F4F7C5FB256007
S21402B520F7E7034610B501F0EC0103B910BD1A792E
S21402B53002F013020A431A711A1A544254415A79F3
S21402B54064F300025A711B68EFE710B558B1016840
S21402B55002685AB1136823B15C79E40704D5002463
S21402B56014600360084610BD0360F1E71346F8E76F
S21402B570034658B10020DA7999791B68521A50FAB4
S21402B58082F01BB15A79D207F5D57047704770B56D
S21402B5900D460446E8B186798E4203D3751A857144
S21402B5A0012070BDC27906F145039B1ADBB29942AF
S21402B5B00FD806F10C010144921BA81BD2B2084414
S21402B5C0FFF745FB0023A371E3791D44AD1BE5712C
S21402B5D0E6E70020E5E710B50C4698B191B1897907
S21402B5E0E279C379521AC3F14503D2B2DBB293426F
S21402B5F008D30C312144FFF76DFF2046F4F754FBC5
S21402B600012010BD0020FCE70346006818B102685E
S21402B6101A600023036070470346002003B9704790
S21402B620DA7999791B68521A50FA82F0F6E70368BB
S21402B6300BB9016070471A461B68002BFBD11160DC
S21402B6407047036803B10B600160704739B10B465F
S21402B6501A461B68002BFBD1036813600160704713
S21402B66070B5046806460D4644B12046FFF7D4FF7F
S21402B670A84211D8236813B9E379A37170BD204696
S21402B6803360F4F711FB3468F4E7ED1A23682046BA
S21402B6903360F4F709FB3468002DEFD0A279E37922
S21402B6A09B1ADBB2AB42F0D92A44A271E6E7F8B5A0
S21402B6B0066805460C4646B13046FFF7ADFFA04287
S21402B6C01DD8336813B9F379B371F8BD30462B60D1
S21402B6D0F4F7EAFA2E68F4E7064638460768002FBB
S21402B6E0FAD1C2798379D31ADBB2A34202D9121BEA
S21402B6F0C271EAE7E41AF4F7D7FA3EB13760002CD3
S21402B700E3D028680028E0D00026E7E72E60F6E7B8
S21402B710F8B504460F46BC4200D1F8BDA179E579DA
S21402B7206D1AEDB2C5F14506B6B20EB92468F2E757
S21402B73049B10C312A46214404F10C00FFF787FA7E
S21402B7400023E571A3712368BB42EFD05A79D20772
S21402B750ECD49979DD79A0796D1AEDB2B54228BF9D
S21402B7603546E2790C3010440C312A4619442044FE
S21402B770FFF7A0FAE379206853FA85F3E371837939
S21402B780761B53FA85F5C379EDB2AB42B6B2857134
S21402B79003D103682360F4F787FA002ED3D1C5E7F6
S21402B7A038B50C46016809B9046038BD0D4609680B
S21402B7B00029FBD1236823B12046FFF7A9FF2C609E
S21402B7C0F3E721462846FFF706FF0028EDD1F6E705
S21402B7D048B10023027943600360836043790271B3
S21402B7E043F004034371704700221146F4F7B8BAD7
S21402B7F038B504460D46FFF7CAFE98B984B12079DB
S21402B800FFF7F2FF58B163794279C3F3400363F35B
S21402B810410245235D1B04604271C371857138BDC8
S21402B8200120EDE72046FAE738B5036804460D46E0
S21402B8309BB11879FFF7D8FF88B123684279036075
S21402B8405B79C3F3400363F3410245235D1B4271F8
S21402B850C37185712060002038BD0120EAE71920F7
S21402B860FAE738B50C46054640B3006830B309B966
S21402B870002038BD4AB9C9B2FFF789FE0028F7D1C1
S21402B8802B689A799871A41A06E0452918D8C9B285
S21402B890FFF77DFE0028EBD1442C07D8002CE7D01A
S21402B8A02846E1B2BDE83840FFF7BEBF452128462C
S21402B8B0FFF7BAFF0028DCD1453CEDE72220D8E7A7
S21402B8C02120D6E75318452B02DCC9B2F4F748BA52
S21402B8D000207047F7B5002605460F4601960DB9BB
S21402B8E0019C09E0002238461146F4F739FA04466C
S21402B8F028B901A8FFF70BFE204603B0F0BDAB79CE
S21402B9008371EA79C27168796179D21A60F30001AB
S21402B910617169796079C1F3400161F34100607138
S21402B92003F10C002918D2B22044FFF7C3F9019B99
S21402B93003B9019406B1346026462D68CFE72DE997
S21402B940F8430D461446064610B319B3DAB1034659
S21402B95099461B68002BFBD12746C8463A4629461D
S21402B9604046FFF7B7FDC145A7EB0007054418BFE1
S21402B970C9F8008037B10022B1793079F4F7F0F9CE
S21402B980C14618B9E41B2046BDE8F8838046E5E7C1
S21402B9900446F8E70C46F6E737B51546C9B2002264
S21402B9A01C46F4F7DDF9019040B122462946FFF71E
S21402B9B0C6FF844202D901A8FFF7A9FD019803B089
S21402B9C030BD034610B501391A1A914200D810BD8F
S21402B9D0445C1A7803F8014B42540139F4E7002319
S21402B9E00144884200D1704700F8013BF9E738B5B8
S21402B9F005460C4604B938BD013C55F834305B6840
S21402BA00002BF7D09847F5E72DE9F04104460026CB
S21402BA1054F836302BB904F10408B34203D100259A
S21402BA200FE00136F4E754F833205F1C12685AB16F
S21402BA3058F833009047054630B139462046FFF79E
S21402BA40D6FF2846BDE8F0813B46E6E770477047DA
S21402BA50704770477047F4F797BA38B50446FBF755
S21402BA6041FC054658B9C820E4F7A4FFC8220221C3
S21402BA702846E4F75FFF8442A8BF044624B2204665
S21402BA80E4F798FFFBF72EFCBDE83840C8220221F7
S21402BA90E4F750BFB0F90020B1F900302DE9F047C5
S21402BAA09A4204460D4648DCF5F74EFA8046E1F720
S21402BAB08FF800283ED1E4F733FF8246FBF712FCEC
S21402BAC0C8220221E4F736FF47F6FF73B5F90020D5
S21402BAD081469A4202D1E4F747FF288047F6FF7371
S21402BAE0B4F900209A4202D1E4F738FF2080B5F973
S21402BAF00000FFF7B2FFB4F9003007468342C8BF22
S21402BB002080B4F90000E4F735FFF9F785FA064617
S21402BB1058B15046E4F72EFF4846E4F74BFF40463E
S21402BB20F5F722FA3046BDE8F087E4F7F9FE208002
S21402BB302F80F4E741F20C06F1E72126F2E7000037
S21402BB40F8B500BFF8BC08BC9E467047F8B500BF03
S21402BB50F8BC08BC9E4670475FF800F0310F002024
S21402BB605FF800F0CD0F00205FF800F0990E00207D
S21402BB7000000000000000000000000000000000BE
S21402BB8000000000000000000000000000000000AE
S21402BB90000000000000000000000000000000009E
S21402BBA0466C6F773A20252E3266204C2F6D696ED2
S21402BBB02C2070756C7365733D256C752C20657230
S21402BBC0723D25750D0A000068616E646C65733AF5
S21402BBD020666C6F773D2575206572723D25750D62
S21402BBE00A0000000A0000005B435D20000000001F
S21402BBF02E2E2F6170702E630000000025733A25EA
S21402BC0064203A25733A200073630000537461740B
S21402BC1075733A202573203D2030782530347820FD
S21402BC2000000000417373657274696F6E2066616E
S21402BC30696C6564000000005B455D200000000042
S21402BC40000000005B495D2000000000436F6E6E3E
S21402BC50656374696F6E206F70656E65642E0D0A7B
S21402BC6000000000436F6E6E656374696F6E20633A
S21402BC706C6F7365642E0D0A0000000043616C6CE5
S21402BC80696E6720687964726F5F656E61626C6563
S21402BC9020776974682025640D0A0000666C6F7749
S21402BCA05F72617465206576656E740D0A00000029
S21402BCB04E6F74696669636174696F6E20656E6142
S21402BCC0626C656420666F7220666C6F775F726165
S21402BCD074652063686172616374657269737469FE
S21402BCE063732E0D0A00000053656E64696E67204A
S21402BCF0696E697469616C20466C6F772072617434
S21402BD00650D0A004E6F74696669636174696F6EC9
S21402BD102064697361626C656420666F7220666C6B
S21402BD206F775F726174652E0D0A000073656E642C
S21402BD305F6572726F72206576656E740D0A00001A
S21402BD404E6F74696669636174696F6E20656E61B1
S21402BD50626C656420666F722073656E645F6572DE
S21402BD60726F72206368617261637465726973745C
S21402BD706963732E0D0A000053656E64696E672050
S21402BD80696E697469616C204572726F7220737491
S21402BD906174650D0A0000004E6F7469666963611E
S21402BDA074696F6E2064697361626C656420666F85
S21402BDB0722073656E645F6572726F722E0D0A0072
S21402BDC045787465726E616C207369672061727261
S21402BDD0697665640D0A00006E74665F666C6F773E
S21402BDE05F656E61626C653A2025642020206E7461
S21402BDF0665F6572725F656E61626C653A20256485
S21402BE000D0A00006E6F7469667920666C6F772083
S21402BE1073633D256C75202830782530346C78297C
S21402BE200D0A00006E6F746966792065727220735F
S21402BE30633D256C75202830782530346C78290DC2
S21402BE400A00000041747472696275746520777224
S21402BE50697474656E2870756D705F656E61626C6C
S21402BE6065293A203078253032780D0A0000000025
S21402BE704174747269627574652077726974746548
S21402BE806E2873656E645F6572726F72293A20302F
S21402BE9078253032780D0A004174747269627574BE
S21402BEA065207772697474656E28666C6F775F7248
S21402BEB0617465293A203078253032780D0A000000
S21402BEC06461746120746F2073656E642028666CEA
S21402BED06F775F72617465293A202564000000005E
S21402BEE06761747464625F666C6F775F72617465B3
S21402BEF0207661756C65733A206C656E3A2564200F
S21402BF00646174613A25642E0D0A0000204E6F7437
S21402BF10696669636174696F6E2073656E74202842
S21402BF20466C6F772072617465293A203078253026
S21402BF3032780D0A0000000043616E6E6F74207343
S21402BF40656E64206761747464625F666C6F775FA7
S21402BF50726174652E0D0A2020207363203D202511
S21402BF60640000006461746120746F2073656E64FF
S21402BF70202873656E645F6572726F72293A202597
S21402BF8064000000204E6F74696669636174696FAD
S21402BF906E2073656E7420284572726F72207374F9
S21402BFA0617465293A203078253032780D0A00000F
S21402BFB06761747464625F73656E645F6572726FE4
S21402BFC072207661756C65733A206C656E3A2564EC
S21402BFD020646174613A25642E0D0A0043616E6E18
S21402BFE06F742073656E64206761747464625F7335
S21402BFF0656E645F6572726F722E0D0A202073631F
S21402C000203D2025640D0A006E6F746966792873D8
S21402C010656E645F6572726F72292073633D256C6C
S21402C02075202830782530346C78290D0A000000F7
S21402C030736C5F62745F6F6E5F6576656E74000028
S21402C04053414D504C452074696D6572207374617E
S21402C05072743A203078256C780A000042524434D2
S21402C06033313441000000000A0000005B435D20CB
S21402C070000000002E2E2F736C5F676174745F736E
S21402C0806572766963655F6465766963655F696E26
S21402C090666F726D6174696F6E2E630025733A2542
S21402C0A064203A25733A2000736300005374617467
S21402C0B075733A202573203D203078253034782059
S21402C0C000000000417373657274696F6E206661CA
S21402C0D0696C65640000000041303200342E342E54
S21402C0E034000000736C5F676174745F7365727608
S21402C0F06963655F6465766963655F696E666F72BC
S21402C1006D6174696F6E5F6F6E5F6576656E7400E3
S21402C110002801280328012A022A2A2A252A282A50
S21402C120272A242A052A2A2B292B022901006A7388
S21402C1306CBED84697C288401065025B0200702A21
S21402C140656D539AD060C341A485A86103005D2D36
S21402C150223893AADD4014ECCBA494A01000000071
S21402C160B5CBD460800C15C39BA9AC5A8ADE0000FE
S21402C1700C0053696C69636F6E204C616273000039
S21402C18002000B180200000002000018020001184C
S21402C190010000000108FFFF000000008CC1020041
S21402C1A0020002000108FFFF0500000020000A004E
S21402C1B003000A000008FFFF01000000500B0020E9
S21402C1C004000D000308FFFF030000000200000049
S21402C1D0050002000108FFFF0500000002000B0038
S21402C1E006000B000108FFFF01000000380B0020CC
S21402C1F0070002000108FFFF050000000A000C000D
S21402C20008000C000308FFFF01000000300B0020AE
S21402C210090000000108FFFF0000000088C10200BC
S21402C2200A0002000108FFFF050000000A000300E2
S21402C2300B0003000308FFFF010000001C0B002098
S21402C2400C0002000108FFFF0500000002000400C7
S21402C2500D0004000108FFFF0000000084C1020078
S21402C2600E0000000108FFFF0000000080C102006F
S21402C2700F0002000108FFFF050000000200050093
S21402C280100005000108FFFF0000000070C1020058
S21402C290110002000108FFFF050000000200060070
S21402C2A0120006000108FFFF010000000C0B002030
S21402C2B0130002000108FFFF05000000020007004D
S21402C2C0140007000108FFFF01000000000B002019
S21402C2D0150002000108FFFF05000000020008002A
S21402C2E0160008000108FFFF01000000F40A002003
S21402C2F0170002000108FFFF050000000200090007
S21402C300180009000108FFFF01000000E40A0020EF
S21402C310190000000108FFFF000000005CC10200D7
S21402C3201A0002000108FFFF05000000120000804C
S21402C3301B0000800108FFFF02000000D80A002050
S21402C3401C000D000308FFFF0300000001010000AF
S21402C3501D0002000108FFFF050000000A00018020
S21402C3601E0001800308FFFF01000000D00A002023
S21402C3701F0002000108FFFF0500000012000280F5
S21402C380200002800108FFFF01000000C80A00200A
S21402C39021000D000308FFFF030000000102000059
S21402C3A090C102002100210010C102000E000E0002
S21402C3B02CC10200030003000300FFFFFFFF000082
S21402C3C076636F6D000000000500000000000000AC
S21402C3D000C201000005000000100000000000007E
S21402C3E0000000000000050024000650680B002034
S21402C3F0FD2A00005108020003090200310902006A
S21402C40039080200700B0020910A0200CB0A0200D3
S21402C410070B0200430B0200650B02002800000017
S21402C420292000003F0000001E000003E10C02006D
S21402C430F70C0200010D0200390D020095390000CA
S21402C440470D020039390000020000002C000000EF
S21402C4500002010000000000000000000000004092
S21402C460FFFFFFFF000000010000000000000000C8
S21402C47000000000FFFFFFFFFFFFFFFFFFFFFFFFC1
S21402C480FFFFFFFF00000000FFFFFFFFFFFFFFFFB1
S21402C490BCE6FAADA7179E84F3B9CAC2FC6325515F
S21402C4A06B17D1F2E12C4247F8BCE6E563A440F2F2
S21402C4B077037D812DEB33A0F4A13945D898C29637
S21402C4C04FE342E2FE1A7F9B8EE7EB4A7C0F9E16F4
S21402C4D02BCE33576B315ECECBB6406837BF51F5A5
S21402C4E0FFFFFFFF00000001000000000000000048
S21402C4F000000000FFFFFFFFFFFFFFFFFFFFFFFC44
S21402C5005AC635D8AA3A93E7B3EBBD55769886BC99
S21402C510651D06B0CC53B0F63BCE3C3E27D2604BF0
S21402C52060C40200C000000000000000000010000E
S21402C530200000006BC0BCE12A459991E134741AD0
S21402C5407F9E1925AE2D8A571E03AC9C9EB76FACF4
S21402C55045AF8E5130C81C46A35CE411E5FBC119F9
S21402C5601A0A52EFF69F2445DF4F9B17AD2B417BED
S21402C570E66C37103FF1CAA1681FAC09120ECA302A
S21402C5807586E1A72B7E151628AED2A6ABF71588C0
S21402C59009CF4F3C0020000001200000FFFFFFFFF4
S21402C5A0FFFFFFFFFFFFFFFFFFFFFFFF5C200020F4
S21402C5B001000000040000201168000000000000D6
S21402C5C00040025C000000000000001001030401AD
S21402C5D0010109030B0000000B000000020000002E
S21402C5E00000202000000000030000008C8C3C00AD
S21402C5F0000000000000000000000000012600000D
S21402C600040000000000000000010000000000001E
S21402C6100100000005000000020000030000000008
S21402C620000000004E0C00000000000000000000A9
S21402C630A0C302000000000000000000040000008A
S21402C64000000000E2FF5000E4C702000000000005
S21402C65094C7020080C602000CC8020084C602000C
S21402C6600000000000000000D0C7020080C70200E1
S21402C670A0C70200F8C70200B4C70200000000000C
S21402C680010000000400FB00505341004B455900D6
S21402C69000010102010202030102070B0B07011649
S21402C6A00C00000108080000050108FFFF02FFFF5A
S21402C6B00808020204FF010022FFFFFFFFFFFF033C
S21402C6C00404FFFFFFFF2AFFFF1419191B011C15A4
S21402C6D0120400480C14010204040000F4010000D5
S21402C6E0FA00000096000000640000004B00000004
S21402C6F0320000001E0000001400000000000000CF
S21402C700010150004000080050002400040090017F
S21402C710500240009001AE011000004972531449C5
S21402C7207207FF000102030405FF14530072490753
S21402C730CDF60000137F020025240100593B0100BC
S21402C740117F02006F7F0200697F0200E53D010053
S21402C7501D7E0200257F02006B7F02006D7F0200B5
S21402C760197F0200677F0200911F01001B7D0200F5
S21402C770E520010001020C00000004000000080091
S21402C780040000000000000000000000000000009E
S21402C79000000000E77E020000000000A001040185
S21402C7A0560000000000000000000000000000002C
S21402C7B0000000000A000000000000000000000068
S21402C7C00000000000000000000000000000000062
S21402C7D00100000000000000000000000000000051
S21402C7E0000000001D25010000000000A001010756
S21402C7F0A000010402040800060000000000000079
S21402C800000000003D260100052601006D260100FD
S21402C81000000000A0030601A0090609A0020608FF
S21402C820A0050607A0050606A0070605A002060440
S21402C830A0010610A00A0602A00D060000000402CF
S21402C8400503060107010108090A0000A0015C02AF
S21402C850A0035C01A0025C00A0020F09A0030F0463
S21402C860A0030F03A0050F02A0010F01A0050F00F1
S21402C870A0040103A0040108A0020105A00301060A
S21402C880A0120100200C0403A523010020000401CD
S21402C890D12301002002560275240100200256010F
S21402C8A04924010020030A11F924010020050A0286
S21402C8B0C924010020040A00912401002000011569
S21402C8C0C9250100626761706920627566666572D5
S21402C8D073000100020000000000000003000000D8
S21402C8E00D000300020001000500676174742063F6
S21402C8F06F6E6E656374696F6E00000000FB349B9A
S21402C9005F800000800010000000000000000000B1
S21402C9105F93020009850200D37D0200499402005B
S21402C920A0010A05A0030A04A0080A03A0070A0237
S21402C930A0060A01A0070A00A0030906A006090528
S21402C940A0070904A0040903A0050902A00609011C
S21402C950A003090002020300000000000009007F95
S21402C96094C902000100000F74C902006FC273244A
S21402C97008070000E1FE56FF8DFFACFFC1FFCFFFA8
S21402C980DAFFE3FFEAFFF0FFF4FFF8FFFBFFFEFF2C
S21402C990000003005200F2FEFF0064001E000000CA
S21402C9A07F00F80D7F24FDFF3300A80323D6FFFF88
S21402C9B01B0041010A3700001100B900653B000068
S21402C9C00B00720010350000070049002F2C0000F3
S21402C9D0050037003126000003001400571500003A
S21402C9E0C967010011680100BD6701001D680100EA
S21402C9F0056801003BA0020077A002009DA002008D
S21402CA00BFA00200E1A00200F97B0100B17B010099
S21402CA10BD7B0100917C010057A20200E19D02004D
S21402CA20E59D0200F19D0200E99D0200ED9D0200D7
S21402CA300000000088010000A8120020E1FE0000AD
S21402CA4002000080FF7F00000080FF7F0E0252413E
S21402CA50494C0000A0000000557301005000000081
S21402CA60CD72010000000001000001010001010179
S21402CA7005760100E975010045AC0100EDAE010046
S21402CA8025AE010001010203000000011F150F156B
S21402CA90150F151FFFFFFFFFFFFFFFFFFFFFFFFF43
S21402CAA0FFFFFFFFFFFFFFFFFFFFFFFFFFFFFFFF8F
S21402CAB0FFFFFFFF00A801A802A8000000B801B807
S21402CAC002B800B0BC020300EC020300D40203006A
S21402CAD0040303001C030300030404080805000003
S21402CAE0000000000000000000000000B832000055
S21402CAF0F8040000B037000004000000303E0000DA
S21402CB000300000000000000B8320000343E0000BF
S21402CB1000000000343E000041000000000000005B
S21402CB20303E0000853200009D3200009D3200003B
S21402CB309D3200009D3200009D3200000000000081
S21402CB400000000000000000000000009D3200000F
S21402CB509D3200009D320000112B00009D32000025
S21402CB603B2C00004B2C0000D12C0000192D00009D
S21402CB709B2D0000012F0000BB2D0000912F00000E
S21402CB80072E0000452E0000B92E0000F1300000EE
S21402CB90C53100000D2C0000712800002124000081
S21402CBA08F280000012900009D320000D9290000CC
S21402CBB09D2900009D3200009D320000212A0000BF
S21402CBC09D3200009D3200009D320000F90F0000E9
S21402CBD0E90F0000031000000D10000017100000FF
S21402CBE08C488068000200D4704780B5802080029E
S21402CBF0A8490860CF2000F04BFA01BDF8B5864878
S21402CC000068864C802292032260854E31680905B0
S21402CC101DD5110BA023034001D0216017E002406E
S21402CC203FD180277F4A17607F4A1760084038D076
S21402CC30784D287A400705D501207C490860000215
S21402CC407B4908602878002801D0062801DB0020EE
S21402CC50F2BD00F057FB716889684E68297805298D
S21402CC6007D1B905A1606E60B668CC218901704A09
S21402CC70116000F050FB012E00DA0226BC2080056F
S21402CC80854908609420800584490860654800212B
S21402CC90C94301647142416481490F6040210160C9
S21402CCA0D5E7B1480160FFF79BFF0120F2BD5A4865
S21402CCB00168890504D5C06E0004000F022801D061
S21402CCC0002070470120704738B58024554804601C
S21402CCD000F018FB05007348006800F065F92800AC
S21402CCE000F019FBFFF77CFF4A48007A000705D5DB
S21402CCF0A0004A49086000F0E6FB31BD60039A498D
S21402CD000860B048046031BDFEB50500CC20800145
S21402CD1096494860012696480660FFF7C8FF002835
S21402CD2077D03C4C2078002873D031020195052834
S21402CD3002D02A460A406CD1CC27BF018B4A176024
S21402CD40A14A126853075B0F022805D1022B5ED355
S21402CD50080137490860F7BD4D01032804D1022BAC
S21402CD6055D933480560F7BD042802D111404ED08C
S21402CD70F7BD05284BD10198002848D0C005C10F41
S21402CD80684641700198C004C10F6846017000F001
S21402CD90B9FA0290606869464978002903D00668A5
S21402CDA08021214A11602C0488496A461278002A9A
S21402CDB00CD0C2680B68D21AA74B1B68234001D05E
S21402CDC0066800E04668964200DD1600684640782F
S21402CDD06A461278024308D008684242B01E82426F
S21402CDE002DA7042886000E00026029800F093FAA9
S21402CDF00198800501D5994804600198054001D044
S21402CE0097480460002E02D009480760F7BDFFF776
S21402CE105BFFF7BD343E0000400002A8402002A897
S21402CE20C43E00000CC001A890E001A894D000A85F
S21402CE30505201A838B580248A48046001204C4923
S21402CE400860894D2878052802D060008749086066
S21402CE50FFF72DFF002812D012480068000A802132
S21402CE604140A868000EC9B2814208D256480068FE
S21402CE704007400F022802D2FFF726FF31BD7C484A
S21402CE800168C0220A4002D1C06F204001D0044887
S21402CE90046031BD1C1002A808E001A808D001A851
S21402CEA094D001A818C000A8F1B582B00F00802661
S21402CEB0B600A020384002D06E48066052E000F06D
S21402CEC021FA00906C480468F80202D5A06800694E
S21402CED0029000F045FBB102606800F06FF922781C
S21402CEE020000021521C4378934200D200221823CD
S21402CEF05343C5180C352B78082BF3DA140002704E
S21402CF0085602878584A10703E400CD000F0FAF936
S21402CF10594909688968CE6800F0FDF9F80201D41B
S21402CF20032086433100504881600126084630407F
S21402CF3003D100F0D2FB00F07BFFF104686900F039
S21402CF403DF93C2000F0A4F8E0B200F0A1F8009809
S21402CF5000F0E1F9300547490860484806603002AB
S21402CF60024908600298FEBD401002A84C6201A861
S21402CF7094E000A810B542480068800501D4FE205F
S21402CF8010BDC02080033F49086000F0BBF93A4953
S21402CF9009688A78D20702D589688C7800E00C780E
S21402CFA000F0B9F9200010BD334909688A688B7809
S21402CFB0DB0704D5927818235A438A180C329060FD
S21402CFC070470000100002A8084001A848C001A847
S21402CFD0F1B582B02C4F3C680026200F000702D124
S21402CFE0E00102902AE000F023FF00F08BF90190A6
S21402CFF080210903606800F0E1F825786D1C6078EE
S21402D000A84200D20025E80020180C3000900068E4
S21402D0100290802109030098406800F0CFF83D2076
S21402D02000F036F8E8B200F033F825700098A060F9
S21402D030019800F070F902A800F05EFF134800683D
S21402D040800407D5786901F026FC02990818029038
S21402D05000D502960298FEBD480002A8481002A813
S21402D060482002A894E001A8343E0000506201A8BD
S21402D07014C001A8402002A8C83E000090E000A804
S21402D080400002A8401002A8CC3E0000FC0302A802
S21402D09041490968002901D5404908607047F3B53F
S21402D0A081B03F4FB9683F4C4A004CD50125090173
S21402D0B000D5212501003C4A10685668226892066F
S21402D0C0920E94463A6893008022134062461343B7
S21402D0D0802252001A4300920A0023D0890601D504
S21402D0E0012008E0F021014007D16946097A0C22A6
S21402D0F00A4002D0022000F03FF82C4909680904D1
S21402D1000AD53968090701D5022605E039684903B8
S21402D11001D5002600E003264835009A244909680E
S21402D120890003E0009A2249C96909094023194087
S21402D13011439A00002E02D0164326660835216651
S21402D140024322662566E06D4407640F00F0C4F8C9
S21402D150A0070BD0052C09D0B868000406D400F04E
S21402D160D1F80221134A116000F0D5F800F0BDF89C
S21402D170002000F001F8F7BD0B490A68F0239A4335
S21402D180000110430860C0B270478020C0020A49FE
S21402D19008607047000000004C0002A8884000A803
S21402D1A0440002A8284000A8683F0000384101A8B1
S21402D1B0084001A87CD40350485000A880B55E4AB7
S21402D1C0116001F093FBFFF7E0FF01BDFEB500F032
S21402D1D099F80290102059490860002358480360C5
S21402D1E00220584908605848C0684005C20DD52A32
S21402D1F001D2D52204E0D1204000824200D90200AA
S21402D20010000100514C0194883C246864011DD52D
S21402D2104F4C0094251D4F4E367806277E43AA5360
S21402D2200024019D2D7CE540ED070CD5009D0626C9
S21402D2306643AD19AD888FB2BD4200D2290086B2D0
S21402D240AE4200D22800641C022CEAD389B24631D0
S21402D2500904414C0C404638C005C00D20433A49EB
S21402D2600860C02000063D4908603848017D002954
S21402D2700CD03B49D52A02D98024E4050C60D1247F
S21402D2806400A24202D2802424060C601021354C8F
S21402D290216035490B604188002900D1028002983E
S21402D2A000F039F8F7BD80B530483149086031489A
S21402D2B0C1680902090A1922514341600521016029
S21402D2C0FFF784FF01BD2B480068C00300D47047F7
S21402D2D080B5FFF77BFF01BD8020C00216490860BB
S21402D2E0254800684007FBD470478020C0022349C7
S21402D2F00860704701E02249086022490968014037
S21402D300F9D17047204800682021204A1160102178
S21402D3101F4A116070473021014002D110201B497C
S21402D320086070471848006830210140102901D172
S21402D3300120704700207047401002A8F41302A88C
S21402D340048002A8409002A87C400050743F00006F
S21402D350603E00005C3E00000000FF01A06000503E
S21402D360A4500050F42302A818E000E07F1A060139
S21402D370500002A810E000E0400002A8402002A8E8
S21402D380282002A8280002A85C0002A85C2002A8A6
S21402D3905C1002A8FEB54E48802149028161022136
S21402D3A04C4A516000214C4A11604C4A11800321BC
S21402D3B0484A116002210160494804682020494910
S21402D3C00860802048490860CC20800147490860F0
S21402D3D00120474908604048806F01900F26000BE5
S21402D3E03040009043480068C505ED0D103DC02052
S21402D3F02843C0B2FFF74CFEE00506D50098092880
S21402D40003D001F0ABFB01F0C7F8019806403A489A
S21402D4100468032E04D0022E06D10098032833D0C7
S21402D42000F0EAF9032E04D0009806282CD1062D27
S21402D4302AD0324800680127C00B384001D001F0DC
S21402D4407FFD2F480068000108D5052D06D101256D
S21402D4502C4807606805FFF74DFF00E00025210015
S21402D460009800F0CBF90400274E002D05D000F0FE
S21402D47067FB3760022025490860780570658009D9
S21402D4802349086001F04AFB124880214902C16123
S21402D4900099002908D10221416000200E49086146
S21402D4A0C020C0001B4908602000FEBD80B5FFF703
S21402D4B013FF19480078800602D402201749086034
S21402D4C0FFF713FF01BD02201549086070470000F0
S21402D4D02C1002A8282002A8340002A8703E0000E1
S21402D4E0B40002A894E001A80CC001A8506201A8EA
S21402D4F094E000A804ED00E0B44000A800E200E0DA
S21402D500EC3E0000645000A8646000A82C4000A80E
S21402D51080E200E02C6001A8C43E0000081002A8C9
S21402D520082002A87F480068800700D4704730B5FC
S21402D5307D4804218C4A0123E024E40085682540C6
S21402D54002D01360D160D3600068044002D013603A
S21402D5505160536030BD854801218160016070478B
S21402D56010B5012071498A680240FCD1804A042322
S21402D570D3600C680440FCD15360106010BD7D4936
S21402D58008680122104200D1704710B5E023DB0084
S21402D5900340FF24A41CA34204D3774B1B689B06BC
S21402D5A000D54868024001D000F0ABF810BDFEB5C9
S21402D5B00700C8207149086006207149086080206B
S21402D5C040037049086070480168704A0A4080212A
S21402D5D00901114301606E4CC020C0002060022584
S21402D5E0A56168036B4908606B4E6C48F0664C2078
S21402D5F06B49C86638686B498968814201D20191D5
S21402D60000E001900199401A38600121380000F0CC
S21402D61040FB694608703868019940183860FFF781
S21402D62081FF5F4800685F4908605F4801684906F5
S21402D63001D55E4900E05E493167694609780029EE
S21402D64008D10321E16100683068054002D08020DD
S21402D6508002206168460078FEBDF8B50400554D8C
S21402D6608020C0012860544801218162534A11601B
S21402D6701F2303605623436606230366504B1B682C
S21402D680002B02D40823036643664E4B0365C02371
S21402D690DB004D4E3668F827FF01374001D183671D
S21402D6A000E05361E86B014008D0286BC00705D440
S21402D6B046480078800701D401F0E0FC444845491A
S21402D6C00860FFF72FFF200001F084FD286B800121
S21402D6D0FCD4286AC8490860F1BD3F48012141616F
S21402D6E0C1603E4A3E4B5366364B136503230360C6
S21402D6F000203C4B186011609162C8032D490860F7
S21402D7007047F0210901384A11600140374801602C
S21402D710202037490860374909680840B749086039
S21402D720704700004C0002A86C0102A8700102A813
S21402D73080B5B3480821B34A13680B4001D0016193
S21402D74041611178C90602D5862109010160FFF7F9
S21402D75016FF1420AC490860AC480168490701D09E
S21402D760FF21416101BD0000681102A86C2102A8D8
S21402D770682102A8783F0000400002A8548001A851
S21402D7800C9001A8942002A8680102A8FFF1FFFFEE
S21402D790441102A8A01002A8E40002A8294E06001E
S21402D7A0300002A8A03F0000FC0302A8CC3F000005
S21402D7B0C43F0000100002A8E01002A8442102A8FC
S21402D7C028C000A80C1E0000A88001A83C3E00004D
S21402D7D0FFFF7F7FB46000A8602102A8E02002A8B5
S21402D7E05E060000400102A82C6001A82C5001A889
S21402D7F0442002A8084001A870470000F8B586B089
S21402D80005000C008248866AFFF77CFD0590B0058D
S21402D81003D580480068FFF7C7FB0020029001226C
S21402D8207306DB0F7C498E688860B82040007B4F09
S21402D83038606708B82038400978F0270F40402F34
S21402D84002D10100402008430D2D02D131000426EA
S21402D8500E43710704D501001420084310218C439F
S21402D860AC4909686D462A700493019605006C4F10
S21402D870C80506D580204000A24908602800012578
S21402D88005430498002811D10C20284008280DD002
S21402D89028005F49496BCA0601D4102290438906C4
S21402D8A001D420218843B12101405AD0684600782D
S21402D8B0002859D0B86DC004C00C792809D3802539
S21402D8C00620534908606802A1490860002069469C
S21402D8D008708120284049D008200499002900D1E8
S21402D8E03862019908430190102084430420039073
S21402D8F00005984908604008974908600120974942
S21402D90008606846007800282ED00398062833D38D
S21402D9109348806BC0062FD592480068000E02908E
S21402D9208F480668B6B28F48006A000603D03000F9
S21402D93080267601064301F060F8002809D0FB2015
S21402D94080010078C00604D030008026F601064327
S21402D950B6B23E61301238616E480168C80587D497
S21402D9600AE0082039460862009531E08FA0690671
S21402D970C90E405C0390C4E7009503982449CB6A1D
S21402D980784A12683D686E46B58128251D400543D3
S21402D990980CC00128431D001B0E2B4010252B405F
S21402D9A00343900040221040184303AA9070086B6D
S21402D9B0000A03A9C870FFF7DDFA03A908710298E6
S21402D9C0487169480068C8800398F8660498F86643
S21402D9D00598FFF7A0FC0820610601D55D4988601E
S21402D9E0624908600198C1B20098C0B2FFF757FBBF
S21402D9F0200007B0F0BD00009C3F0000441002A8C3
S21402DA00301102A8F84F0000703F00000C4000A83A
S21402DA10180002A81CC000A8683F0000B46000A856
S21402DA20540000AAF8B5524F524C0F25012652490F
S21402DA30606BC00621D50120087050480068504926
S21402DA400A68824204D289695118491C081A00E001
S21402DA50101A4C4909684018012852DB01F05EFE94
S21402DA6049490968090B0D40022D48D17105474AFC
S21402DA7011601021F963266041E0E06BC00026D5F4
S21402DA8043480068E021890501403AD03E4C4148AF
S21402DA900068C00504D42068000B28400228F5D090
S21402DAA03D480668FFF72EFC3C49F2B20A60320493
S21402DAB0120E0A603202120E0A60320E0A60FFF777
S21402DAC02AFC2068000B28400228DFD0F1BD344C27
S21402DAD02068002815D00E7001F07CFB002810D1BB
S21402DAE001F01CFE28490968090B0D40022D06D1DB
S21402DAF03104264A1160022139600021216001F0BA
S21402DB0011FEF1BD1C2100AA802080042549086070
S21402DB10704700001C0100AA8020400421490860CA
S21402DB2070478020C0041F490860704780200005A7
S21402DB301C4908607047802040051A4908607047F3
S21402DB4019480168490701D0FF214161704700006A
S21402DB50141100AA401002A8205001A8006101A8D2
S21402DB601C4000A8084001A8448001A8845000A8D0
S21402DB70082002A8100002A8733E00001CC101A8DB
S21402DB8020C001A8DC3E0000AC0002A81C1002A8BF
S21402DB90204001A8084000A8904000A8640000AAFF
S21402DBA0483E0000382002A80C4000A803010706E1
S21402DBB00301070605010606050106060302070617
S21402DBC0030207060502060605020606FF2807D018
S21402DBD0032805D2AC490978C140C807C00F704770
S21402DBE000207047F8B58020000200908E48038817
S21402DBF008208E4908600A220120012494400099D8
S21402DC000C43A249B6A5AD5C25438D60F025A04E17
S21402DC103560864DB5A6B65C022737432F600426CC
S21402DC202E60814D9B4E3668064008D12E88F61A25
S21402DC30B6B2012E03D88E6C3603F3D401E002206E
S21402DC40F2BD8D6CCE6C6D036D0BAE4200D20094AD
S21402DC50521ED2D508228E4B1A60009A8A608E4ACD
S21402DC601268520113D58D4B5A78541C0125254053
S21402DC705D70140006256C431C190968A180009982
S21402DC80E1801A7080490B78904018430870002093
S21402DC90F2BDF1B582B0FFF75EFC00247E48006854
S21402DCA0400102D4012001901DE07D48826B0020D5
S21402DCB07A49C3B206256B43CB189B8895B2AB4212
S21402DCC004D0401CC3B2022BF3D3FF2008700120FD
S21402DCD0019071480068400105D50878FFF776FF85
S21402DCE0002800D001946F4800686F4988616F4D24
S21402DCF002980068296D4618002E15DD00F07FFD9B
S21402DD002860C001301A00280EDDFFF729FC00F05B
S21402DD108FF802980068296D401801F05BFA01003E
S21402DD2002D002990C60FEBD614F802080003860F0
S21402DD305D4A10680226072829D0052108400528D2
S21402DD4005D011600C2001F057FA01006AD1594D36
S21402DD5059482862FFF704FC2E60E020C0025749AB
S21402DD600860000256494860300678603E6001202E
S21402DD7001F042FAF0012862022001F03DFA9020FA
S21402DD8040012862022001F037FA700228624D4DE7
S21402DD90E02040002860042001F02EFA07003BD164
S21402DDA047480660B002A862C001A86210203C493B
S21402DDB008600126EE6540254348006828401BD1CE
S21402DDC035480068400113D5344800786946087023
S21402DDD068460078FFF7FAFE002809D02F48694601
S21402DDE00978062251434018C0882D49086403E08A
S21402DDF0FFF7F8FE07000FD129480660C467022025
S21402DE0001F0FAF9314C2560A8002060022001F0EA
S21402DE10F3F98120C002A0620198002801D0FFF722
S21402DE2052FA3800FEBD0000703E0000889001A83D
S21402DE3070B5FFF790FBFFF793FB022618480660C3
S21402DE40234DF0022862C4082C62012001F0D4F9A6
S21402DE50600828622E601F482862E02040001B49A6
S21402DE600860174D2E60FFF737FA1B4E30780028F1
S21402DE7000D005200C490860FFF737FA2C601748D7
S21402DE800068706370BD0000843F0000448001A8F3
S21402DE9088A001A8140002A8EC3E00005C3E000028
S21402DEA00C8001A8F80302A83C0102A88C3F0000DF
S21402DEB0941002A83C1102A8BD080000142102A872
S21402DEC0942002A82C9001A84C0002A82CA001A81D
S21402DED03C2102A8FD680000603F0000300002A856
S21402DEE0000000010102040810202000505050409B
S21402DEF04040403020202000F8B50400FFF730FBF9
S21402DF002948C021C900294A1268F823DB011340B8
S21402DF1002D1274A116000E0016000942549AC2234
S21402DF2052008A640A220A602349802252030A6047
S21402DF30224C626A224B13408022D2001A4362624B
S21402DF4080222260022242605003C8601D48E060C0
S21402DF501D4E4C20F0661D4D68699621C901471872
S21402DF6000980068874200D30700C01B009908602B
S21402DF7000210098FFF78DFE00990968C919009ADA
S21402DF8011603168296012490968490601D51149AC
S21402DF9000E011492161F2BD802000010F490860AE
S21402DFA000010F4908607047582102A8AC8001A8FA
S21402DFB0581102A80C8001A8941002A8440102A8D5
S21402DFC0FFF1FFFF286E0600300002A8903F000017
S21402DFD0FC0302A8CC3F0000C43F0000401002A889
S21402DFE0685000A8F1B584B0BD4800680290BD48EC
S21402DFF0006B9621C90140180499884205D2081A76
S21402E00001F0E8F8002800D027E2B74C6068C007A5
S21402E01000D522E20420B54988628003B4494862EA
S21402E020B44800680090606B8607B60F1025032E72
S21402E03002D0AE48856222E0084669034162A26BBE
S21402E040920601D5012065E0009A12060FD5A36B51
S21402E050022213400BD1A84B05271F60A76B2F4047
S21402E0603A431A6000221A60626B120A1A6004228D
S21402E0708262A06B002802D59C4841620026606B33
S21402E080400704D5606BC0002901084003E09548AC
S21402E0908068C10701D5FFF734FBC1490098052205
S21402E0A00240052A07D1BF48B2018018006AC004A0
S21402E0B0C00C401E08600020BB4AD26E12041AD55D
S21402E0C0BA4A1268002A16D4012201204969002998
S21402E0D011D0B7490A700021B64A1160B6498D625E
S21402E0E0C106B64A91670722B44B1A600022B24BA9
S21402E0F01A601A46D167B249C02292000A603302F9
S21402E100002801D0100000E01800AE4D28604A60DA
S21402E1106B600020E16B942292050A40150000D045
S21402E1200125802636022843000637D0714828216A
S21402E130405CC021014040290DD1FFF7B7F969487C
S21402E140C06D00906846FFF732FA002876D1009834
S21402E150FFF783FA01E0FFF7B6F9202020602D06CC
S21402E16000D17AE1944D606B400708D5700860498B
S21402E17048620220E86200F05DFA002806D0042019
S21402E1805A49886240025A494862EE625948007803
S21402E190000600D461E130015449FFE001256068C1
S21402E1A028404BD1AE480068C005400F022803D075
S21402E1B0032801D0062802D169464D7005E00020EA
S21402E1C069464870A748A849486068044849886272
S21402E1D0FFF782F8E06B064006D1FFF793F80221BC
S21402E1E0A24A1160FFF797F8FFF77FF8280320602E
S21402E1F09F4EC0200006706028049B490860606B32
S21402E2004007C10F68460170E027FF0230200299DE
S21402E21049072FD54021A54A11624901924A116643
S21402E2200321A24A91640021116030608E48456540
S21402E23080207060062000F0DFFF002800D00CE18E
S21402E240894D80204000E866022000F0D5FF80203D
S21402E25040009749886618207060082000F0CCFFBE
S21402E2600028EBD1242070609148C765A020C00228
S21402E270286672E0E16BC90249D5C04949680902BD
S21402E280090E01914909022901DB8A4901E0B321FD
S21402E2908900019A302A3AD3124A1288E72A36D3DC
S21402E2A095235B009A4205D89A1A12095143890AA5
S21402E2B04B4204E0804BD218120951438B0A5BB2E0
S21402E2C00199C918074A126B9446064AD26B534301
S21402E2D06246D218034B1A639F290FD39F2110E080
S21402E2E0FC0302A8743F0000100002A81C2002A82B
S21402E2F01C1002A8C43E0000E40000AA202900D890
S21402E30021210A020A4309041143274A1160674978
S21402E310AA020A629A4A8A6414220A603060524842
S21402E32045656348C765A8034F4988664002706022
S21402E330062000F061FF002831D12D064A48C56646
S21402E340022000F059FF5A48856668097060082066
S21402E35000F052FF002822D17560032000F04CFF27
S21402E36088481649886700F04AFA874D401DC00162
S21402E370296B47188548406F8021C90108400190E3
S21402E380084683490860049887421ED2296B401AC1
S21402E39000F020FF002817D001987E4908605CE054
S21402E3A0204000A80C0000AACC4001A8784201A890
S21402E3B0723E00006C3E00003C5000A83C6000A884
S21402E3C0046100A8045100A8049F206AE86202982B
S21402E3D0400701D5402003E0802080047060C0081A
S21402E3E07060012000F008FF802040001E4908608F
S21402E3F0380000F0EFFE8B4E68460078002806D103
S21402E40062480068F0618020C0038749086001986E
S21402E41060490860854886490860254880210901C8
S21402E420416669464978002901D104210160206AC3
S21402E430686268460078002809D0012000F0DCFEF9
S21402E4403078000603D58020000391490860E06B0F
S21402E450C00202D549480068286305B0F0BD000036
S21402E460204001A8040000FFB41002A87CE4035078
S21402E470441102A810B5FEF745FF864900240C6039
S21402E4800A22CA61FEF747FF8348C021890201605B
S21402E49082494160824810210160C90541654020D9
S21402E4A0804908608048047010BD0000400102A840
S21402E4B0B82002A833070000D6FEFFFF7B48406B59
S21402E4C0800300D47047F8B5794804680027002016
S21402E4D000257849E20706D5C02080028025ED0394
S21402E4E0EA0A0A6003E0A20701D403204025284373
S21402E4F0C862012000F080FE802040006E49086756
S21402E50008206E4908606E490968090203D46D49FD
S21402E51009680140FBD0012000F06EFE6A4EE0075B
S21402E52002D58020800430643564042000F064FE46
S21402E530600702D5E020C002F06064483064012023
S21402E54000F05AFE62483064C320000630645A481F
S21402E5508021490201671021B163890271615D4918
S21402E5600F60012232603022F2638F6280218901BD
S21402E5704E4A116009010160F1BD0000F83F00003B
S21402E580F3070000FFFF7F7F743F000020C001A852
S21402E59094E001A894D001A8F8B54F4800680D276A
S21402E5A007400424002F00D104274C481025660398
S21402E5B008214B4A4B4B1B682340126814D042601A
S21402E5C0394004D00220FEF7D7FD474806603C409B
S21402E5D007D046480068054344480560B0084249EB
S21402E5E008600220424915E00260394005D0022048
S21402E5F0FEF7C2FDA0023C4908603C4006D03B48FC
S21402E60001680D430560700937490860384806609E
S21402E610300329490860FFF751FF00210020FEF76A
S21402E6203EFDF1BDC43E00001C1002A8030003001C
S21402E630482102A810B580202E490A6802400AD056
S21402E6402D4B1A680624144005D15C6E2B4A2240D4
S21402E6501B6D9C0101D5002010BD096808400DD035
S21402E6602748824203D1180501D5012010BD25484E
S21402E6700068C107C90F481E8041C00F10BD22485E
S21402E6800321C163A8218163102101607047000045
S21402E6901C2002A8D80000AA402002A8040000807D
S21402E6A0646000A82C4000A8723E0000100002A879
S21402E6B0FC0302A81C1102A8442002A84C6201A86E
S21402E6C0C44001A84C4201A8082102A82400000167
S21402E6D098008800600102A8B44000A8E43E00004A
S21402E6E01CC101A8440002A8401002A8683F00000E
S21402E6F0685000A8400002A814C001A81F1F00000E
S21402E700010C000030C101A8082002A86C4800686D
S21402E7100121084209D16B4A12686B4B000C184063
S21402E720F03291400B40984201D002207047002000
S21402E7307047F8B507000F386A461080604CA0682C
S21402E7400A0004D16B461B8882B29A423AD2002251
S21402E7506B461A80012502263A0013D02268324000
S21402E76007D000292ED059480088401C57490880F7
S21402E77000203900E16056490E6080B2B84201D3EB
S21402E78069460D805348456000E030BF206830403F
S21402E79003D1FFF7BBFF0028F7D04D48456039008C
S21402E7A010D02168314005D048490A886B461B883C
S21402E7B0D2180A8006600020E060A068B84201D243
S21402E7C044480660FFF7A2FFF2BD38B5050000F028
S21402E7D0A5FF0400012199204543A8093E4A126874
S21402E7E08018123880B2FFF7A4FF05008020C0010F
S21402E7F03A490860200000F095FF280032BD3348F1
S21402E80003883549096802889342F9D1100408182A
S21402E8107047FEB51238070C6946088000F07EFF86
S21402E8200190274C294D2888B8421ADA01202C4933
S21402E8300860274E30BF02202168014006D03060B3
S21402E8404003264908602888401C2880FFF75EFFA0
S21402E850010002D12988B942ECDB0121716000284F
S21402E8600DD12888B8420AD1A0686946098888422C
S21402E87005D2002168460088FFF75BFF01E0FFF73C
S21402E88045FF04008020C00114490860019800F08A
S21402E89049FF2000FEBD10B512490A680E4B1B68E0
S21402E8A00C689442FAD0DB014033141A02D288690B
S21402E8B02418641C0C4800684443181B10BD000052
S21402E8C0280002A804ED00E0FF3F0000703E0000B2
S21402E8D0282002A8281002A8300002A880E200E041
S21402E8E02C1002A820C001A8B43F0000F0B502E038
S21402E8F00A601C602E607EC84F1C07D05F1C04D0C6
S21402E9006F1CF5D10A601C60F0BD0A60F0BD000005
S21402E9100006800F70479D4909684143880B70477F
S21402E9208A4800680104C80F7047884801680904CD
S21402E93007D587490A68964B1A604A684261886812
S21402E940C860704780B5FEF7DDFC0120814908707B
S21402E95081480068022808D28E480068F02109051E
S21402E9600140C02080048142F2D08B480068C01C5F
S21402E9708A4901438A48016001BD8A48884908607D
S21402E98000208949086080218902884A11607149FD
S21402E99008707047F1B582B00F001400C006000E72
S21402E9A000901038912827D2FFF7BAFF002823D00C
S21402E9B0002501260298FFF7ABFF002802D00228A6
S21402E9C004D004E07A480068304000D001252600D2
S21402E9D0784C38000C30FFF79EFF801920600098B4
S21402E9E03818FFF798FF80196060C02080017249CE
S21402E9F00860280371490860F7BD6D480078062153
S21402EA00014001D100207047B848006802288041C2
S21402EA10C00F7047F8B56A4C634A0421C0239B04B2
S21402EA20F0252D055B4E2069084204D0107C800636
S21402EA30C10F490020E0800720D5D068042803D201
S21402EA40306828409842F8D0107C0007000F07284C
S21402EA5014D1507C022811DD907C8006800E02289C
S21402EA600CDBD07C009007460F4207D0C00700D5CB
S21402EA700A21B80700D5891D002904D1FFF77DFFBA
S21402EA800020A061F1BD481CD768874203D23768D0
S21402EA902F409F42F8D09648405CA061C300F82100
S21402EAA0194002D08023DB04136049005160A1683C
S21402EAB0002932D10102F82252010A4061689142CD
S21402EAC000D20A0023681D1F8A498B61AA184A6170
S21402EAD0864A1368002B01D1BF2600E09326304BEE
S21402EAE01D686769BF00BF0BF6193603AD05AD0D8D
S21402EAF035431D6080235B010B60810908D11168D4
S21402EB00002901D1282200E019220021FFF742FF46
S21402EB10207C000701D40120A060F1BD80B5FFF77C
S21402EB206CFF002811D01A484168002903D0724AA7
S21402EB3011600021416007480078002805D0FFF7E1
S21402EB401CFF1C486D490160416001BD584201A886
S21402EB50983E0000743E0000D04000A880B5FFF743
S21402EB604CFF002811D00620654908600020654940
S21402EB700860F02000016449086080204000634974
S21402EB8008600C485D490160416001BDBC3E000062
S21402EB90403E00000C0002A8204000A800F0FF3F04
S21402EBA0544201A8FFF3FF3FC44000A84C6201A8EC
S21402EBB0B83E00005C4201A8586201A8585201A85B
S21402EBC0A83E0000F0B581B00400A0031CD547485B
S21402EBD00068002800D081E0474801684C4A51602E
S21402EBE0CAB2FF239943D30702D5EC23DB02C91826
S21402EBF052080A4302600E2000F0FEFA0820454939
S21402EC000860C0034449086044480168444D09044A
S21402EC103FD569694161FEF775FB3D490A68531C99
S21402EC206A68934200D32B681E78B706BF0E5B1C39
S21402EC30934200D32B68BC461E78B701FC263601E9
S21402EC403E4067463E435B1C934200D32B68B44665
S21402EC501E783603FC27BF023740664637435B1CE6
S21402EC60934200D32B68BC461E78B704FC263604B3
S21402EC703E4067463E435B1C934200D32B681A789D
S21402EC801706FC2292053A4032430B606A61FEF791
S21402EC9042FBA00727D58020C0021F490860FFF765
S21402ECA0ACFE00281FD0686AC0B2002802D0062137
S21402ECB01C4A1160810916D01B490A68012AFBD931
S21402ECC049680905090D091DC900084A1268012A82
S21402ECD000D14908002A03D1282202E00C208BE743
S21402ECE01922FFF757FE01B0F0BD00006C3F00008E
S21402ECF0D44000A82C4000A8EC4001A8FFFF030067
S21402ED00846201A8504000A80C6000A80C5000A81D
S21402ED10403E0000846000A84C6201A8584201A848
S21402ED20903E0000845201A81C4000A880B5FEF761
S21402ED3023FA01207E49086001BD80B5EB2000F071
S21402ED4001F801BD30B57B490B681840102213420A
S21402ED5010D0794B794C2468224008D0A94A14680E
S21402ED602402FF252D022540DD6200241460802245
S21402ED7052031A60086030BDF3B5010016001C008D
S21402ED8000250095A048019A330000270BE0BC46F8
S21402ED904F5D4743AE009E597E40575D474337401E
S21402EDA0664637436D1CA542F1D3390939438A08B2
S21402EDB00A43510811430840C10901430F208A0B38
S21402EDC00A4302405040F6BDF1B582B00E00002064
S21402EDD08C4908608D4DEF7AA87A01900F21394050
S21402EDE000910ED00B468A4A8A490298FFF7C4FF62
S21402EDF0019901408348016087484143874808409B
S21402EE0001D1012400E04401380915D032003B0943
S21402EE1029000298009E6D7A75194019FFF7ACFF1B
S21402EE20019909110140774802680B0113430360F8
S21402EE30002901D04800444379480068204001D1A7
S21402EE400420FEBD0020FEBD80B50A000021118010
S21402EE50744952888018FFF7B7FF02BD70B50F22BB
S21402EE60714B5C7905780F202040C5402009284068
S21402EE709C79C440E40701D4032070BD2F4C24685B
S21402EE80A50705D59D684600AD5B6D1E674E3560CD
S21402EE90DD78DE79C640F00711D5E0060FD5002DE5
S21402EEA00DD0634848600888488008881C78001996
S21402EEB02A4080185A7880182A09801800E0002014
S21402EEC00880002070BD80B55A4801685A4A08205A
S21402EED0014201D050611061C90602D5862109019E
S21402EEE011605649564A126812040CD5554A1268E1
S21402EEF0530401D5C00305E0C0239B011340420220
S21402EF00934200D008600D480078C022024002D129
S21402EF108020400508604C480068202210400860A7
S21402EF204A480068C00101D4FFF707FF01BD000090
S21402EF302C4000A8703F00001C1002A8C43E00002F
S21402EF40F8B5434F38687E6806404248304042492A
S21402EF5008608024A403414DF00228D54048016889
S21402EF60080606D53F480068A860012028700220DF
S21402EF7015E00120014202D03B49A9600FE00020C3
S21402EF80C9060CD52A49A960384A91780B071B0F87
S21402EF9012789A1809095118A980E880A888A880CA
S21402EFA0A888002801D0264301E0FFF7C6FE2640C7
S21402EFB026D0294E74603460A88800280ED0F969DD
S21402EFC081420BD3291D2A48AA6890470100F3D034
S21402EFD0FEF7D2F8012027490860F1BD01000CD0E7
S21402EFE0FC218902B161244902038A6134604C60C3
S21402EFF0FA69824204D30C60F1BDEB20FFF7A2FE51
S21402F000F1BD00004C3E0000010101013C3F000042
S21402F010F43E0000343F000011110000218400007D
S21402F020F03E0000143F0000443F0000204000A8CD
S21402F03029230000F84F0000302102A8441002A83D
S21402F040384101A8204201A8084001A8CC4000A8E7
S21402F050B44000A8FFFFDFFFB46000A8503E0000E7
S21402F060C43E0000B03700003D230000453F0000CC
S21402F070D44000A82C4000A8B45000A8FEB5C0207A
S21402F080C0043649086036483649C86510243648F2
S21402F0900460102000F0B0F801005ED1FF200005E9
S21402F0A03249086032483349086033482D490860BF
S21402F0B025042E48056031480768082000F09CF8B1
S21402F0C001004AD108262E480660012000F094F876
S21402F0D02A48806802902B4806602B48214908601F
S21402F0E022480560082000F087F8010035D1244840
S21402F0F00660012000F080F8204DA86801902148A3
S21402F1000660184E214830600299019800F046F8D1
S21402F1100104FC208003084000900298C10B01986D
S21402F120C00B00F03BF80006FC2189050140009860
S21402F130014317480A0C4240FF239B1CD21810407A
S21402F140084330602F60E00308490860286828609A
S21402F15010480460104981640020FEBD20E000A82B
S21402F160F71700002C0102A8401102A8B02002A83E
S21402F1700000380EB01002A810103030E04001A88F
S21402F180E05001A8E06001A83030101020202020B6
S21402F1903F3F0000402102A8F7FFF00010B54904E7
S21402F1A0CA104004C310991A00209A18D30F9A184E
S21402F1B0521052188B115B0E5B18DB11D2182023EB
S21402F1C0541A01D422001843CC0F611849105B0868
S21402F1D0F6D110BD10B5C409FFF711FB201A31286D
S21402F1E006DAC000183801D4C01EFDD5002010BDB6
S21402F1F02000FFF70EFB10BDC32148436F3801D431
S21402F2001E38FDD50020704710B5C20018231340E3
S21402F210FF249C40E2438907090E9940030004D468
S21402F22076489B089B00C01806E0B04B0007000F0C
S21402F230083880088000181803681A4011430160D5
S21402F24010BD80B57B225421002000F021FA01BDBA
S21402F25010B500F063FA0121694A1160694B6A4AE7
S21402F26013606A4A13600323694C2360694C236067
S21402F270694B1960694B196080239D4C2360D160ED
S21402F28000F050FA10BD00F049FA050000240121F2
S21402F29060B2FFF7B9FF641C0E2CF8D301210F20D1
S21402F2A0FFF7B2FF01211120FFF7AEFF0121132065
S21402F2B0FFF7AAFF01211720FFF7A6FF032101206F
S21402F2C0C043FFF7A1FF01211B20FFF79DFF01218D
S21402F2D01C20FFF799FF01211D20FFF795FF012152
S21402F2E01E20FFF791FF01211F20FFF78DFF6E48BA
S21402F2F06E4908606E48C16AC162016801600220F8
S21402F3006C49086001208549086047046A4C2068F9
S21402F3103840FCD0FDF7C7FF280000F003FA754D11
S21402F3200AE000281BD0FDF7EDFF18E02068384001
S21402F330FCD0300000F0F6F9206D0004000F022821
S21402F34001D1FEF76FFB00F0E9F90600FDF7EAFFD0
S21402F3500028A878E5D0002801D1FDF7DCFF0120BF
S21402F3606978002909D12978002905D16C490968EC
S21402F370890601D44F49086030BF00216970297898
S21402F3800029D6D102214B4A116064490860CDE7B4
S21402F3906448016842680A40634810401A49086097
S21402F3A0800703D5A0480188491C0180704770B5C4
S21402F3B05E48016840680840000E00065C498022EC
S21402F3C01205104218D05B4B1C68641C1C605A4C19
S21402F3D05A4D2D682D0407D5A568002D04D00725A3
S21402F3E00D600125A74E3560402525601B68012B60
S21402F3F002D910238B62CA67886770BD00E400E0FA
S21402F400040002A80000FF3F282002A82C1002A831
S21402F41040E002A844C002A804C001A8044001A813
S21402F420F8B5824C206B616B01400091964D084600
S21402F430286000989549014001D0FFF7C3FB802061
S21402F440009901401CD0F821C90123680B4017D04F
S21402F450C0221201934213D880231B06EB62266851
S21402F4600E40944F3F683F043F0F022F01D0032FF8
S21402F47003D1002E01D09642F1D38F490B6028604B
S21402F4808E48007806280DDA0098CC2189010140C2
S21402F49008D000F043F904000098FDF735FC200080
S21402F4A000F040F9F1BD0000FFFF9BF800E100E02C
S21402F4B0E04001A85C2002A85C0002A810B58048C3
S21402F4C0016844680C407F48046080210C4205D0E5
S21402F4D041607D4801600020FDF716FC600403D5FC
S21402F4E0802040057949086010BD00001CED00E050
S21402F4F0505201A8723E000038B57548016844684B
S21402F5000C40E00707D500F009F90500FDF792FC6C
S21402F510280000F007F96F48046031BD5C1002A8AD
S21402F520F40302A8280002A8FFFF00C0B44000A807
S21402F5303C6000A86C3E00002C4000A8384101A8A0
S21402F540FEB5654C206C666C064001273E4216D01E
S21402F5503D0662480560206861490F60002802D0B7
S21402F5600021FDF72BFE5F480068A021C9018842F2
S21402F5708041C043C00F5C4988705C480560FDF757
S21402F580C1FE029002210E4049D06068C2B20192CA
S21402F590000A009008224B4B4C03554D0020019E5A
S21402F5A0012E27D0022E38D1009E012E24D1EE79CC
S21402F5B00096504E2F780C2047430020F0512878B2
S21402F5C0400590277F04C719032038434A4F386006
S21402F5D01C604A480460301D2B780C246343484C58
S21402F5E02468009FE419C45028780C2358433150ED
S21402F5F0444811E00091DCE7002E0ED1424E3760FF
S21402F6003C4E361D2D780C277D4370515C601C6085
S21402F610C8043E4B18603E480260314801600298BA
S21402F620FDF779FEF7BD0000703E00001C4201A8FF
S21402F63070B5FDF767FE040000F070F82E490A6800
S21402F640D20718D52B4A121DFA239B015D790C2688
S21402F650754356592A4D2D681E60CE689E604968CD
S21402F660D9808021C9041D4E3160197B69185B79E7
S21402F6700C256B43D15000F055F82000FDF74BFEE9
S21402F68070BD00003C5000A84C6201A802000600B3
S21402F690002800D0704710B50C00FDF733FE1D4958
S21402F6A00C6001221C4B1A600B6C1340FCD1FDF758
S21402F6B032FE10BDAC0002A8785201A8343E00000B
S21402F6C090C001A890E001A80CC001A804ED00E0DB
S21402F6D090C000A890E000A800C002A8401002A8AF
S21402F6E040E002A8404000A8723E0000402002A867
S21402F6F0853E0000300000A860C101A894D001A891
S21402F700200000A8F42302A860E101A880E200E03D
S21402F710F41302A8008002A8409002A8EFF310801B
S21402F72072B67047002800D162B6704780B5FDF702
S21402F73031FEB348006800030AD4FEF75DF8FEF710
S21402F740BDFEFDF7CAFF0120FEF794FEFEF770FB32
S21402F75080208005FDF7CEFD01BD80B5FDF71AFEBF
S21402F76080204002FDF7C6FD01BDF8B5FDF7B4FDE9
S21402F770052098490860FDF7B8FDFDF7ECFEFDF799
S21402F78009FEA048016800919F4B406818609F4898
S21402F79001688A05D00F0022012421420FD0009270
S21402F7A09B4D6E681E602E689A4B1F68BD1BBE423C
S21402F7B002D39F69ED196D1C974FBD42F5D3974D45
S21402F7C02A60002803D00098FDF76EFB0090286898
S21402F7D0204004D16846FDF7EAFE002802D10098D0
S21402F7E0FDF73BFFAA4804606004FDF783FDF1BD08
S21402F7F038B5A84CE06BC00506D580200006206010
S21402F80000BF00BF40082060FDF792FFFDF7C2FD73
S21402F810FDF7F4F90500A048A0490860FFF785F84F
S21402F8208020C002FDF766FD002D01D080202060FA
S21402F83001209B49087031BDF8B5FDF7ABFDFDF719
S21402F8404BFD02249348C06B000405D4FDF75AFD15
S21402F85094490C60FDF75FFDFDF747FD1020C0439D
S21402F8609149086000258B48856390480560FFF73C
S21402F870C4F80700FB26B601002F02D0FFF762F895
S21402F88000E035602C20305C0521014002D0FDF7F7
S21402F8900DFE01E0FDF717FEF06A044002D00120DB
S21402F8A07C490860FFF70FFB002F01D0FFF7B2F884
S21402F8B080200003FDF71EFDF1BD80B5FDF76AFD51
S21402F8C04F480068000303D4FDF707FFFEF7B0FABF
S21402F8D080204003FDF70EFD01BD38B5FDF75AFD49
S21402F8E06C4C2025FEF7A6FE002806D0206B0007EB
S21402F8F004D5FEF7C4FEFEF74FFB2560FDF7EDFECE
S21402F900FEF796FABD4800780C210140042902D180
S21402F910FDF7CCFD01E0FDF7D6FD6804FDF7EAFC35
S21402F9204020206031BD1CB5FDF7D6FC05202949D4
S21402F9300860FDF7DAFCFDF72DFDFEF7A0FEB048E5
S21402F940006800906846FEF7D7FA0400FEF7EDFF5F
S21402F950002C02D10098FEF745FB80204004FDF7FC
S21402F960C9FC13BDF8B5FDF715FDA64C256A502057
S21402F970284002D0FDF79AFD01E0FDF7A4FD454FB1
S21402F980FEF758FE00281BD1786B40071DD4386B53
S21402F990E0214901014018D1A80611D4FDF79CFCCC
S21402F9A0256A994E354207D0FF20C0432D1825629E
S21402F9B08020000595490860FDF797FC2E4002D08E
S21402F9C00120386001E00020206080208004FDF7DE
S21402F9D091FCF1BD3C1102A880B5FDF7DBFCBC48EA
S21402F9E00068400601D5FDF778FE0120FEF742FDCD
S21402F9F0FEF71EFA8020C004FDF77CFC01BD000065
S21402FA000C0002A8B83F0000483E0000400002A8D2
S21402FA10D03E000020C001A801FF00003C3E0000CE
S21402FA2010B576480468FDF7B5FCAA4909680903CB
S21402FA3028D40321C00601D5214001E0A0080140D8
S21402FA40012902D1FDF732FD0BE0200107D50E2079
S21402FA50FFF76CF9A0480421016008210160FDF758
S21402FA6032FD9E4C20699E490860FEF75EFF2068C4
S21402FA70002807D04000122802D2FFF7BDFB01E0A3
S21402FA80FEF7A3FE80208003FDF734FC10BD0000C5
S21402FA90402002A8100002A870012000B46000A84E
S21402FAA0733E00007CE40350442002A84C3E000053
S21402FAB0F8B584B001266846067000270297FDF75F
S21402FAC069FC0390834C2068000300D58FE0032076
S21402FAD0A449C863A4480068A44D0F210F2202401F
S21402FAE0032A03D0000B014006294DD1A048006826
S21402FAF0A0498E6DE16B890701D59E49CE6DFEF752
S21402FB00CAFE8619FEF779FF00280ED02879C106AC
S21402FB100BD02868090D4143890B76189549096868
S21402FB20002902D10002400C3618002E01D501979A
S21402FB3000E00196606B0107C80F03212A6B0A409A
S21402FB40022A1BD1039AD20618D5AA68D30513D562
S21402FB50A66B894B1E409E4203D11021814AD16377
S21402FB600CE092050AD4E26B2823134006D16B46BA
S21402FB701F70264A116001E06A46177002906846B6
S21402FB800678002E03D10FE07A48406D0190FEF70A
S21402FB9051FD002808D0FEF772FD0298002802D018
S21402FBA0FEF7FAF900E0002602206E490860002EF1
S21402FBB010D03020285C0C210140042902D0A06B12
S21402FBC0C00602D5FDF772FC01E0FDF77CFC2020A2
S21402FBD060600CE0FDF781FD01A8FEF78DF90400D8
S21402FBE0FEF7A3FE002C02D10198FEF7FBF9802057
S21402FBF00004FDF77FFB05B0F0BD0000EC3E000000
S21402FC00CC3F0000CC3E000000FFFF00441002A8DC
S21402FC10FEB500240194FDF7BDFBFEF786FE574EA7
S21402FC20F06E574D0007000F072807D170680028AE
S21402FC3004D40020FEF71EFC286841E001210320C0
S21402FC40504A73685B070BD44F4B1B680B4007D0B8
S21402FC501368DF050BD55B0502D43368DB0503D4D6
S21402FC600191916A890904E01021484B1960916A52
S21402FC700909084000900020FEF7FCFB00980028C7
S21402FC8005D17068C00602D4FDF71DFC01E0FDF741
S21402FC900DFC00200199002903D13D480068FEF7BB
S21402FCA0FAFD6969401801D5009400E000906846A4
S21402FCB0FDF77DFC002805D10098FDF7CEFCA8696B
S21402FCC00749086080200005FDF714FBF7BD000019
S21402FCD0440102A80C0002A880E200E0AC3F00004B
S21402FCE0483E0000F8B5FDF755FB002400252948DC
S21402FCF0066B80277F05300606D5300709D5FEF746
S21402FD00BEFCFEF749F929E001251F480068284095
S21402FD1019D00020FEF7AEFB0220064002D01E4994
S21402FD200C60C8611D480468002D03D02000FDF752
S21402FD304FF90400FEF7A3FC2000FEF753F9380043
S21402FD40FDF7D8FAF1BD16480078C02101404029D7
S21402FD5002D1FDF7ABFB01E0FDF7B5FB20200D4914
S21402FD600860ECE7082002A8AC0002A8BC3E00002F
S21402FD700CC101A86C3F000010000010400002A851
S21402FD80BC3F0000C43E0000B44000A8441002A8D5
S21402FD901CC101A8100002A8180000AAD83F000043
S21402FDA0EC3E0000FFF754FA024803494860FFF7AA
S21402FDB06AFA00BF672700000000000080B5EFF374
S21402FDC005800B2801D23A2100E029218C2252001C
S21402FDD00020FFF75DFCFEE70020202020202020E8
S21402FDE020202828282828202020202020202020E4
S21402FDF020202020202020202088101010101010F4
S21402FE00101010101010101010040404040404043F
S21402FE1004040410101010101010414141414141D9
S21402FE2001010101010101010101010101010101BB
S21402FE3001010101101010101010424242424242CB
S21402FE40020202020202020202020202020202028B
S21402FE500202020210101010200000000000000033
S21402FE60000000000000000000000000000000008B
S21402FE70000000000000000000000000000000007B
S21402FE80000000000000000000000000000000006B
S21402FE90000000000000000000000000000000005B
S21402FEA0000000000000000000000000000000004B
S21402FEB0000000000000000000000000000000003B
S21402FEC0000000000000000000000000000000002B
S21402FED0000000000000000000494E4600696E6601
S21402FEE0004E414E006E616E0030003031323334C7
S21402FEF0353637383941424344454600303132338D
S21402FF0034353637383961626364656600496E6631
S21402FF10696E697479004E614E005245454E542012
S21402FF206D616C6C6F63207375636365656465648D
S21402FF30002F646174612F6A656E6B696E732F772A
S21402FF406F726B73706163652F474E552D746F6FBA
S21402FF506C636861696E2F61726D2D31322F737218
S21402FF60632F6E65776C69622D63796777696E2F8A
S21402FF706E65776C69622F6C6962632F7374646C4A
S21402FF8069622F64746F612E630042616C6C6F63EA
S21402FF9020737563636565646564002F64617461CC
S21402FFA02F6A656E6B696E732F776F726B737061F3
S21402FFB063652F474E552D746F6F6C636861696E6B
S21402FFC02F61726D2D31322F7372632F6E65776CCF
S21402FFD069622D63796777696E2F6E65776C6962E1
S21402FFE02F6C6962632F7374646C69622F6D707212
S21402FFF065632E6300000000050000001900000083
S2140300007D000000000000000080E03779C3414314
S214030010176E05B5B5B89346F5F93FE9034F384D66
S214030020321D30F94877825A3CBF737FDD4F157512
S214030030000000000000F03F000000000000244025
S21403004000000000000059400000000000408F4000
S214030050000000000088C34000000000006AF8406B
S2140300600000000080842E4100000000D01263418F
S2140300700000000084D797410000000065CDCD4105
S214030080000000205FA00242000000E876483742E6
S214030090000000A2941A6D42000040E59C30A24284
S2140300A00000901EC4BCD64200003426F56B0C43F9
S2140300B00080E03779C3414300A0D88557347643A0
S2140300C000C84E676DC1AB43003D9160E458E14301
S2140300D0408CB5781DAF154450EFE2D6E41A4B4476
S2140300E092D54D06CFF08044F64AE1C7022DB544BB
S2140300F0B49DD9794378EA44232D302B2000686CCD
S2140301004C00656667454647004300504F534958C1
S214030110002E002C2066756E6374696F6E3A20009D
S214030120617373657274696F6E202225732220666D
S21403013061696C65643A2066696C652022257322C2
S2140301402C206C696E65202564257325730A00626E
S214030150675F6D657373616765207265636569764E
S2140301606572730062676275660061636C006C6C2F
S2140301705F636F6E6E656374696F6E006C6C5F6150
S21403018064765F736574006761705F636F6E746532
S2140301907874006C6C5F76616C696461746F72006E
S2140301A06D6573685F70726F765F64620062675F27
S2140301B06D65737361676500736F66745F74696DED
S2140301C065725F6D65737361676500666F756E64F0
S2140301D06174696F6E5F636D64006C6C5F616476F7
S2140301E05F73796E63006C6C5F7363616E5F7379C4
S2140301F06E63006761705F706572696F6469635FE1
S214030200616476006761705F706572696F646963C5
S2140302105F73796E63006C326361705F636F635FF5
S2140302206368616E6E656C006D6573685F70726F90
S214030230765F64625F6170706B6579006D6265649A
S214030240746C735F636F6E74657874006401030087
S2140302506A0103006E0103007C01030087010300AB
S21403026093010300A0010300AD010300B8010300DE
S214030270CB010300DA010300E6010300F3010300E8
S2140302800402030016020300280203003C020300D4
S21403029062676275665F696E0062676275665F6F46
S2140302A075740062676275665F6E6F666C6F770063
S2140302B062675F6D616C6C6F63000000C80A0300C1
S2140302C000000000340303000100000076958CE074
S2140302D000F04902C80A03000000000058030300A8
S2140302E0010000005A95E5D300F04902C80A03004E
S2140302F0000000007C03030001000000CD89D60B3C
S21403030000F04902C80A030000000000A00303002F
S2140303100100000041B6A9F200F04902C80A030032
S21403032000000000C4030300010000007A207322CB
S21403033000F04902E8030300809C2B8F80841E0094
S2140303400000000027005200600E0020000000009E
S214030350740E03000000000048050300809C2B8FEA
S21403036080841E000000000027005200600E00205C
S21403037000000000740E030000000000A80603003F
S214030380809C2B8F80841E000000000027005200F4
S214030390600E002000000000740E03000000000042
S2140303A008080300809C2B8F80841E00000000003A
S2140303B027005200600E002000000000740E0300A9
S2140303C00000000068090300809C2B8F80841E00B9
S2140303D00000000027005200600E0020000000000E
S2140303E0740E030000000000FC4F0103E40C03003E
S2140303F010400100004100003C40010000000000E6
S214030400484001002007040050400100000000009F
S2140304105C4001000D0F000004410100FF4C00008A
S21403042020400301000000861FC0010000200000DA
S2140304303840010100000000584004011800050080
S21403044040080000090000009200040080400F01ED
S2140304508C002C02000000001200120000808C1991
S214030460000000000002050E1C2F435362696861FA
S2140304705543320416100E0E0D0C0A080706050423
S214030480030302020201010101010100EC40010124
S21403049080B0B18CFC4003019C200B00055B6080A0
S2140304A04737414A0C410301B85512002A19492916
S2140304B00908404028410101FFDD000038410701DB
S2140304C04CD4E83B04196F10080E141A20262C325D
S2140304D0383E10325476980A1D0000007041010120
S2140304E0C0030000344201010008000E4842010127
S2140304F058AA1EC07842010100000080388001011E
S214030500114910009C800301EB4002007038030081
S214030510D0000000A8800111F0010000A88001317E
S214030520055AFD01AC800111F0010000AC800131D9
S214030530053EFD00E40001026C2C5111540101023A
S214030540C43F0000FFFFFFFFFC4F0103340D030011
S21403055010400100004100003C4001001000000074
S214030560484001002007040050400100000400003A
S2140305705C4001000D0F00000441010003C00100B0
S21403058020400301300000461FC801000020001071
S214030590384001010000000058400401180005001F
S2140305A0400800000900000092000A0080400F0186
S2140305B08C002C0200000000120012005B808C1BD3
S2140305C0000000000002050E1C2F43536269686199
S2140305D05543320416100E0E0D0C0A0807060504C2
S2140305E0030302020201010101010100EC400101C3
S2140305F080B0B18CFC4003019C200A00016120807E
S214030600B75635120C410301B8551200A01B042936
S21403061008884040284101010000000038410701D6
S2140306204CD4E83B04196F30080E141A20262C32DB
S214030630383E10325476980A1D5F0000704101015F
S21403064000000000344201010008000E4842010188
S214030650F4811F0078420101000000003880010188
S214030660114910009C800301EB4002007038030020
S214030670D0000000A8800111F0010000A88001311D
S214030680055AFD01AC800111F0010000AC80013178
S214030690053EFD00E40001026C2C511154010102D9
S2140306A0C43F0000FFFFFFFFFC4F0103840D030060
S2140306B010400100004100003C4001001000000013
S2140306C048400100201704005040010001040000C8
S2140306D05C4001000D0F00000441010003C001004F
S2140306E020400301300000461FC801000020001010
S2140306F038400101000000005840040118000500BE
S214030700400800000900000092000A0080400F0124
S2140307108C002C0200000000120012005B808C1B71
S214030720000000000002050E1C2F43536269686137
S2140307305543320416100E0E0D0C0A080706050460
S214030740030302020201010101010100EC40010161
S21403075080B0B18CFC4003019C200A00016120801C
S214030760B75635120C410301B8551200A01B0429D5
S2140307700888404028410101000000003841070175
S2140307804CD4E83B04196F300A10161C22282E346A
S2140307903A4010325476980A1D5F80A470410101D6
S2140307A000000000344201010008000E4842010127
S2140307B0F4811F0078420101000000003880010127
S2140307C0114910009C800301EB40020070380300BF
S2140307D0D0000000A8800111F0010000A8800131BC
S2140307E0055AFD01AC800111F0010000AC80013117
S2140307F0053EFD00E40001026C2C51115401010278
S214030800C43F0000FFFFFFFFFC4F0103D40D0300AE
S21403081010400100014100003C40010000000000C0
S21403082048400100A00704005040010000000000FB
S2140308305C4001000000000004410100FF4C000082
S21403084020400301000000861FC001000060000076
S2140308503840010100000040584004016402FF00D4
S21403086040080000010000009200080080400F01CD
S2140308708C000C0200000000D703220000000000DA
S214030880000000000002050D1A2D3F5060686963E2
S21403089057463525150D0908070605050404040300
S2140308A0030303020202020201010101EC400101FB
S2140308B090382C8CFC4003019C200A00055B588072
S2140308C04737414A0C410301B85552002A194929B2
S2140308D0893B404028410101FFDD00003841070104
S2140308E0E853FA00000000000000000000000000CB
S2140308F0000000000000000000000000704101013D
S214030900C1030000344201010000000E4842010109
S21403091058AA1EC078420101000000003880010179
S214030920114910009C80030100000000707803004A
S214030930FFC00200A8800111F0010000A880013169
S2140309400542CB01AC800111F0010000AC800131FF
S214030950050A0D00E40001026C2C5111540101023A
S214030960C43F0000FFFFFFFFFC4F0103240E0300FC
S21403097010400100014100003C400100000000005F
S21403098048400100A007040050400100000000009A
S2140309905C4001000000000004410100FF4C000021
S2140309A020400301000000861FC001000060000015
S2140309B0384001010000004058400401C804FF000D
S2140309C040080000010000009200040080400F0170
S2140309D08C000C0200000000B6032200000000009A
S2140309E0000000000002050E1C2F43536269686175
S2140309F05543320416100E0E0D0C0A08070605049E
S214030A00030302020201010101010100EC4001019E
S214030A1090E82B8CFC40030190200A00055B58806D
S214030A204737414A0C410301F56252002A19492906
S214030A30893B404028410101FFDD000038410701A2
S214030A40E853FA0000000000000000000000000069
S214030A5000000000000000000000000070410101DB
S214030A60C1030000344201010000000E48420101A8
S214030A7058AA1EC078420101000000003880010118
S214030A80552510009C8003010000000070780300C9
S214030A90D0000000A8800111F0010000A8800131F9
S214030AA00542CB01AC800111F0010000AC8001319E
S214030AB0053EFD00E40001026E2C511354010102B1
S214030AC0C43F0200FFFFFFFF0C400100018101004D
S214030AD02040020000000000010000003040030038
S214030AE0000000000000000000000000404002007C
S214030AF0000000000040000060400100010100000B
S214030B00A840010007000000BC40040000000000ED
S214030B100000000000000000000000000841030081
S214030B20FF4C0000FF4D0000FF4D000020C00110E9
S214030B3000F8070020C00130F502080024C00800B2
S214030B4000130000EC80B38343754051A00F0048A8
S214030B503040000000000000000000002E020000ED
S214030B6050C00400511130040E2D09E65406070840
S214030B70D1B6020064C00A000430001C40301809D5
S214030B800D647920EBFCFB017FF6E803BD4B721581
S214030B9011A3180510325476980A000000000000CE
S214030BA0080001010807000018000101AAAAAA000C
S214030BB0200001010060DA001C4001011000000063
S214030BC02C4003010080000000000003000000002A
S214030BD0684002012941767100000000BC40020112
S214030BE00000000000000000E040020133000000A7
S214030BF000000000F4400201640483078813C83A27
S214030C002441010100000000304102016406660C25
S214030C100C0100005441010101010000684102017A
S214030C206404830788138200304201010000000039
S214030C3038420201000000000000000044420101A7
S214030C4000000000544209010000000000003C00C0
S214030C500000000000000000555555551700000021
S214030C600000000000000000AAAA06007C42020161
S214030C7000000000000000001080010103000000D7
S214030C803C80010101000000B08002010003000265
S214030C903700000198000202000C00044C0000001C
S214030CA0A400010200040000D0000202050040AACE
S214030CB088010000F4000202000000003D21081134
S214030CC0FC0001123F000000FC0001320054040047
S214030CD030010102600051026801010200040000B5
S214030CE0FFFFFFFF10000000000080000000000070
S214030CF00C0F0300D00E03000000000080259600B2
S214030D000048E80140420F000108F500114950026F
S214030D1000000000780E0300000000000000000042
S214030D20000000003D420F0000000000000000002D
S214030D30000000001000000000008000000000001B
S214030D400C0F0300DC0E0300000000008025960055
S214030D500048E80140420F000108F500114950021F
S214030D6000000000780E03000000000000000000F2
S214030D70000000003D420F000000000000000000DD
S214030D8000000000100000000000800000000000CB
S214030D900C0F0300E80E03000000000080259600F9
S214030DA00048E80140420F000102F50011495002D5
S214030DB000000000780E03000000000000000000A2
S214030DC0000000003D420F0000000000000000008D
S214030DD0000000001000000000008000000000007B
S214030DE00C0F0300F40E030000000000004786000B
S214030DF00048E80180841E000101F50011495002F5
S214030E0000000000780E0300000000000000000051
S214030E100000000054841E000000000000000000D4
S214030E20000000001000000000008000000000002A
S214030E300C0F0300000F030000000000841743009C
S214030E400024F40040420F000101F500552550032D
S214030E5000000000780E0300000000000000000001
S214030E600000000038420F000000000000000000F1
S214030E7000000000030000000200000000F049022A
S214030E800614000000E0930405380000A0080000E4
S214030E900000580901040706100A01040707C80AD8
S214030EA000040807800B00040808380C000409082F
S214030EB0610800000000680800000000C70901047C
S214030EC004032C0B01040404920C01040504000023
S214030ED050C30000E62D0000D0070000F5DA02003C
S214030EE0102700002C010000E5BF000010270000BB
S214030EF0C201000050C3000050140000FA000000B6
S214030F0050C30000FC210000B3010000193F010696
S214030F10041001000001010600102700000C000069
S20C030F200000000000000000C1
S20C030F28D401FD7F0100000067
S210030F303C0F0300C00A0020C7010000AD
S214030F3C9A9999999999C93F1200010000000000EB
S214030F4C0A0001000000000012000300010000006C
S214030F5C0000000002000800000000000000000073
S214030F6C00000000020005000000302E302E30007A
S214030F7C02000300000030303000000002000800BE
S214030F8C0000303030303030303000000A000E00B5
S214030F9C0000487964726F20436F6E74726F6C0036
S214030FAC0A00010000000000020010000000000010
S214030FBC000000000000000000000000000000001D
S214030FCC200004000000000000000000F2000000F7
S214030FDCF92500002C150020000000000207020073
S214030FEC0004010000F0490200800000C0EA210161
S214030FFCC0EA2101682E0020E811002000400700FB
S21403100C00A0000048190020C8000000FE000000E5
S21403101C000000002CC402008C0B00200400080700
S21403102C0200000083AC0200200000000000000059
S21403103C000000000000000000000000000000009C
S21403104C3129010000000000000000000000000031
S21403105C6112010000000000000000000000000008
S21403106C5D140100000000000000000000000000FA
S21403107CFD2201000000000000000000000000003C
S21403108C157F020000000000A925010000000000E7
S21403109C00000000000000005925010000000000BD
S2140310AC0000000000000000A52601000000000060
S2140310BC00000000752F01000000000000FFFFFF7A
S2140310CCFF000000FFFFFFFF219E020030CA020054
S2140310DCFFFFFFFF3CCA020019A2020015A2020082
S2140310ECFFFFFFFF25A20200FFFFFFFFD1A50200B3
S2140310FC27A60200FFFFFFFFFFFFFFFFFFFFFFFF19
S21403110CFFFFFFFF23270000000000000300000082
S21403111C642B0020A80C002000000000642B002089
S21403112CCC2B0020342C0020000000000000000014
S21403113C000000000000000000000000000000009B
S21403114C000000000000000000000000000000008B
S21403115C000000000000000000000000000000007B
S21403116C0000000043000000000000000000000028
S21403117C000000000000000000000000000000005B
S21403118C0000000043000000000000000000000008
S21403119C000000000000000000000000000000003B
S2140311AC00000000430000000000000000000000E8
S2140311BC000000000000000000000000000000001B
S2140311CC00000000430000000000000000000000C8
S2140311DC00000000000000000000000000000000FB
S2140311EC00000000430000000000000000000000A8
S2140311FC00000000000000000000000000000000DB
S21403120C0000000043000000000000000000000087
S21403121C00000000000000000000000000000000BA
S21403122C0000000043000000000000000000000067
S21403123C000000000000000000000000000000009A
S21403124C00000000D7B10200B3B10200000000009A
S21403125CD8FD0200110103004E0103004E010300EA
S21403126C4E0103004E0103004E0103004E01030022
S21403127C4E0103004E0103004E010300FFFFFFFF68
S21403128CFFFFFFFFFFFFFFFFFFFF000001004153BF
S21403129C4349490000000000000000000000000065
S2140312AC0000000000000000000000000000415396
S2140312BC4349490000000000000000000000000045
S2140312CC000000000000000000000000000000000A
S2140312DCFFFFFFFF00000000FFFFFFFF1700FFFFED
S2140312EC0E0000000000FF0301041F0101BF8FAFB7
S2140312FC7F8700370F10100004040F05140A030130
S21403130C0FFF0EFF0F7F000082B030BF084B1B6829
S21403131C03F00103002B08D00023019302E0019B8A
S21403132C01330193019B052BF9DD00BF02B0704717
S21403133CF0ED00E000B583B0184BDB6903F48033A3
S21403134C002B02D06FF0010324E0144B03F58053FB
S21403135C1A460123D360114B03F500531A46012397
S21403136C13640E4B4FF480721A610021012000F0B7
S21403137CD3F803468DF80730084B03F580531A460B
S21403138C01231364054B03F500531A460123D3605C
S21403139C9DF90730184603B05DF804FB00000350B4
S2140313AC00B585B00190234B03F580531A464FF4D2
S2140313BC00339366204BDB6903F48033002B14BF96
S2140313CC012300238DF80E301B4B41F67132DA6382
S2140313DC194B03F580531A460123D360164A019B17
S2140313EC5361154B02221A610021212000F094F858
S2140313FC03468DF80F309DF90F30002B06D10021D4
S21403140C212000F089F803468DF80F300A4B03F5BC
S21403141C00531A460123D3609DF80E30002B02D0DE
S21403142C054B0022DA639DF90F30184605B05DF8BC
S21403143C04FB00BF008000500000035000B58BB0C7
S21403144C03900291019200238DF81F30304B03F565
S21403145C80531A464FF4003393662E4BDB6903F422
S21403146C8033002B14BF012300238DF81E30294B29
S21403147C41F67132DA63274B03F580531A46012380
S21403148CD360039B0993029B089329E0019B069365
S21403149C099B03F5005323F4FF5323F01F03099A08
S2140314AC9B1A0593059A069B934228BF13460493EF
S2140314BC049A0899099800F06FF803468DF81F30C4
S2140314CC9DF91F30002B0FD1099A049B13440993E3
S2140314DC089A049B13440893019A049BD31A01930A
S2140314EC019B002BD2D100E000BF0A4B03F500533F
S2140314FC1A460123D3609DF81E30002B02D0054BF1
S21403150C0022DA639DF91F3018460BB05DF804FB16
S21403151C008000500000035084B0019000911B4BD8
S21403152C03932AE01A4BDB690293029B03F0040332
S21403153C002B02D04FF0FF3324E0019B03F0010392
S21403154C002B07D1029A134B1340002B02D06FF0DB
S21403155C010317E0029A019B1340009A9A4209D1A1
S21403156C029A0C4B1340002B02D06FF0010309E0D8
S21403157C002307E0039B013B0393039B002BD1D172
S21403158C6FF00203184604B0704700BF80969800AD
S21403159C000003500200010000B587B003900291CF
S2140315AC0192274A039B5361254BDB6903F0040323
S2140315BC002B02D04FF0FF333DE0029B1A1D029224
S2140315CC1F4A1B689361019B043B019319E0082196
S2140315DC0820FFF7A1FF03468DF817309DF9173047
S2140315EC002B05D0164B04221A619DF9173022E006
S2140315FC029B1A1D0292124A1B689361019B043BC1
S21403160C0193019B002BE2D10D4B04221A6100219E
S21403161C2120FFF781FF03468DF817309DF917300D
S21403162C002B06D100212120FFF776FF03468DF809
S21403163C17309DF91730184607B05DF804FB00BF4A
S21003164C00000350D9100000B11000008D
S8040028359E
