:10000000C00A002035280000B5060200B50602002F
:10001000872F0200B5060200B5060200B5060200F1
:10002000B5060200B5060200B5060200B5060200DC
:10003000B5060200B5060200D1010200B5060200B5
:10004000B5060200B5060200B5060200B5060200BC
:10005000B5060200B5060200B5060200B5060200AC
:10006000B5060200B5060200B5060200B50602009C
:10007000D7330200B5060200B5060200D525000000
:10008000C5250000B5060200B5060200B50602004F
:10009000B5060200B5320000B5060200B506020042
:1000A000B5060200790C0200510C0200B5060200F0
:1000B000B506020025C70100B506020081D1010086
:1000C000E7A80200E3A8020071C90100F3A802003A
:1000D000EBA8020059D10100EFA80200C1D1010034
:1000E00059AA01001DAC010031D20100B506020081
:1000F000B5060200B5060200B5060200B50602000C
:10010000B5060200B5060200B5060200B5060200FB
:10011000B5060200B5060200B5060200B5060200EB
:10012000B5060200B5060200B5060200B5060200DB
:10013000B5060200B5060200B5060200B5060200CB
:1001400010B52DED028B88B00190009172B600BF02
:100150005B4B1B68079362B600BF5A4B1B68079A3C
:10016000D31A18461DF02AFA02460B46CDE904239D
:10017000544A079B136050A3D3E90023DDE904012F
:100180001DF0C0FB02460B464F49C1E900234F4B0F
:100190001B78002B0AD04E4B1B78F92B09D84C4BFF
:1001A0001B780133DAB24A4B1A7002E0484B002246
:1001B0001A70464B1B78002B14D0454B1A78454BD0
:1001C0001B789A420ED3404BD3E90001424BD3E94E
:1001D00000231DF0DFFC0346002B03D0012001F0BB
:1001E00009F81FE0394B1B7883F00103DBB2002BC9
:1001F00003D0002000F0FEFF14E0344B1B7883F0A6
:100200000103DBB2002B0DD02F4BD3E90001324BA1
:10021000D3E900231DF0DCFC0346002B02D00220B2
:1002200000F0E8FF284BD3E900014FF000022B4B10
:100230001DF03EFA02460B46104619464FF00002EA
:10024000274B1DF07FF802460B46104619461DF05D
:10025000C9FC0346ADF80E30BDF80E30184600F06C
:100260009FFF03230293029812F0A6FC1D4B1B680C
:10027000002B19D01B4B1C6800F07EFF03461A466A
:10028000194BA3FB02235B099BB207EE903AB8EE31
:10029000E78A00F09BFF03461946144B1B681A4679
:1002A0000798B0EE480AA04700BF08B0BDEC028B2B
:1002B00010BD00BFAFF30080D7A3703D0AD7164032
:1002C000D0140020D8140020E0110020742D00204C
:1002D000762D0020770E0020C00A00200000594033
:1002E0000000E03FDC1400201F85EB51E0140020EB
:1002F000002370B5404C05468AB0E36318B100880E
:10030000236010F01DF93D4829F094FD3C4E3D4B13
:10031000304633603C4B736026F059FF0021304675
:1003200016F08CFA32A3D3E90023A062C4E90623B5
:1003300026F058FFD4E9062319431043C4E9060107
:10034000CDE900014FF0FF334FF0FF32A06A29F0F2
:10035000ECFD02224FF0FF31A06A29F0EBFD0120F5
:100360000FF068FE4FF4007300222849A06A29F0BC
:1003700035FEB0F5007F38D100239422CDE9073354
:1003800009933C23CDE9033205939623A06A03A980
:10039000069316F071FB35B3287C10F051FA054630
:1003A000F0B9A06A29F0FBFE10F0F8F90FF024FE76
:1003B00020B14FF4807000210DF096FE0FF02CFE5E
:1003C00020B14FF4006000210DF08EFE26F0CDFF2D
:1003D000012016F087FA0E4A0E49A06A26F0F5FEB3
:1003E00028460AB070BDFF20D7E70725F8E700BF11
:1003F0000DD501552000000058120020690345EC7E
:10040000CC250020B9FE0000DC250020CC230020F4
:1004100073710200B37102002DE9F04FC76997B004
:100420008346209E08910C92129355EC104B8DED53
:10043000000B7FB910201DF09FFD0246CBF81C0079
:1004400020B9A74BEF21A7481FF086F8C0E9017734
:100450000760C760DBF81C30196859B15A6801237E
:10046000584693404A608B601EF006FCDBF81C3057
:1004700000221A602B1EB7BF23F000430023012285
:100480000193A8BF3360019F974BB8BF3260BB4355
:1004900019D142F20F73129A1360C7F31303234367
:1004A00000F0DB85219B53B9904B21E0904B0393E7
:1004B0000833219A1360039817B0BDE8F08F8B4B77
:1004C00003930333F5E79DED007B0022002351ECFD
:1004D000170B8DED0A7B1DF053FB804650B10123B5
:1004E000129A1360219B13B1824B219A1360824BA5
:1004F0000393E0E7C7F30A5614AA15A958469DEDE1
:100500000A0B1EF041FE0290002E76D00B9BA6F245
:10051000FF36CDF84C80C3F3130343F07F53DDE97E
:100520000A0143F4401319460022744B1CF008FFE3
:1005300065A3D3E900231DF0BBF865A3D3E900232D
:100540001CF000FF04460D4630461DF047F862A33C
:10055000D3E900231DF0ACF802460B46204629469D
:100560001CF0F0FE04460D461FF080FD00220746F9
:100570000023204629461DF00DFB40B138461DF0F2
:100580002DF822462B461DF0FBFA00B9013F162F2D
:1005900052D85B4B03EBC703DDE90A01D3E9002323
:1005A0001DF0F8FA002849D0013F00231193149B55
:1005B0009B1B5A1E4CBFC3F101030023079245BF8A
:1005C0000693002306930793002F39DB079B1097B0
:1005D0003B44079300230993089B092B66D8052BFE
:1005E000C5BF043B002401240893089B023B032B56
:1005F00067D8DFE803F02D3A3859DDE914631E446B
:1006000006F23243202BC9BFC3F14003C3F12003DC
:100610009F4006F21243D8BF04FA03F006F1FF36FA
:10062000C4BF24FA03F347EA03001CF0C7FF01220A
:10063000A1F1F873139276E70123B7E71190B6E7BB
:10064000069BDB1B06937B42099300231093C3E7B1
:1006500000230D930C9B002B56DC012399461A4670
:1006600004930C920CE00123F3E700230D930C9B01
:10067000FB1803F1010904934B46012BB8BF01237A
:10068000DBF81C000021042202F114059D423FD931
:10069000416058461EF0B0FA039000283BD1194B38
:1006A000024640F2AF11CEE60123DFE7012400232A
:1006B0000D9408934FF0FF330022994604931223C0
:1006C000CFE701230D93F5E761436F63A787D23F1F
:1006D000B3C8608B288AC63FFB799F501344D33F31
:1006E0001AFF020031FF02000000F07F16FF020037
:1006F0000DFF0200EAFE0200E9FE02000000F83FE2
:10070000300003008AFF02000C9B99460493B7E770
:1007100001315200B8E7DBF81C30B9F10E0F039A33
:100720001A606FD8002C6DD0002F36DD07F00F0255
:10073000A04BF8054FEA271403EBC20393ED007BAF
:100740008DED0E7B17D59C4B04F00F044FF0030882
:10075000D3E90823DDE90A011DF0D4F8CDE9000151
:10076000954D5CB9DDE90E23DDE900011DF0CAF805
:10077000CDE900012BE04FF00208F1E7E10709D5D0
:1007800008F10108DDE90E01D5E900231CF090FF16
:10079000CDE90E0164100835E3E700F007817C42E3
:1007A000844B854D4FF0020804F00F02241103EB37
:1007B000C203DDE90A01D3E900231CF079FF00231D
:1007C000CDE90001002C40F0E580002BD0D1119B39
:1007D000DDE90045002B00F04C810022774B2046DC
:1007E00029461DF0D7F9002800F04381B9F1000F28
:1007F00000F03F81049B002B00F3E480DDE90A3424
:10080000CDE90034159B002B02DB0E2F40F3428212
:100810000D9A002A40F06782099C0025DDF81880B7
:10082000B8F1000F0DD0079B002B0ADD4345069A57
:10083000A8BF4346D21AA8EB03080692079AD31A18
:100840000793099B0BB30D9B002B00F0A682002C95
:1008500000F0A1822946224658461EF037FB029A34
:100860000146054658461EF087FA02990646584644
:100870001EF002FA099B1B1B099300F09182099A52
:10088000314658461EF022FB0290012158461EF0C8
:100890005DFA109B0446002B00F084821A46014644
:1008A00058461EF013FB089B0446012B03DC009BFB
:1008B000002B00F07C820026236904EB8303186977
:1008C0002AF09AFAC0F120001096079B184410F005
:1008D0001F0000F09182C0F12003042B40F38182BD
:1008E000C0F11C00069B034480440693079B03440D
:1008F0000793069B002B05DD1A46029958461EF009
:100900003FFB0290079B002B05DD21461A46584607
:100910001EF036FB0446119B002B00F07682214628
:1009200002982AF0B8FA002880F26F8200230A2287
:10093000029958461EF0C2F90D9B7E1E0290002BB4
:1009400000F05C82002329460A2258461EF0B6F9C0
:10095000049B0546002B03DC089B022B00F35E8200
:10096000B8F1000F05DD2946424658461EF008FB47
:100970000546109B002B00F0D082696858461EF097
:100980003BF90746002840F07F820D4B024640F2BB
:10099000EF2158E5E20706D508F10108D5E9002363
:1009A0001CF086FE0123641008350BE74FF00208A7
:1009B0000DE700BF30000300080003000000F03F17
:1009C0008AFF020020460022AC4B29461CF070FE34
:1009D0007E1E08F10108049CCDE9000140461CF090
:1009E000FDFDDDE900231CF063FEA54B00221CF099
:1009F000A9FCA1F15073CDE90E010F93002C3BD15E
:100A00000022A04BDDE900011CF09AFC02460B46D7
:100A1000CDE90023DDE90E231DF0DAF8002840F0CF
:100A20005781DDE90E2101F10043DDE900011DF0F0
:100A3000B1F800283FF4E2AE002425460C9BDDF817
:100A40000CA0DE434FF00008214658461EF014F972
:100A5000002D00F0A980B8F1000F05D0A84503D003
:100A6000414658461EF008F9294658461EF004F93A
:100A70009AE03E464C46B1E7834B03EBC40353E98F
:100A80000201039B1C440D9B002B4AD002460B46DF
:100A900000207E491CF036FFDDE90E231CF050FCDF
:100AA000DDF80CA0CDE90E01DDE900011FF0DEFA52
:100AB00005461CF093FD024630350B46DDE900018A
:100AC0001CF03EFC0AF8015B02460B46CDE9000132
:100AD000DDE90E011DF07CF8002865D100206C498D
:100AE000DDE900231CF02CFC02460B46DDE90E017B
:100AF0001DF06EF8002840F00D81A24500F0EA805C
:100B000000225E4BDDE90E011CF0D2FD00225B4BA2
:100B1000CDE90E01DDE900011CF0CAFDCDE90001BF
:100B2000C2E7DDE90E231CF0C3FDA046DDF80CA0F2
:100B3000CDE90E01DDE900011FF098FA05461CF031
:100B40004DFD024630350B46DDE900011CF0F8FB97
:100B50000AF8015B02460B46A245CDE900234FF09F
:100B6000000223D1494BDDE90E011CF0EBFB0246EC
:100B70000B46DDE900011DF02BF8002840F0CA808B
:100B800000204249DDE90E231CF0DAFB02460B4649
:100B9000DDE900011CF0FEFF70B1C24608F1FF382C
:100BA0001AF8013C302BF8D0374655E0334B1CF097
:100BB0007FFDCDE90001BDE7DDE90A34CDE9003470
:100BC000159B002BFFF628AE0E2F3FF725AE2E4BC0
:100BD00003EBC70393ED007B0C9B002B8DED047B97
:100BE00002DAB9F1000F64D0DDF80CA0DDE90045B0
:100BF000DDE90423204629461CF084FE1FF036FA66
:100C000006461CF0EBFCDDE904231CF051FD024616
:100C1000204606F130040B4629461CF091FB0AF8E9
:100C2000014B039C02460B46AAEB0404A14540F08D
:100C300082801CF087FB04460D46DDE904231CF08E
:100C4000C7FF002865D120462946DDE904231CF0B2
:100C500097FF08B1F3075CD4029958461EF00CF8D0
:100C6000002301378AF80030129B1F60219B002B64
:100C70003FF421ACC3F800A01DE400BF00002440F5
:100C800000001C4000001440300003000000E03F62
:100C90000000F03FA24B03EBC70393ED007B0C9BDE
:100CA000002B8DED047B9FDAB9F1000F9CDC7FF403
:100CB000C3AE00229B4BDDE904011CF0F9FCDDE929
:100CC00000231CF07BFF044600287FF4B5AE3E46AF
:100CD0002546B4E0DDE90A34CDE90034159B002B4C
:100CE00001DB0E2FD6DD089A012A36DC139A82B377
:100CF00003F23343099CDDF81880069A0121584617
:100D00001A440692079A1A4407921EF01FF80546E5
:100D100086E53E4653469A4613F8012D392A06D1F8
:100D2000039A9A42F7D13022039901360A701A7851
:100D300001321A7038E700227B4B1CF0B9FC00220C
:100D4000002304460D461CF01BFF00283FF450AF63
:100D500082E7149BC3F13603CCE709F1FF34099B0A
:100D6000A34208DBB9F1000FA3EB04040EDBDDF8AE
:100D700018804B46C1E7099B109AE31A0994DDF8E5
:100D8000188000241A444B461092B6E7069BA3EB4A
:100D900009080023B1E7029E71E5099A029970E5FE
:100DA000029672E5089B012B17DC009BABB9019BF7
:100DB000C3F313039BB9019B23F00046360D3605A0
:100DC00036B1069B012601330693079B0133079337
:100DD000109B002B7FF470AD1096012075E5002666
:100DE000F6E73FF486AD1C33069A1A4498440692FF
:100DF000079A1A4407927CE50346F4E7049B002B0C
:100E00002BDC089B022B09DC27E0B9F1000F1DDC6D
:100E1000089B022B1ADD3E46CDF81090049B002B58
:100E20007FF40CAE2146052258461DF047FF0146CF
:100E3000044602982AF02FF800287FF7FFADDDF86E
:100E40000CA0312301360AF8013BFBE50D9B3E4621
:100E5000CDF81090002B7FF483AD039F21460298BC
:100E600029F03DFF039B00F13009049A07F8019B2C
:100E7000FB1A9A4240F3CB8000230A22029958467B
:100E80001DF01CFF0290E9E72A6905F10C010C3006
:100E90000232920029F00EFF0122394658461EF018
:100EA0006FF8039BA846054603F1010ADDE9032319
:100EB00013440793009B03F0010309930AF1FF33E6
:100EC00021460298049329F00AFF4146069000F15A
:100ED0003009029829F0DFFF2A4621460746584686
:100EE0001EF0BAF8C268014602B358461DF0C4FEAF
:100EF000002F3ADA0122029958461EF041F82146A5
:100F0000029029F0C8FF002803DC29D119F0010F55
:100F100026D0B9F1390F1DD132E02846C1E700BF14
:100F20003000030000001440000024400A900298A2
:100F300029F0B1FF0A990C9058461DF09DFE0C9ABD
:100F40005ABB089B53B9099B43B9B9F1390F17D064
:100F5000002F05DD069B03F1310901E0002F2ADA9D
:100F6000DDF810A00AF8019B6EE5089B3B4304D115
:100F7000009B03F00103002BBCD0B9F1390F36D12F
:100F8000049F392307F8013BBA46013F1AF8013C98
:100F9000392B5AD001333B7056E5002F06DB089BF6
:100FA0003B4306D1009B03F0010313B9002AA1DCE7
:100FB000D6E7002AE1DC079B57460AF8019C534517
:100FC0002ED000230A22029958461DF077FEA8452C
:100FD00002904FF000034FF00A02414658460BD1F1
:100FE0001DF06CFE804605460AF1010A66E7DDF851
:100FF00010A009F10109B5E71DF060FE2946804601
:1010000000230A2258461DF059FE0546ECE7049BD2
:101010004FF00008002BCCBF1F460127039B1F4445
:101020000122029958461DF0ABFF2146029029F09B
:1010300032FF0028A8DC02D119F0010FA4D1BA4672
:1010400017F8013D302BFAD0FEE4039BBB429BD145
:101050003123039A01361370F6E4219B002B7FF4B1
:1010600025AA014BFFF744BA0DFF02000348044BC9
:10107000834202D0034B03B118477047DC110020B4
:10108000DC11002000000000064B0749C91A891036
:1010900048BF0131491003D0044B0BB10148184738
:1010A000704700BFDC110020DC11002000000000B0
:1010B00010B5064C237843B9FFF7D8FF044B13B1A2
:1010C0000448AFF300800123237010BD702D002071
:1010D00000000000280F030008B5054B1BB10549AF
:1010E0000548AFF30080BDE80840FFF7CDBF00BF63
:1010F00000000000B8140020280F0300A3F5803A78
:10110000704700BF174B002B08BF134B9D46FFF7DE
:10111000F5FF00218B460F461348144A121A29F096
:10112000B0FD0E4B002B00D098470D4B002B00D08C
:1011300098470020002104000D000D48002802D02F
:101140000C48AFF300801DF0E9FC200029001FF0DF
:1011500032F81CF0FFFE00BF000008000000000095
:1011600000000000C00A0020DC110020642E0020D6
:10117000000000000000000000B583B01FF0CEFEAC
:101180000190064B1B88ADF8023001981FF0D2FE8B
:10119000BDF80230184603B05DF804FB182D00209E
:1011A00000B585B00346ADF806301FF0B7FE0390DA
:1011B000054ABDF80630138003981FF0BBFE00BF40
:1011C00005B05DF804FB00BF182D002000B583B00A
:1011D0001FF0A4FE0190064B1B788DF80330019898
:1011E0001FF0A8FE9DF80330184603B05DF804FB1D
:1011F000712D002000B585B003468DF807301FF033
:101200008DFE0390054A9DF80730137003981FF078
:1012100091FE00BF05B05DF804FB00BF712D0020FA
:1012200010B586B08DED050A04900B4602928DF83C
:101230000F301FF04DF91FF04DF9094B1C68059850
:101240001CF0DEF902460B469DF80F10019104993F
:1012500000910449204621F047FA00BF06B010BDB6
:10126000C4150020A0BB020008B500F07DFE0021DF
:10127000074800F0E9FE1FF02BF91FF02BF9054B92
:10128000186820231B22044921F02EFA00BF08BD54
:1012900021120000C4150020C8BB020000B58DB0AB
:1012A0000390039B1B6823F47F4323F00703A84AA2
:1012B000934200F05B82A64A934200F2A483A54ABF
:1012C000934200F04583A34A934200F29C83A24AD2
:1012D000934200F07981A04A934200F294839F4A9E
:1012E000934200F0F2819D4A934200F28C839C4A23
:1012F000934204D09B4A934200F04E8183E39A4884
:1013000011F076FC0B900B9B002B2AD0974B1B689F
:101310009749184621F0E8F9944B1B6895491846FF
:1013200021F0E2F91FF0D4F81FF0D4F88F4B1868C1
:10133000914B00939323914A914921F0D5F98B4B1E
:1013400018680B9B8F4A904921F0CEF90B9801F059
:10135000EBF9864B1B688D49184621F0C5F900BF93
:10136000FDE7814B1B780221184611F07BFC0B90A6
:101370000B9B002B2AD07D4B1B687D49184621F022
:10138000B3F97A4B1B687B49184621F0ADF91FF081
:101390009FF81FF09FF8754B1868774B00939823C0
:1013A000764A774921F0A0F9704B18680B9B754A73
:1013B000754921F099F90B9801F0B6F96B4B1B6850
:1013C0007249184621F090F900BFFDE7664B187886
:1013D000002300930023A022A02111F021FC0B90F8
:1013E0000B9B002B2AD0614B1B686149184621F0EA
:1013F0007BF95E4B1B685F49184621F075F91FF0B9
:1014000067F81FF067F8594B18685B4B0093A123EE
:101410005A4A5B4921F068F9544B18680B9B594AAA
:10142000594921F061F90B9801F07EF94F4B1B6887
:101430005649184621F058F900BFFDE74A4B1B7882
:101440000221184611F022FC0B900B9B002B2AD096
:10145000464B1B684649184621F046F9434B1B682A
:101460004449184621F040F91FF032F81FF032F8D5
:101470003E4B1868404B0093A623404A404921F058
:1014800033F93A4B18680B9B3E4A3F4921F02CF93F
:101490000B9801F049F9354B1B683C49184621F07F
:1014A00023F900BFFDE7002000F0DEFA0B900B9B54
:1014B000002B1FD0012001F003F90346002B19D0A7
:1014C0002A4B1B683249184621F00EF91FF000F82C
:1014D0001FF000F8254B18680B9B2A4A2A4921F077
:1014E00003F90B9801F020F9204B1B682949184695
:1014F00021F0FAF80B9B002B40F08782002000F0CF
:10150000E7FA0B900B9B002B00F07F82012001F08B
:10151000D7F80346002B00F07882144B1B681C4957
:10152000184621F0E1F81EF0D3FF1EF0D3FF0F4B59
:1015300018680B9B134A144921F0D6F80B9801F058
:10154000F3F80A4B1B681349184621F0CDF85CE20A
:10155000A0000A03A0000103A0000601A0000A00E9
:10156000A0000100A0000600760E0020C415002097
:10157000E4BB0200E8BB020030C00200F0BB020086
:10158000FCBB020008BC02000CBC020024BC020030
:1015900038BC020040BC0200032001F091F8034671
:1015A000002B00F034829D4B1B689D49184621F0AA
:1015B0009BF81EF08DFF1EF08DFF984B1B6899491C
:1015C000184621F091F822E2032001F079F8034651
:1015D000002B0FD0914B1B689149184621F084F8DD
:1015E0001EF076FF1EF076FF8C4B1B688E49184666
:1015F00021F07AF88D4B1B780221184611F032FB4E
:101600000B900B9B002B2AD0844B1B6888491846F3
:1016100021F06AF8814B1B688649184621F064F86E
:101620001EF056FF1EF056FF7C4B1868824B00934D
:10163000C123824A824921F057F8784B18680B9BE6
:10164000804A814921F050F80B9801F06DF8734BF6
:101650001B687E49184621F047F800BFFDE7734B31
:101660001B780221184611F011FB0B900B9B002BED
:1016700000F0CF81694B1B686D49184621F034F8A2
:10168000664B1B686B49184621F02EF81EF020FFB0
:101690001EF020FF614B1868674B0093C623674A12
:1016A000674921F021F85D4B18680B9B654A664934
:1016B00021F01AF80B9801F037F8584B1B68634972
:1016C000184621F011F800BFFDE7039BB3F8053081
:1016D0009BB21E2B40F09F8105AA0DF11B030093C6
:1016E0001346012200211E2011F0E4FA0B900B9BFF
:1016F000002B1FD0012000F0E3FF0346002B19D080
:10170000464B1B685249184620F0EEFF1EF0E0FEE3
:101710001EF0E0FE414B18680B9B4A4A4A4920F0F4
:10172000E3FF0B9801F000F83C4B1B684949184651
:1017300020F0DAFF0B9B002B01D000BF70E19DF879
:101740001B30002B14BF01230023DBB2184600F02E
:1017500023FC1EF0BDFE1EF0BDFE304B1B689DF845
:101760001B203D49184620F0BFFF54E1039BB3F80E
:1017700005309BB21B2B40F086801EF0A9FE1EF0A8
:10178000A9FE264B1B683549184620F0ADFF039B88
:101790001B899BB203F00103002B67D01EF098FE5B
:1017A0001EF098FE1D4B1B682D49184620F09CFF2B
:1017B000002000F08DF90B901EF08AFE1EF08AFECC
:1017C000164B1B682749184620F08EFF0B9B002BF9
:1017D0001FD0012000F074FF0346002B19D00F4BDF
:1017E0001B681B49184620F07FFF1EF071FE1EF09B
:1017F00071FE0A4B18680B9B124A134920F074FFC4
:101800000B9800F091FF054B1B681249184620F019
:101810006BFF154B01221A7035E000BFC415002084
:1018200044BC02004CBC020064BC0200760E0020E6
:10183000E4BB0200E8BB020030C00200F0BB0200C3
:10184000FCBB020008BC02000CBC020024BC02006D
:1018500038BC020040BC02007CBC02009CBC020000
:10186000B0BC0200E8BC0200722D00201EF030FE69
:101870001EF030FE6C4B1B686C49184620F034FF9C
:101880006B4B00221A70039BB3F805309BB2202BE0
:1018900040F0C3801EF01CFE1EF01CFE624B1B6855
:1018A0006449184620F020FF039B1B899BB203F07C
:1018B0000103002B3ED01EF00BFE1EF00BFE5A4B18
:1018C0001B685D49184620F00FFF002000F04EF91C
:1018D0000B901EF0FDFD1EF0FDFD534B1B6857499C
:1018E000184620F001FF0B9B002B1FD0012000F0B9
:1018F000E7FE0346002B19D04B4B1B685049184696
:1019000020F0F2FE1EF0E4FD1EF0E4FD464B1868E8
:101910000B9B4C4A4C4920F0E7FE0B9800F004FF6B
:10192000414B1B684949184620F0DEFE484B012216
:101930001A7072E01EF0CCFD1EF0CCFD3A4B1B6815
:101940004449184620F0D0FE414B00221A7064E052
:101950001EF0BEFD1EF0BEFD334B1B683E4918460F
:1019600020F0C2FE039B5B680A930A9B03F001030D
:10197000002B54D0FFF700FC0346ADF82630FFF7EC
:1019800025FC03468DF825301EF0A2FD1EF0A2FDB9
:10199000254B1868264B1B781A462D4B1B782F4970
:1019A00020F0A2FE224B1B78002B13D0BDF826306E
:1019B000184600F08DF80890089B002B0AD01EF006
:1019C00087FD1EF087FD184B1868089B089A24496C
:1019D00020F08AFE1E4B1B78002B20D09DF825306E
:1019E000184600F0C3F80790079B002B17D01EF095
:1019F0006FFD1EF06FFD0C4B1868079B079A194985
:101A000020F072FE0BE000BF0AE000BF08E000BF5C
:101A100006E000BF04E000BF02E000BF00E000BF3E
:101A200000BF0DB05DF804FBC415002004BD02002A
:101A3000722D00202CBD020040BD020078BD0200C6
:101A400038BC020008BC02000CBC020040BC020012
:101A5000732D002098BD0200C0BD0200D8BD020059
:101A600004BE020024BE020000B585B003468DF816
:101A700007300DF10703012200211E2011F04CF95F
:101A80000390039B002B17D1032000F019FE03469F
:101A9000002B11D00B4B1B680B49184620F024FE7D
:101AA0001EF016FD1EF016FD064B1B689DF8072064
:101AB0000649184620F018FE039B184605B05DF84D
:101AC00004FB00BFC415002044BC020044BE020059
:101AD00000B585B00346ADF806301EF0F9FC1EF0E7
:101AE000F9FC1D4B1B68BDF806201C49184620F068
:101AF000FBFD022303931EF0EBFC1EF0EBFC164BE8
:101B00001868BDF80630039A154920F0EDFD0DF177
:101B100006031A4602211B2011F014F90290029BC1
:101B2000002B08D10C4B1B68BDF806200D49184648
:101B300020F0DAFD0AE01EF0CBFC1EF0CBFC064BD9
:101B40001B68029A0849184620F0CEFD029B1846F1
:101B500005B05DF804FB00BFC4150020C0BE020044
:101B6000E0BE02000CBF020038BF020000B585B025
:101B700003468DF80730012303931EF0A9FC1EF0E5
:101B8000A9FC214B1B689DF807202049184620F02E
:101B9000ABFD0DF107031A460121202011F0D2F808
:101BA0000290029B002B14D1174B1B689DF8072055
:101BB0001749184620F098FD1EF08AFC1EF08AFC9A
:101BC000114B18689DF80730039A124920F08CFDDC
:101BD00015E01EF07DFC1EF07DFC0B4B1B68029A8D
:101BE0000D49184620F080FD1EF072FC1EF072FCBC
:101BF000054B1868029B029A084920F075FD029B6C
:101C0000184605B05DF804FBC415002064BF02004F
:101C100084BF0200B0BF0200DCBF020008C00200A7
:101C200082B00190044B03F500531A46019BC2F8A1
:101C3000203400BF02B0704700C0035000B583B02D
:101C40000190019903481EF03BFA00BF03B05DF814
:101C500004FB00BF24C4035082B0034600918DF8FA
:101C600007309DF80730002B0AD09DF80730012B74
:101C700006D09DF80730022B02D09DF80730032BC9
:101C800008489DF807200121009B994013465B00FE
:101C900013441B01034403F500531033196000BFC4
:101CA00002B0704700C0035082B00190019B0E4A01
:101CB00093420FD0019B0D4A93420BD0019B0C4ADB
:101CC000934207D0019B0B4A934203D0019B0A4ADF
:101CD000934201D1012300E0002303F00103DBB2B2
:101CE000184602B0704700BF0080045000C0045086
:101CF00000000550004005500080055082B0019062
:101D0000019B304A93420ED0019B2F4A93420AD046
:101D1000019B2E4A934206D0019B2D4A934202D04A
:101D2000019B2C4A9342019B264A934245D0019B3A
:101D3000244A934203D0019B234A93423AD0019B09
:101D4000204A934207D0019B1F4A934203D0019B34
:101D50001E4A93422BD0019B1A4A93420BD0019BFF
:101D6000194A934207D0019B184A934203D0019B22
:101D7000174A934218D0019B124A934212D0019BFA
:101D8000114A93420ED0019B104A93420AD0019B04
:101D90000F4A934206D0019B0E4A934202D14FF65E
:101DA000FF730CE000230AE04FF6FF7307E04FF6E5
:101DB000FF7304E04FF6FF7301E04FF0FF33184666
:101DC00002B070470080045000C00450000005506D
:101DD000004005500080055000B58DB00121242041
:101DE00001F038FF242001F067FF099000230A93D7
:101DF0000023ADF82E3013E0BDF82E304FF47A7288
:101E000002FA03F3099AB2FBF3F3013B0A930A9B2C
:101E1000B3F5803F0AD3BDF82E300133ADF82E3034
:101E2000BDF82E30B3F5806FE6D300E000BF05AB00
:101E300000221A605A609A60DA6001238DF814302B
:101E4000BDF82E30ADF8163000238DF8143005ABF8
:101E500019461C481FF03EFA01AB00221A605A6076
:101E60009A601A7303238DF80A3001AB1A460021D9
:101E700014481FF0C0FA0A9912481EF05BF90A9B39
:101E80001B091A4600210F481EF027F900230422DF
:101E9000032103201FF0E2F80B4B4FF00312C3F8AD
:101EA0008025094BD3F87C35074A43F00103C2F87B
:101EB0007C35012103481EF025F900BF0DB05DF807
:101EC00004FB00BF0080045000C0035008B500218F
:101ED00008481EF017F9084BD3F87C35064A23F062
:101EE0000103C2F87C3503210320FFF7B5FE00BFD4
:101EF00008BD00BF0080045000C0035082B00346FC
:101F00008DF80730034B1B680133024A136000BF92
:101F100002B07047D014002000B583B001213A20F0
:101F200001F098FE01230322002102201FF096F801
:101F300001230193002300930123002200210220AA
:101F400003F088FC0120FFF76BFE1EF066FE0549DA
:101F5000002001F08FFB0120FFF770FE00BF03B0EF
:101F60005DF804FBFD1E000008B5094B1B78002B33
:101F70000CD11EF0EFF8FFF7CFFF21F0C1F80346B8
:101F8000044A1360024B01221A7000E000BF08BD32
:101F9000772D0020D414002000B587B003468DF8BB
:101FA0000F30204B1B789DF80F209A4236D01D4AE7
:101FB0009DF80F3013709DF80F3018461EF0DDF8B5
:101FC0009DF80F30002B1ED00023019300230093B7
:101FD0000023154A4FF47A71144808F0CFF80590A1
:101FE0001EF076FA1EF076FA114B1B68059A11491D
:101FF000184620F079FB104B1B68104A1360104BF9
:1020000000221A700BE00F4808F012F9074808F098
:102010000FF903210320FFF71FFE00E000BF07B008
:102020005DF804FB742D0020410100000415002020
:10203000C415002040C00200D0140020D814002095
:10204000752D0020E414002082B001900091044A14
:10205000019B1360034A009B136000BF02B07047EE
:10206000DC140020E014002000B58BB00390039B2B
:102070001B6823F47F4323F00703994A934240F0FF
:102080002881984B08220021122010F045FE09906B
:10209000099B002B2AD0944B1B689449184620F0CA
:1020A00023FB914B1B689249184620F01DFB1EF044
:1020B0000FFA1EF00FFA8C4B18688E4B00933D23DD
:1020C0008D4A8E4920F010FB874B1868099B8C4A7B
:1020D0008C4920F009FB099800F026FB824B1B6815
:1020E0008949184620F000FB00BFFDE7874B03221B
:1020F0000021142010F010FE0990099B002B2AD01B
:10210000794B1B687949184620F0EEFA764B1B682C
:102110007749184620F0E8FA1EF0DAF91EF0DAF9ED
:10212000714B1868734B00934B23734A734920F02B
:10213000DBFA6D4B1868099B714A724920F0D4FA9A
:10214000099800F0F1FA684B1B686F49184620F0B7
:10215000CBFA00BFFDE76E4B05220021162010F0E0
:10216000DBFD0990099B002B2AD05F4B1B685F4960
:10217000184620F0B9FA5C4B1B685D49184620F000
:10218000B3FA1EF0A5F91EF0A5F9574B1868594B84
:1021900000935923584A594920F0A6FA524B18681F
:1021A000099B574A574920F09FFA099800F0BCFA5A
:1021B0004D4B1B685449184620F096FA00BFFDE7C6
:1021C0000DF11B0207AB1146184610F0D1FD099026
:1021D000099B002B2AD0444B1B684449184620F029
:1021E00083FA414B1B684249184620F07DFA1EF0E5
:1021F0006FF91EF06FF93C4B18683E4B0093642357
:102200003D4A3E4920F070FA374B1868099B3C4A1A
:102210003C4920F069FA099800F086FA324B1B68B5
:102220003949184620F060FA00BFFDE79DF82130DB
:102230008DF810309DF820308DF811309DF81F304A
:102240008DF81230FF238DF81330FE238DF81430F3
:102250009DF81E308DF815309DF81D308DF8163024
:102260009DF81C308DF8173004AB0822002118208F
:1022700010F052FD0990099B002B2CD01A4B1B68C3
:102280001A49184620F030FA174B1B6818491846AF
:1022900020F02AFA1EF01CF91EF01CF9124B1868E7
:1022A000144B00937423144A144920F01DFA0E4B6A
:1022B0001868099B124A134920F016FA099800F091
:1022C00033FA094B1B681049184620F00DFA00BF7D
:1022D000FDE700BF00E000BF00BF0BB05DF804FBEE
:1022E000A00001005CC00200C415002068C002000C
:1022F0006CC00200E4C0020074C002009CC0020076
:10230000A8C00200ACC00200C4C00200D8C00200D5
:10231000DCC0020082B003468DF807309DF907301B
:10232000002B0CDB9DF8073003F01F0205499DF9D7
:1023300007305B09012000FA02F241F8232000BFB8
:1023400002B0704700E100E082B003468DF807302C
:102350009DF90730002B0DDB9DF8073003F01F02BD
:1023600006499DF907305B09012000FA02F260334B
:1023700041F8232000BF02B0704700BF00E100E039
:1023800008B502F0BDF81EF064FD2A4B1B6F23F068
:102390000703284A43F0030313671EF067FD264B2B
:1023A0009B6A03F00203002B05D1234B03F5005376
:1023B0001A46012393621F4BD3F8203123F0030305
:1023C0001C4A43F00203C2F820311A4BD3F82431DF
:1023D00023F00703174A43F00203C2F82431154BD8
:1023E000D3F8403123F00303124A43F00203C2F84A
:1023F0004031104BD3F8603123F003030D4A43F012
:102400000203C2F860310B4BD3F8403223F00303D0
:10241000084A43F00203C2F84032064BD3F80032B8
:1024200023F00703034A43F00203C2F800320023FB
:10243000184608BD0080005000C0005000B583B0B1
:1024400003F08AFD0346012B1ED1114B5B6E03F492
:102450008023002B0CBF012300238DF807300C4B89
:1024600003F580531A464FF480235366094B042228
:102470001A609DF80730002B06D0054B03F500537A
:102480001A464FF48023536600BF03B05DF804FB87
:10249000008000502020015030B599B03A4B0FAC6D
:1024A0001D460FCD0FC495E8070084E807004FF4E0
:1024B000E13311930023ADF84A304FF48053ADF867
:1024C0004C3003238DF855300AAB00221A605A6055
:1024D0009A60DA601A612D4B0A9329230B93052326
:1024E0008DF8313006238DF8333008238DF83530E0
:1024F00007238DF8373001238DF83930244A08AB93
:1025000092E8030083E8030002AB00221A605A60DD
:102510009A60DA601A615A6102AB08AA92E8030075
:1025200083E803000F238DF8103010238DF811304D
:10253000184B05932023069301238DF81D300023AB
:102540008DF81E300AAB0FAA02A913480090134859
:1025500006F0E4FA169000238DF85F309DF81E30E7
:1025600083F00103DBB2002B03D003238DF85F302F
:1025700000BF9DF85F3019464FF4E1301EF00DF8B2
:10258000169B184619B030BDC8C3020000000650A3
:10259000E4C30200A4150020501500202C150020D3
:1025A00000B583B00549064807F030F8FFF774FF1F
:1025B000019000BF03B05DF804FB00BF5C0B00207E
:1025C0002415002008B5024806F0EAFB00BF08BD4C
:1025D0002C15002008B5024806F0E2FB00BF08BD3C
:1025E0002C15002008B503481DF0B1FE034618461F
:1025F00008BD00BF2C15002000B585B003460A4673
:102600008DF8073013468DF806309DF80730022B01
:1026100003D09DF80730032B13D19DF80630012B12
:1026200003D09DF80630002B0BD1052100201DF0B2
:10263000A9FE0390039B0422052100201EF00EFD3D
:102640001AE09DF80630022B03D09DF80630032BCC
:1026500012D19DF80730012B03D09DF80730002BD5
:102660000AD1052100201DF08DFE0390039B00225E
:10267000052100201EF0F2FC9DF80630012B09D840
:10268000064B1B681B68002B04D0044B1B681846C4
:102690001DF04FFE00BF05B05DF804FB640B002089
:1026A00008B502481EF045F800BF08BDECC30200A3
:1026B00008B502481EF0A8F900BF08BD04C4020016
:1026C00084B003468DF8073001238DF80F30124B8C
:1026D0001B78002B08D0114B1B789DF807209A42DD
:1026E00002D900238DF80F300D4B1B78002B0DD035
:1026F0000C4B1B781A469DF8073042FA03F303F09F
:102700000103002B02D100238DF80F309DF80F300C
:10271000184604B0704700BF780E0020790E0020E4
:10272000782D00207A0E002000B585B001900F4B67
:102730001B680F4918461FF0D7FF05F02FFF0390C5
:102740000A4B1B68184605F015FF019800F032F897
:10275000039805F00FFF054B1B68064918461FF04C
:10276000C3FF00BF05B05DF804FB00BFC415002027
:102770001CC4020020C4020008B5094B01221A70D3
:10278000084B00221A70084B04221A70074B1F22B4
:102790001A7005F003FF0346054A136000BF08BD29
:1027A000780E0020782D0020790E00207A0E00206F
:1027B000C415002000B583B00190054B1B68054986
:1027C00018461FF091FF00BF03B05DF804FB00BF87
:1027D000C415002024C4020000B583B002238DF884
:1027E00000300022022107481DF0ABFE0346019392
:1027F0006B46082118461DF0EAFE00BF03B05DF8E5
:1028000004FB00BF006A180000B583B0064A074BFE
:10281000D31A9B100193019A054904481DF04CFFFF
:1028200000BF03B05DF804FB581603005816030000
:10283000642E002000B585B000F080F8FFF7E4FFBB
:102840001F4B039319E0002302930EE0039B1A68C9
:10285000029B9B001A44039B5968029B9B000B44FC
:1028600012681A60029B01330293039B9B68029AD1
:102870009A42EBD3039B0C330393039B114A93427D
:10288000E1D3114B019314E00023009309E0019B75
:102890001A68009B9B00134400221A60009B0133BE
:1028A0000093019B5B68009A9A42F0D3019B083326
:1028B0000193019B054A9342E6D3FEF723FC00BF38
:1028C000300F03003C0F03003C0F03003C0F0300DC
:1028D00082B003468DF807309DF90730002B0CDBE2
:1028E0009DF8073003F01F0205499DF907305B0989
:1028F000012000FA02F241F8232000BF02B0704725
:1029000000E100E082B003468DF807309DF9073002
:10291000002B0DDB9DF8073003F01F0206499DF9DF
:1029200007305B09012000FA02F2603341F82320EE
:1029300000BF02B0704700BF00E100E008B51E4BC9
:102940001E4A9A601C4BD3F888301B4A43F470032C
:10295000C2F888301A4B03F580531A464FF40043EF
:102960009366184B03F500531A464FF0FF33136676
:10297000144B03F500531A464FF6DF735366124BA0
:1029800002221A60BFF34F8F00BFBFF36F8F00BFEB
:102990000320FFF7B7FF0B4B03F500531A464FF424
:1029A0004033D3600320FFF793FF064B4FF44032D0
:1029B0001A6100BF08BD00BF00ED00E0000000008C
:1029C0000080005000800044D0ED00E0014B1B6807
:1029D000184670477C0B002000B583B0002301939C
:1029E0000E4B1B6F03F00703032B09D0032B0FD8EB
:1029F000012B09D0022B0BD1FFF7E8FF019008E073
:102A0000074B1B68019304E0064B019301E0FFE7CD
:102A1000FDE7019B184603B05DF804FB0080005001
:102A2000740B0020002D310100B583B0FFF7D4FFF7
:102A300001900A4B1B6F1B0B03F00F030093009BCD
:102A40000133019AB2FBF3F30193054A019B136032
:102A5000019B184603B05DF804FB00BF00800050E6
:102A6000800B0020014B1846704700BF00B4C4041F
:102A7000014B1B6818467047740B002000B583B0EB
:102A80000190074A019B1360064B1B6F03F007037D
:102A9000032B01D1FFF7C8FF00BF03B05DF804FBB3
:102AA000740B002000800050014B1846704700BF97
:102AB000002D3101014B1B6818467047780B002030
:102AC00084B001900B4B1A68019B13440A4A93424D
:102AD00002D94FF0FF3309E0064B1B680393054B07
:102AE0001A68019B1344034A1360039B184604B001
:102AF000704700BF840B00200080002000B589B023
:102B00000390039B0793079B1B68069301213A20C0
:102B100001F0A0F8069B1879069B5B791946002303
:102B200001221EF09BFA069B1A79069B5B791946D7
:102B300010461DF022FE0346002B0CBF012300238C
:102B4000DBB21A46069B1A70069B9B79022B43D177
:102B50001EF063F8069B1879069B5979079B214A5A
:102B600000F0AAFD0590059BFF2B15D1069B5B7914
:102B7000079A1C49184600F01FFE0590069B18791D
:102B8000069B5B79194601230193012300930123DE
:102B9000059A02F05FFE1FE0069B1879069B5B79A1
:102BA0001946012300930023059A02F0E7FE069BD5
:102BB0005B79079A0B49184600F0FEFD0590069BCD
:102BC0001879069B5B791946012301930023009332
:102BD0000123059A02F03EFE0023184609B05DF875
:102BE00004FB00BFEB07020000B585B003468DF87B
:102BF00007309DF80730002B01D0012300E00023AF
:102C00000393039A002103481DF0BEFE00BF05B0E8
:102C10005DF804FB44C4035000B585B00023039362
:102C20000023ADF80A300023ADF8083000230193EB
:102C300001213A2001F00EF8012304220321002093
:102C40001EF00CFA01981EF004FA0120FFF7CCFFE9
:102C50004FF4607001F030F803902D4B1B682C4A44
:102C600043F0010313602A4BDB68294A43F0807369
:102C7000D3600123ADF80A300F23ADF80830BDF85A
:102C80000A305A02BDF808305B001A432149224B32
:102C900013430B60039B03F5D52303F2FC43DB08CE
:102CA0001E4AA2FB03239B0A1D4A013B13611C4BD6
:102CB0000222C3F8F0201A4B4FF48072C3F80423A9
:102CC0004FF06043174AC3F8B02F4FF06043164AE5
:102CD000C3F8802E4FF06043D3F8003E4FF06042BF
:102CE00043F48073C2F8003E4FF06043FF2283F844
:102CF00020204FF06043D3F8003E4FF0604223F4B1
:102D00008073C2F8003E0023184605B05DF804FB4E
:102D1000F0ED00E0001000E0E101004017916502D5
:102D2000000004E055CEACC50900010082B001905E
:102D30000B468DF803304FF06043D3F8803E03F02C
:102D40000103002B22D0134BDB68124A43F080733F
:102D5000D3604FF06043D3F8002E0121019B01FAAC
:102D600003F34FF060411343C1F8003E4FF060425F
:102D7000019B52F82330002BE5D04FF06041019BBE
:102D80009DF8032001F82320002300E011231846BA
:102D900002B07047F0ED00E082B0034600918DF87C
:102DA00007309DF80730002B0AD09DF80730012B23
:102DB00006D09DF80730022B02D09DF80730032B78
:102DC00008489DF807200121009B994013465B00AD
:102DD00013441B01034403F500531033196000BF73
:102DE00002B0704700C0035082B0034600918DF8D6
:102DF00007309DF80730002B0AD09DF80730012BD3
:102E000006D09DF80730022B02D09DF80730032B27
:102E100008489DF807200121009B994013465B005C
:102E200013441B01034403F580531033196000BFA2
:102E300002B0704700C0035082B0034600918DF885
:102E400007309DF80730002B0AD09DF80730012B82
:102E500006D09DF80730022B02D09DF80730032BD7
:102E600008489DF807200121009B994013465B000C
:102E700013441B01034403F540531033196000BF92
:102E800002B0704700C0035000B585B001900091BA
:102E9000204B1B7883F00103DBB2002B01D01E4BCB
:102EA00034E0019B002B01D11C4B2FE01EF04CF8AD
:102EB00002900023039322E0194A039B1B01134451
:102EC0000C331B7883F00103DBB2002B14D0019B81
:102ED000039A1A60124A039B1B0113440C3301220C
:102EE0001A700F4A039B1B01134400221A600298B8
:102EF0001EF03AF8002309E0039B01330393039B80
:102F0000072BD9D902981EF02FF8064B184605B0AA
:102F10005DF804FB792D0020028000F0018000F0B4
:102F2000C8150020048000F000B585B000238DF89E
:102F30000B301EF009F80190002303930EE0154AB0
:102F4000039B1B0113440C331B78002B03D001237C
:102F50008DF80B3005E0039B01330393039B072B94
:102F6000EDDD9DF80B3083F00103DBB2002B09D0BF
:102F700002F0F4FD084B00221A7001981DF0F4FFD6
:102F8000002303E001981DF0EFFF044B184605B045
:102F90005DF804FBC8150020792D0020058000F0A5
:102FA00000B585B00190164B1B7883F00103DBB2AE
:102FB000002B01D0134B1FE0019B072B01D9124BB3
:102FC0001AE01DF0C1FF0390104A019B1B0113443E
:102FD0000C331B78002B0BD00C4A019B1B011344B4
:102FE0000C3300221A7003981DF0BEFF002303E08B
:102FF00003981DF0B9FF064B184605B05DF804FBB9
:10300000792D0020028000F0018000F0C81500201A
:10301000068000F000B585B0194B1B6801930023B2
:103020008DF804301DF090FF0290164B1B78002B9A
:1030300004D002981DF098FF134B1DE0114B0122A4
:103040001A7002981DF090FF0023039309E00F4AC5
:10305000039B1B0113440C3300221A70039B0133A2
:103060000393039B072BF2DD08238DF8073001AB98
:10307000184602F0A3FD0023184605B05DF804FBD6
:1030800028C40200792D0020038000F0C81500201C
:1030900000B583B00190124B1B7883F00103DBB2C3
:1030A000002B01D00F4B17E0019B072B01D90E4BD2
:1030B00012E00E4A019B1B0113440C331B7883F072
:1030C0000103DBB2002B01D0094B05E0019B00217D
:1030D000184602F05DFD0023184603B05DF804FBBE
:1030E000792D0020028000F0018000F0C81500203A
:1030F000078000F000B583B00190124B1B7883F07D
:103100000103DBB2002B01D00F4B17E0019B072B13
:1031100001D90E4B12E00E4A019B1B0113440C33E4
:103120001B7883F00103DBB2002B01D0094B05E0D3
:10313000019B0121184602F02BFD0023184603B025
:103140005DF804FB792D0020028000F0018000F082
:10315000C8150020078000F000B583B00190124B25
:103160001B7883F00103DBB2002B01D00F4B16E07C
:10317000019B072B01D90E4B11E00E4A019B1B014D
:1031800013440C331B7883F00103DBB2002B01D016
:10319000094B04E0019B184602F0E2FD00231846AB
:1031A00003B05DF804FB00BF792D0020028000F021
:1031B000018000F0C8150020078000F082B0019067
:1031C0000091194B1B7883F00103DBB2002B01D077
:1031D000164B25E0019B072B02D8009B002B01D149
:1031E000134B1DE0134A019B1B0113440C331B7846
:1031F00083F00103DBB2002B01D00F4B10E00F4B2B
:103200001B6D0121019A01FA02F21340002B03D039
:10321000009B01221A7002E0009B00221A7000231A
:10322000184602B0704700BF792D0020028000F0E0
:10323000018000F0C8150020078000F00000045055
:1032400000B583B001900091154B1B7883F001030A
:10325000DBB2002B01D0134B1DE0019B072B02D8E2
:10326000009B002B01D1104B15E0104A019B1B0164
:1032700013440C331B7883F00103DBB2002B01D025
:103280000B4B08E0019B184602F08AFD03461A46E4
:10329000009B1A700023184603B05DF804FB00BFC2
:1032A000792D0020028000F0018000F0C815002078
:1032B000078000F000B587B0364B1B6D0393354B8C
:1032C0005B6D039A13400393039B002B01DA00BF4D
:1032D000FDE7002305930123049353E0039A049B25
:1032E0001340002B48D02B4B03F500531A46049B88
:1032F0001365059B1B01284A13440293029B1B681C
:10330000002B39D0029B9B685A1C029B9A60029B3F
:103310001B68029A9168029A52680598984703467A
:10332000002B14BF01230023DBB283F00103DBB2C7
:103330008DF807309DF8073003F001038DF8073052
:10334000029B5B7B012B17D19DF80730002B13D01C
:10335000124A059B5B01134403F1080213796FF3D2
:10336000410313710D4A059B5B01134403F11802DD
:1033700013796FF341031371059B01330593049B8C
:103380005B000493059B072BA8D900BF00BF07B0C3
:103390005DF804FB00000450C8150020481600200A
:1033A00010B58AB00292019303468DF80F300B4698
:1033B0008DF80E307B4B1B7883F00103DBB2002BC2
:1033C00001D0794BEBE0029B072B10D80C9B002B14
:1033D0000DD00D9B002B0AD0109BB3F5006F06DCBF
:1033E0009DF80F30012B04D10E9B002B01D16F4BA8
:1033F000D5E0029B1B016E4A13440993099B1B7B7A
:1034000083F00103DBB2002B01D06A4BC7E004ABB1
:1034100000221A605A609A60DA60029B5B01664A79
:10342000134408939DF80E30002B1DD1089B1A46BB
:103430000023136053609360D360089A937843F03D
:1034400010039370089AD37843F03003D3709DF83B
:103450003C3083F00103DBB2002B22D0089AD378F2
:1034600043F00303D3701CE0089B1A46002313604B
:1034700053609360D360089A937843F0100393707D
:10348000089AD37843F00303D3709DF83C3083F05F
:103490000103DBB2002B04D0089AD37843F0300349
:1034A000D370019B0493109B9BB2013B9BB2C3F36F
:1034B0000A0399B2089A138861F30E1313800C9AC9
:1034C000089B9A600D9A089B5A609DF8443003F05F
:1034D0000303D9B2089AD37861F38303D3709DF8BC
:1034E0000F30012B3BD1089A137B43F00103137378
:1034F000089A137B43F002031373089AD3680421DC
:1035000061F39F03D3602C4A029B5B01134403F1D8
:103510001002089B14460FCB84E80F00264A029B3A
:103520005B01134403F1180253686FF0030161F368
:103530009F0353600E9A2049029B5B010B44143396
:103540001A609DF80E30012B09D10D9A1A49029B81
:103550005B010B4418331A600E9A089B5A60129B49
:10356000002B08D19DF80F30002B04D1089A9378D6
:103570006FF304139370099B129A1A60099B139AB4
:103580005A60099B00229A60099B9DF80F205A738C
:10359000029B04A9089A184602F054FB002318461F
:1035A0000AB010BD792D0020028000F0018000F0EB
:1035B000C8150020078000F04816002082B003469E
:1035C0008DF807309DF90730002B0CDB9DF8073094
:1035D00003F01F0205499DF907305B09012000FA3D
:1035E00002F241F8232000BF02B0704700E100E082
:1035F00082B003468DF807309DF90730002B0DDBB4
:103600009DF8073003F01F0206499DF907305B095A
:10361000012000FA02F2603341F8232000BF02B01B
:10362000704700BF00E100E082B00190044B03F559
:1036300000531A46019BC2F8203400BF02B0704705
:1036400000C00350024BD3F824341846704700BF23
:1036500000C0035082B0064BD3F824340193044BCE
:10366000D3F82024019B1340184602B0704700BFD6
:1036700000C0035000B585B0034600918DF80730B7
:103680001DF062FC03909DF807300A4A1B011344A9
:103690000433009A1A609DF80730064A1B01134450
:1036A0000C3300221A7003981DF05EFC00BF05B0B9
:1036B0005DF804FB4817002000B587B00292019323
:1036C00003468DF80F300B468DF80E30FF2305931F
:1036D0001DF03AFC04909DF80F30002B06D19DF8A8
:1036E0000E30052B02D10023059340E09DF80F30EA
:1036F000012B06D19DF80E30012B02D10323059337
:1037000035E09DF80F30012B06D19DF80E30032BCC
:1037100002D1042305932AE09DF80F30022B06D135
:103720009DF80E30002B02D1062305931FE09DF873
:103730000F30022B06D19DF80E30052B02D1072346
:10374000059314E09DF80F30022B06D19DF80E3042
:10375000072B02D10823059309E09DF80F30032BB6
:1037600005D19DF80E30022B01D109230593059B4D
:10377000FF2B17D0059B10330E4A1B011344043353
:10378000029A1A60059B10330A4A1B01134408333E
:10379000019A1A60059B1033064A1B0113440C332F
:1037A00001221A7004981DF0DFFB059B184607B034
:1037B0005DF804FB4817002000B58BB0034602916A
:1037C00001928DF80F30FF2309931DF0BDFB079088
:1037D0009DF80F2040F6FC7313400693FFF732FF6D
:1037E000059000238DF8233019E09DF80F209DF8F7
:1037F0002330134403F00303069A13440493059AF9
:10380000049B22FA03F303F00103002B02D1049B73
:10381000099308E09DF8233001338DF823309DF89B
:103820002330032BE1D9099BFF2B14D00E4A099BAF
:103830001B0113440433029A1A600B4A099B1B01B3
:1038400013440833019A1A60074A099B1B01134469
:103850000C3301221A7007981DF086FB099B18464D
:103860000BB05DF804FB00BF4817002000B587B01F
:1038700001902BE001981DF0BAF905900122059BFB
:1038800002FA03F3DB43019A13400193059B1B01EA
:10389000124A13440493049B5B68002B16D0049BCC
:1038A0001B7B002B0AD0049B5B680293059BDAB25A
:1038B000049B9968029B1046984707E0049B5B684D
:1038C0000393059BDAB2039B10469847019B002B9C
:1038D000D0D100BF00BF07B05DF804FB481700203F
:1038E00008B5054B1B68054A12681146184612F0C8
:1038F000B7FB0346184608BD880B0020A80B002024
:1039000084B003468DF807309DF90730B3F1FF3FCF
:1039100004D0002B05D10023039305E0044B03934F
:1039200002E0044B039300BF039B184604B07047AA
:1039300021E000F024E000F000B58BB0039002918C
:103940000192029B0893039B0793019B9B000693A4
:10395000069A0899079828F003F903468DF817305E
:103960009DF917301846FFF7CBFF0990099B002BF4
:1039700009D1069A0899079827F059F90346002BB0
:1039800001D0034B0993099B18460BB05DF804FB6B
:1039900010E000F000B585B00190019828F0DCF847
:1039A00003468DF80B309DF90B301846FFF7A8FF42
:1039B0000390039B002B0ED102F0D6FA0346194662
:1039C00001981DF06DF9034683F00103DBB2002B73
:1039D00001D0034B0393039B184605B05DF804FB2D
:1039E0000EE000F008B51DF099FA0346014A136095
:1039F00000BF08BD881F002008B5034B1B68184690
:103A00001DF098FA00BF08BD881F002008B500BF50
:103A1000042104481DF0F6F90346002BF8D100BF3D
:103A200000BF08BD8440005008B5FFF7EFFF044B0E
:103A3000D3F884309B0903F00303DBB2184608BDBA
:103A400000400050054BDB6903F48033002B14BFAA
:103A500001230023DBB21846704700BF000003506B
:103A6000024B0022DA6300BF704700BF0000035022
:103A7000024B41F67132DA6300BF70470000035019
:103A8000014B9B68184670470000035082B00190BC
:103A9000024A019B936000BF02B0704700000350D0
:103AA00084B0019000230393019BB3F5607F21D084
:103AB000019BB3F5607F34D8019BB3F5207F29D0FB
:103AC000019BB3F5207F2CD8019BB3F5007F19D063
:103AD000019BB3F5007F24D8019B002B03D0019BF1
:103AE000B3F5C07F1DD1124B1B6F1B0B03F00F03EF
:103AF000039317E00E4BD3F880301B0903F0030348
:103B000003930FE00A4BD3F890301B0E03F01F0312
:103B1000039307E0064B1B6F9B0A03F0010303931B
:103B200000E000BF039B0133184604B0704700BF9C
:103B30000080005010B582B001900091019BB3F558
:103B4000607F49D0019BB3F5607F7CD8019BB3F5C2
:103B5000207F68D0019BB3F5207F74D8019BB3F51B
:103B6000007F4ED0019BB3F5007F6CD8019B002BEA
:103B700003D0019BB3F5C07F65D1009B012B0AD018
:103B8000009B022B07D0009B042B04D0009B082B2A
:103B900001D0009B102B1DF0B7F91DF0ADF901F01D
:103BA00043F82B4B1B6F23F47042009B013B1B031C
:103BB000274913430B671DF006F90446FFF734FF4E
:103BC0000346C3F10203194620461DF066F901F0D1
:103BD000E9F901F035F837E0009B012B04D0009B98
:103BE000022B01D0009B042B194BD3F8803023F01B
:103BF0003002009B013B1B0115491343C1F8803083
:103C000022E0009B002B01D0009B202B104BD3F80F
:103C1000903023F0F852009B013B1B060C491343E4
:103C2000C1F8903010E0009B012B01D0009B022BCB
:103C3000074B1B6F23F48062009B013B9B020449EE
:103C400013430B6700E000BF00BF02B010BD00BF10
:103C50000080005000B585B001900B468DF8033010
:103C600000230393019B5B09002B0FD0019B5B0991
:103C7000012B02D10D4B039308E0019B5B09022B42
:103C800002D10B4B039301E00A4B0393019B03F01A
:103C90001F0302939DF803301A46029903981DF002
:103CA00098F800BF05B05DF804FB00BF64800050C9
:103CB000688000506082005010B584B001900023ED
:103CC000039300230293019BB3F5F06F00F0C282CF
:103CD000019BB3F5F06F00F2C382019BB3F5E06F77
:103CE00000F0B282019BB3F5E06F00F2B982019B54
:103CF000B3F5D06F00F0A282019BB3F5D06F00F254
:103D0000AF82019BB3F5C06F00F09282019BB3F5C7
:103D1000C06F00F2A582019BB3F5B06F00F07C820A
:103D2000019BB3F5B06F00F29B82019BB3F5A06FCE
:103D300000F06C82019BB3F5A06F00F29182019BB1
:103D4000B3F5906F00F05C82019BB3F5906F00F2C9
:103D50008782019BB3F5806F00F04C82019BB3F525
:103D6000806F00F27D82019BB3F5607F00F03382AB
:103D7000019BB3F5607F00F27382019BB3F5407F36
:103D800000F01C82019BB3F5407F00F26982019B29
:103D9000B3F5207F00F00682019BB3F5207F00F28F
:103DA0005F82019BB3F5007F00F0F081019BB3F5CA
:103DB000007F00F25582019BB3F5C07F00F0E181E6
:103DC000019BB3F5C07F00F24B82019B002B00F0FA
:103DD000D881019BB3F5807F00F24282019B202BAA
:103DE000C0F03E82019B203BE02B00F2398201A211
:103DF00052F823F083410000A541000083410000F8
:103E0000A5410000F5410000F5410000F54100002A
:103E1000F5410000A5410000A54100001942000045
:103E2000BD410000314200003D420000BD410000A4
:103E3000A5410000A5410000A5410000614200002D
:103E400061420000614200006142000061420000E6
:103E5000614200000D42000001420000A541000047
:103E6000A5410000A5410000554200004942000064
:103E7000A541000061420000614200006142000073
:103E800061420000614200006142000061420000A6
:103E90006142000061420000614200006142000096
:103EA0006142000061420000834100006142000065
:103EB000834100008341000083410000F541000080
:103EC0006142000061420000614200006142000066
:103ED0006142000061420000614200006142000056
:103EE0006142000061420000614200006142000046
:103EF00061420000834100008341000061420000F4
:103F00006142000061420000614200006142000025
:103F10006142000061420000614200006142000015
:103F20006142000061420000614200006142000005
:103F300061420000614200006142000061420000F5
:103F400061420000614200006142000061420000E5
:103F500061420000614200006142000061420000D5
:103F600061420000614200006142000061420000C5
:103F7000614200007941000061420000614200009E
:103F800061420000614200006142000061420000A5
:103F90006142000061420000614200006142000095
:103FA0006142000061420000614200006142000085
:103FB0006142000061420000614200006142000075
:103FC0006142000061420000614200006142000065
:103FD0006142000061420000614200006142000055
:103FE0006142000061420000614200006142000045
:103FF0006142000061420000614200006142000035
:104000006142000061420000614200006142000024
:104010006142000061420000614200006142000014
:104020006142000061420000614200006142000004
:1040300061420000614200006142000061420000F4
:1040400061420000614200006142000061420000E4
:1040500061420000614200006142000061420000D4
:1040600061420000614200006142000061420000C4
:1040700061420000614200006142000061420000B4
:1040800061420000614200006142000061420000A4
:104090006142000061420000614200006142000094
:1040A0006142000061420000614200006142000084
:1040B0006142000061420000614200006142000074
:1040C0006142000061420000614200006142000064
:1040D0006142000061420000614200006142000054
:1040E0006142000061420000614200006142000044
:1040F0006142000061420000614200006142000034
:104100006142000061420000614200006142000023
:104110006142000061420000614200006142000013
:104120006142000061420000614200006142000003
:1041300061420000614200006142000061420000F3
:1041400061420000614200006142000061420000E3
:1041500061420000614200006142000061420000D3
:1041600061420000614200006142000061420000C3
:104170006142000025420000FEF72EFC0346039337
:104180006FE0FEF751FC034603936AE0FEF724FC60
:1041900004464FF40070FFF783FC0346B4FBF3F3CF
:1041A00003935EE0FEF740FC04464FF42070FFF7F7
:1041B00077FC0346B4FBF3F3039352E0FEF734FCC1
:1041C00004464FF42070FFF76BFC0346B4FBF3F397
:1041D0005B08039345E002AB002118461CF071FE1A
:1041E000029C4FF46070FFF75BFC0346B4FBF3F3F3
:1041F000039336E003AB0021184600F079FD30E070
:1042000003AB0021184600F089FC2AE003AB002133
:10421000184600F0DDFC24E003AB0021184600F056
:104220008DFE1EE003AB0021184600F05DFF18E094
:1042300003AB0021184600F09DFD12E003AB002106
:10424000184600F005FF0CE003AB0021184600F013
:10425000C3FE06E003AB0021184600F0CDFD00E0F0
:1042600000BF039B184604B010BD00BF00B585B069
:10427000019000230393019BB3F5086F00F02681A2
:10428000019BB3F5086F00F23381019BB3F5006F1A
:1042900000F01081019BB3F5006F00F22981019BB2
:1042A000B3F5F06F00F00081019BB3F5F06F00F201
:1042B0001F81019BB3F5E06F00F01481019BB3F502
:1042C000E06F00F21581019BB3F5D06F00F0F8802C
:1042D000019BB3F5D06F00F20B81019BB3F5C06F6A
:1042E00000F0DC80019BB3F5C06F00F20181019BFF
:1042F000B3F5B06F00F0C080019BB3F5B06F00F272
:10430000F780019BB3F5A06F00F0E680019BB3F549
:10431000A06F00F2ED80019BB3F5906F00F0CA80B2
:10432000019BB3F5906F00F2E380019BB3F5806FC2
:1043300000F0A880019BB3F5806F00F2D980019B4B
:10434000B3F5807F00F0A480019BB3F5807F00F27D
:10435000CF80019B522B69D8019B242BC0F0C880D1
:10436000019B243B2E2B00F2C38001A252F823F0C4
:104370008544000085440000854400008544000019
:10438000F1440000F144000079440000F1440000D1
:104390009D440000C1440000F1440000F1440000CD
:1043A000F1440000F1440000F1440000F144000039
:1043B000F1440000F1440000F1440000F144000029
:1043C000D9440000F1440000F1440000F144000031
:1043D000F1440000A9440000E5440000F14400005D
:1043E000F1440000F1440000F1440000F1440000F9
:1043F000F1440000F1440000F1440000F1440000E9
:10440000F1440000F1440000F1440000F1440000D8
:10441000F1440000F1440000F1440000F1440000C8
:10442000F1440000F144000085440000019B802B12
:104430005ED1324B1B6F03F00703013B032B17D8F0
:1044400001A252F823F000BF6B4400005944000061
:104450005F44000065440000052303930BE0032341
:10446000039308E00723039305E00223039302E08C
:104470000023039300BF3CE003AB1946002000F08B
:104480005DFD36E003AB1946002000F031FC30E062
:1044900003AB1946002000F027FE2AE003AB1946C3
:1044A000002000F067FC24E003AB1946002000F078
:1044B000A3FC1EE003AB1946002000F02FFB18E020
:1044C00003AB1946002000F0C3FD12E003AB194610
:1044D000002000F0CBFB0CE003AB1946002000F0FD
:1044E00077FB06E003AB1946002000F075FD00E005
:1044F00000BF039B184605B05DF804FB0080005028
:10450000074B03F580531A464FF400235366054BBF
:1045100003F580531A460123936200BF704700BF22
:104520000080005000C0005000B585B00190019897
:10453000FFF79CFE0290029B082B07D0029B082BE2
:1045400020D3029B093B012B1CD804E0134B1B8892
:10455000ADF80E301BE0124B03F580531A464FF4B2
:10456000001353660F4B5B6A03F00103002B04D06A
:104570004FF4FA73ADF80E3009E04FF6FF73ADF863
:104580000E3004E04FF6FF73ADF80E3000BFBDF8FB
:104590000E30184605B05DF804FB00BF680E002021
:1045A000008000500040025000B583B00190802090
:1045B000FFF75CFE0346032B00F0E280724B03F52D
:1045C00080531A464FF400235366704B45F60E0293
:1045D000C3F880206D4B03F580531A460223936283
:1045E0006A4B03F500531A460123936200BF674BE1
:1045F0009B6D03F48033002BF9D1019B1B681A06D5
:10460000019B5B681B051A43019B1B7B1B041A4320
:10461000019B5B7B1B031A43019B9B7B9B01134309
:10462000019AD27B1146594A0B431361574B9B6940
:1046300003F00042019B1B699B061A43019B5B69C7
:104640001B061A43019B1B7E1B041A43019B5B7EC6
:104650001B021343019A927E11464C4A0B4393610D
:104660004A4B1B6A23F00D03019AD269002A01D13B
:10467000002200E008221A43019BDB7E9B001A43C4
:10468000019BDB69414913430B62019BDB69002BF2
:1046900057D13E4B9B6A23F03302019B93F82030A5
:1046A0005B011A43019B93F821301B011343374AE6
:1046B00043F00103936200BF344B9A6D344B1340B7
:1046C000334A9342F8D1314B03F580531A46022303
:1046D00093622E4B02221A6500BF2C4B9B6D03F098
:1046E0008043002BF9D1294B1B6923F47002019BF5
:1046F0009B681B05254913430B61244B03F580532D
:104700001A464FF000439361019B93F8223083F0E7
:104710000103DBB2002B05D01C4B03F500531A46F6
:1047200002239362019B93F8233083F00103DBB2F1
:10473000002B1BD0154B03F500531A46012393623F
:1047400014E0124B9B6A23F03302019B93F8203054
:104750005B011A43019B93F822305B001343019ADB
:1047600092F823201146094A0B439362019B93F868
:104770002430002B05D0054B064AC3F8802000E00A
:1047800000BF03B05DF804FB0080005000C0005083
:1047900003000140F1A7FFFF00B585B00190354B44
:1047A0009B6A0293019BFF2B01D921235DE0314BD2
:1047B0009B6D03F48033002B05D02E4B03F5805303
:1047C0001A46012393622B4B03F580531A460223AA
:1047D0009362284B9B6D03F48033002B06D000BFFF
:1047E000244B9B6D03F00203002BF9D0214B03F502
:1047F00080531A460223136500BF1E4B9B6D03F0C6
:104800008043002BF9D100F039F803461A46019B8A
:1048100013440393039B002B02DA0023039304E069
:10482000039BFF2B01DDFF230393124B9B6923F4B2
:104830007F0323F47F43039A12041A43019B1B0254
:104840009BB20C4913438B61029A02210A481CF067
:10485000E6FA084B9B6D03F48033002B04D0029AD8
:10486000012105481CF0DBFA0023184605B05DF86D
:1048700004FB00BF00C0005028C00050024B93F959
:1048800000301846704700BF7A2D002000B583B075
:104890002A4B9B6A0193294B03F580531A46012347
:1048A000936200BF254B9B6D03F00303032BF9D1EB
:1048B000224B03F580531A46022393621F4B03F5E4
:1048C00080531A460223136500BF1C4B9B6D03F0F7
:1048D0008043002BF9D100BF184B9A6D184B134041
:1048E000174A9342F8D1154B03F580531A4601231A
:1048F000136500BF114B9B6D03F00203022BF9D02F
:1049000000BF0E4B9B6D03F00203002BF9D00B4B45
:1049100003F580531A460223136500BF074B9B6DB6
:1049200003F00203002BF9D0019A032105481CF083
:1049300076FA00BF03B05DF804FB00BF00C0005072
:104940000300010028C0005084B001904F2303935E
:10495000019B5B788DF80B309DF80B20039B9342F5
:1049600028BF13468DF80A30284B03F580531A46AA
:104970004FF480035366264B4FF4D1525A62244BB6
:1049800003F580531A4602235360214B03F500536D
:104990001A460123536000BF1D4B1B6903F480338B
:1049A000002BF9D1019B1B781A029DF80A30184997
:1049B00013434B61019B5B681A02019B9B681B01BF
:1049C0001A43019B1B7B5B001343019A527B1146E8
:1049D0000F4A0B439360019B9B7B5A01019BDB7B3E
:1049E0001B011A43019B1B7C5B001343019A527C01
:1049F0001A43074B5A60019B9B7C002B03D0044B4E
:104A00006FF4D1525A6200BF04B07047008000506A
:104A10000000025082B00346ADF80630034ABDF8EC
:104A20000630138000BF02B0704700BF680E002040
:104A300082B00346ADF80630034ABDF80630138055
:104A400000BF02B0704700BF6A0E002000B587B0FB
:104A500003468DF8073000230393002305930023BA
:104A60000493274B03F580531A464FF40013536603
:104A7000244B02225A6000BF224B9B6803F4803310
:104A8000002BF9D19DF80730012B2ED1FDF7F0FF57
:104A90000390039B1C4A934205D11C4B059345F69A
:104AA0007A13049317E0039B194A934205D1194BDB
:104AB000059345F61A0304930DE0039A13469B00F1
:104AC00013445B0A0593144B0493039B5B0A049AFB
:104AD000B2FBF3F304930B4A059BD362094A049B90
:104AE0001363084B01225A6202E0064B00225A620D
:104AF000044B00225A6000BF07B05DF804FB00BF02
:104B0000008000500040025000F04902D8B8050073
:104B1000C0175302BBCF05006466666600B585B05A
:104B20000190009100230393284BD3F8243103F024
:104B30000703062B37D801A252F823F0A14B00003F
:104B4000594B0000714B0000894B0000954B000051
:104B5000654B00007D4B0000FDF738FF03900523F7
:104B6000029323E0FDF732FF0390062302931DE03A
:104B7000FDF77EFF03900323029317E0FDF778FF14
:104B800003900423029311E0FDF78EFF03900223AC
:104B900002930BE01BF0A8FD03900723029305E0AE
:104BA0000123029302E00023029300BF019B002B2C
:104BB00002D0019B039A1A60009B002B02D0009B3D
:104BC000029A1A6000BF05B05DF804FB0080005037
:104BD00000B583B001900091124BD3F8203203F05E
:104BE0000303012B02D0022B05D009E000990198A4
:104BF00000F07EF811E00099019800F0BBF80CE09D
:104C0000019B002B02D0019B00221A60009B002B0D
:104C100002D0009B00221A6000BF00BF03B05DF805
:104C200004FB00BF00800050044B03F580531A467C
:104C30004FF48033136700BF704700BF00800050FF
:104C400008B58020FFF738F80346064A934206D895
:104C5000054B03F500531A464FF48033136700BF2A
:104C600008BD00BF005A62020080005000B585B048
:104C700001900091002303931C4BD3F8003103F003
:104C80000303032B1FD801A252F823F0C14C0000EC
:104C90009D4C0000A94C0000B54C0000FDF7E8FE5B
:104CA00003900323029311E0FDF704FF0390082310
:104CB00002930BE01BF018FD03900723029305E01D
:104CC0000123029302E00023029300BF019B002B0B
:104CD00002D0019B039A1A60009B002B02D0009B1C
:104CE000029A1A6000BF05B05DF804FB0080005016
:104CF00000B585B001900091002303931C4BD3F8BD
:104D0000203103F00303032B1FD801A252F823F034
:104D1000454D0000214D00002D4D0000394D000093
:104D2000FDF754FE03900523029311E0FDF7A0FE6A
:104D30000390032302930BE0FDF7B6FE03900223DA
:104D4000029305E00123029302E00023029300BFD7
:104D5000019B002B02D0019B039A1A60009B002B41
:104D600002D0009B029A1A6000BF05B05DF804FBF8
:104D70000080005000B585B001900091002303939E
:104D80001C4BD3F8403103F00303032B1FD801A2BF
:104D900052F823F0C94D0000A54D0000B14D0000B0
:104DA000BD4D00001BF0A3FC03900923029311E00A
:104DB000FDF780FE0390082302930BE01BF09BFCA1
:104DC00003900B23029305E00123029302E00023EA
:104DD000029300BF019B002B02D0019B039A1A6033
:104DE000009B002B02D0009B029A1A6000BF05B006
:104DF0005DF804FB0080005000B585B00190009183
:104E0000002303931C4BD3F8603103F00303032BFF
:104E10001FD801A252F823F04D4E0000294E000089
:104E2000354E0000414E00001BF061FC0390092349
:104E3000029311E0FDF73EFE0390082302930BE07E
:104E40001BF059FC03900B23029305E0012302930E
:104E500002E00023029300BF019B002B02D0019BC4
:104E6000039A1A60009B002B02D0009B029A1A60E2
:104E700000BF05B05DF804FB0080005084B00190D5
:104E800000914FF440130393009B002B0AD1019B28
:104E90000D4A934203D94FF4801303930FE000238C
:104EA00003930CE0009B002B09DD019B064A934213
:104EB00003D94FF48013039301E000230393039B72
:104EC000184604B0704700BF005A620200B585B0B2
:104ED00001900091184B03F580531A464FF40033AC
:104EE00093660020FEF7DCFD0246019B02FB03F304
:104EF0000193FEF7A7FD03468DF80F30FEF7B8FDCE
:104F0000FEF7BEFD034623F4401302930099019877
:104F1000FFF7B4FF0246029B134302930298FEF789
:104F2000B5FD9DF80F30002B01D0FEF799FD00BFB5
:104F300005B05DF804FB00BF0080005000B585B0EF
:104F40000190009100230293154BD3F8803103F0B8
:104F50000303012B02D0022B08D00EE002AB00218C
:104F60001846FFF7C5FE0F23039309E0FDF79CFDEC
:104F7000034602930223039302E00023039300BF3E
:104F8000019B002B02D0029A019B1A60009B002B10
:104F900002D0009B039A1A6000BF05B05DF804FBC5
:104FA0000080005000B583B0022301934FF4C0701D
:104FB000FEF782FE0346074A934201D8012301937C
:104FC00001994FF42070FEF7B5FD00BF03B05DF806
:104FD00004FB00BF80F0FA0200B585B0019000919B
:104FE00000230393194BD3F8403203F00303032B40
:104FF00012D0032B16D8012B02D0022B06D011E0C1
:105000001BF075FB0390092302930EE0FDF752FDA0
:1050100003900823029308E01BF06DFB03900B2321
:10502000029302E00023029300BF019B002B02D0F9
:10503000019B039A1A60009B002B02D0009B029AEE
:105040001A6000BF05B05DF804FB00BF008000508F
:1050500000B585B00190009100230393214BD3F854
:10506000003203F00703042B29D801A252F823F0E1
:10507000B950000085500000915000009D50000084
:10508000A95000001BF033FB03900923029319E0A1
:10509000FDF710FD03900823029313E01BF02BFB98
:1050A00003900B2302930DE0FDF7BEFC03469B0A21
:1050B00003930E23029305E00123029302E00023F1
:1050C000029300BF019B002B02D0019B039A1A6040
:1050D000009B002B02D0009B029A1A6000BF05B013
:1050E0005DF804FB0080005000B585B00190009190
:1050F00000230393114B1B6803F00403002B06D01D
:10510000FDF792FC034603930C23029305E002AAE9
:1051100003AB11461846FFF72DFE019B002B02D072
:10512000039A019B1A60009B002B02D0029A009BFD
:105130001A6000BF05B05DF804FB00BF10E000E09E
:10514000054B5B68C3F30803002B14BF0123002346
:10515000DBB21846704700BF00ED00E084B00346A4
:105160008DF807309DF90730002B02DB9DF90730E1
:105170003F2B0C4B03939DF907305A09039B53F8BF
:1051800022209DF8073003F01F0322FA03F303F0F7
:105190000103002B0CBF01230023DBB2184604B02F
:1051A000704700BF00E100E0024B034A1A6400BFF1
:1051B000704700BF004009503254FFFF024B4AF6CF
:1051C000CD321A6400BF70470040095008B500BFD7
:1051D000042104481BF0D8FE0346002BF8D100BF81
:1051E00000BF08BD8440005008B5FFF7EFFF044B37
:1051F000D3F884309B0903F00303DBB2184608BDE3
:105200000040005082B00190044B03F500531A4651
:10521000019BC2F8203400BF02B0704700C00350A9
:1052200000B585B003468DF807309DF80730002B98
:1052300013D12D4B00221A602C4B03F580531A46D4
:105240004FF4003353662A4B5B68012B47D1274B41
:10525000D3F80031244A136041E0234B1B68002B34
:105260003DD0234B5B68012B39D0204A1E4B1B6875
:10527000C2F800318020FEF7F9FF0346052B28D144
:105280004FF4C070FEF70CFC0390039B012B04D17C
:1052900002214FF4C070FEF74DFC154B03F500538F
:1052A0001A4607231361124B03F580531A46012354
:1052B000536000BF0E4B1B6903F00103002BF9D0B4
:1052C000039B012B0BD101214FF4C070FEF732FC80
:1052D00005E0074B03F580531A460123536000BFD6
:1052E00005B05DF804FB00BF4020002000800050A6
:1052F00000C0015000B583B00190019B1A78054BA6
:105300001A700121002000F0A3F800BF03B05DF87F
:1053100004FB00BF3C20002082B00190064B5B6F75
:1053200023F44072019B5B781B02034913434B67D4
:1053300000BF02B0704700BF0040005000B585B00C
:1053400003468DF807309DF80730002B02D000206F
:10535000FFF766FF164B1B69154A43F00403136100
:1053600004F032FD1BF02BFE1248FFF74BFF1BF041
:10537000D5FD039026F0F8FB03981BF0DBFD1BF036
:1053800020FE04F053FD9DF80730002B02D00120D1
:10539000FFF746FF9DF8073083F00103DBB2002BD7
:1053A00001D01BF0ECFD00BF05B05DF804FB00BFB1
:1053B00000ED00E00000FF0F00B585B003468DF85A
:1053C00007309DF80730002B02D00020FFF728FFA0
:1053D000144B1B69134A43F0040313611248FFF78F
:1053E00011FF04F0F1FC1BF099FD039026F0BCFBCB
:1053F00003981BF09FFD04F019FD9DF80730002B6A
:1054000002D00120FFF70CFF9DF8073083F0010365
:10541000DBB2002B01D01BF0B2FD00BF05B05DF880
:1054200004FB00BF00ED00E00000FF0F82B0019020
:10543000064BDB6E23F03003019A12791146034AC2
:105440000B43D36600BF02B0704700BF004000505E
:1054500000B585B001900B468DF80330019B002B01
:1054600003D1FDF7B9FA039001E0019B03930D4BC3
:105470001B78002B0AD0039B0B4A934206D89DF859
:1054800003301946012000F011F806E09DF80330C2
:105490001946022000F00AF800BF00BF05B05DF811
:1054A00004FB00BF3C200020005A620210B586B009
:1054B00003460A468DF8073013468DF80630FFF78D
:1054C00093FE03461A469DF80730934240D0FDF7FD
:1054D00083FA0590059B04939DF80730012B03D1B7
:1054E000012105981BF0D9FC1BF018FD03901A4B05
:1054F00003F500531A464FF0007353669DF80730CA
:1055000018461BF06CFD144C9DF8073018461BF034
:1055100048FD0346236702E00F4BD3F884300E4B5F
:105520005B6E03F00073002B06D10B4BD3F8843075
:1055300003F02003002BEFD003981BF0FBFC9DF839
:105540000730022B05D1002105981BF0A6FC00E0D6
:1055500000BF06B010BD00BF0040005000B587B0CE
:1055600003468DF807300023059300230493444B32
:1055700003F580531A464FF000435366414B03F541
:1055800080531A46012353603E4B5B6C03F00103CA
:10559000002B14BF012300238DF80F30FFF70EFE00
:1055A0009DF80730002B2BD1364B9B6803F001038D
:1055B0000293029B002B19D0324B03F500531A467D
:1055C0000123936002E0049B013304932D4BDB6ABB
:1055D00003F00103002B03D1049B2B4A9342F2D921
:1055E000049B294A934201D907230593254B03F5D0
:1055F00000531A460123536035E0049B01330493A2
:10560000204BDB6A03F00803002B03D0049B1E4AE7
:105610009342F2D9049B1C4A934202D90723059373
:1056200021E0184B03F500531A4620235362154B13
:1056300003F580531A46012393600023049302E08C
:10564000049B013304930F4B5B6A03F02003002B90
:1056500003D1049B0C4A9342F2D9049B0A4A934219
:1056600001D9072305939DF80F30002B01D0FFF7D8
:105670009BFD24F072FC059B184607B05DF804FB07
:1056800000800050004009503F420F0000B585B037
:1056900001902B4B03F580531A464FF0004353669D
:1056A000284B03F580531A4601235360254B5B6C4E
:1056B00003F00103002B14BF012300238DF80F30EA
:1056C000FFF77CFD019B5B785B001F4A43F0010301
:1056D000D3631C4B9B6823F07402019B9B781B01D6
:1056E0001343019AD278002A01D0042200E000225C
:1056F000144913438B60019B1B791B02019A927919
:105700001146104A0B431361019B5B791B02019AFE
:10571000D27911460B4A0B435361019B1B78184603
:10572000FFF71CFF9DF80F30002B01D0FFF73CFD69
:1057300024F013FC0123184605B05DF804FB00BFFC
:1057400000800050004009500040005084B00346E3
:105750008DF807300F4BDB6E03F030030393039B90
:10576000202B13D09DF80730002B08D0094BDB6E9F
:1057700023F03003074A43F01003D36607E0054BDC
:10578000DB6E044A23F03003D36600E000BF04B0B0
:10579000704700BF0040005082B00190044B03F5F9
:1057A00000531A46019BC2F8203400BF02B0704774
:1057B00000C0035082B0034600918DF807309DF879
:1057C0000730002B0AD09DF80730012B06D09DF83A
:1057D0000730022B02D09DF80730032B08489DF8B4
:1057E00007200121009B994013465B0013441B01D5
:1057F000034403F500531033196000BF02B0704733
:1058000000C0035082B0034600918DF807309DF828
:105810000730002B0AD09DF80730012B06D09DF8E9
:105820000730022B02D09DF80730032B08489DF863
:1058300007200121009B994013465B0013441B0184
:10584000034403F580531033196000BF02B0704762
:1058500000C0035000B587B0029101921A4603467A
:105860008DF80F3013468DF80E30002305939DF808
:105870000F30002B0AD09DF80F30012B06D09DF879
:105880000F30022B02D09DF80F30032B019B072B0A
:105890000FD8019B9B00032202FA03F19DF80F2011
:1058A000019B9B0002FA03F31A462D481BF0B7FB3D
:1058B00011E0019B083B0593059B9B00032202FA24
:1058C00003F19DF80F20059B9B0002FA03F31A4693
:1058D00024481BF0A4FB019B072B10D8019B9B00C5
:1058E000032202FA03F1029B03F00302019B9B00D7
:1058F00002FA03F31A461C481BF091FB0FE0059BCC
:105900009B00032202FA03F1029B03F00302059BB2
:105910009B0002FA03F31A4614481BF080FB9DF823
:105920000E301A46019912481BF060FB9DF820309A
:105930001A4601990F481BF059FB0122019B02FAFC
:1059400003F31846FFF728FF9DF824301A46019903
:1059500009481BF04BFB00BF07B05DF804FB00BF1C
:1059600000C4035004C4035008C403500CC40350C3
:1059700010C4035014C4035024C4035000B587B0AE
:10598000029101921A4603468DF80F3013468DF8A6
:105990000E309DF80F30002B0AD09DF80F30012BF0
:1059A00006D09DF80F30022B02D09DF80F30032B4C
:1059B0009DF80E3083F00103DBB29DF80F00032247
:1059C00002991BF04BFB9DF80E20019B103302FA4D
:1059D00003F30593019B1033012202FA03F30493AE
:1059E0000599049800F00EF8019B10339DF82020D3
:1059F000194603481BF0FAFA00BF07B05DF804FB34
:105A000024C4035000B583B001900091124BD3F829
:105A10003024019BDB4310491340C1F830340E4B56
:105A2000D3F830240199009B0B400B491343C1F874
:105A30003034094BD3F82C240749019B1343C1F898
:105A40002C340120FFF782FE0198FFF7A5FE00BF6E
:105A500003B05DF804FB00BF00C0035082B00346F2
:105A60008DF807309DF90730002B0CDB9DF80730CF
:105A700003F01F0205499DF907305B09012000FA78
:105A800002F241F8232000BF02B0704700E100E0BD
:105A900082B003468DF807309DF90730002B13DBE9
:105AA0009DF8073003F01F0209499DF907305B0993
:105AB000012000FA02F2203341F82320BFF34F8F78
:105AC00000BFBFF36F8F00BF00BF02B0704700BFC1
:105AD00000E100E082B003468DF807309DF9073001
:105AE000002B0DDB9DF8073003F01F0206499DF9DE
:105AF00007305B09012000FA02F2603341F82320ED
:105B000000BF02B0704700BF00E100E082B0034672
:105B100000918DF807309DF90730002B0ADB009BC0
:105B2000DAB20C499DF907301201D2B20B4483F866
:105B300000230BE0009BDAB207499DF8073003F021
:105B40000F03043B1201D2B20B441A7600BF02B01D
:105B5000704700BF00E100E000ED00E008B515204F
:105B6000FFF796FF094B00225A65084BFF229A6205
:105B7000064B00225A6000212020FEF76BF800211E
:105B80002120FEF767F800BF08BD00BF00000450E9
:105B900000B583B001900B468DF8033001999DF854
:105BA000033083F00103DBB21A4603481BF0CFFA3F
:105BB00000BF03B05DF804FB4000045000B585B0A1
:105BC000019001212020FEF745F801212120FEF758
:105BD00041F81B4B01225A60019B1B781B06039363
:105BE000174A039B9360019B5B781B04019A927890
:105BF0001146134A0B439361114BFF229A62104BDB
:105C000000229A630E4B00221A640D4B4FF00042A3
:105C10005A650B4B03F500531A464FF0FF331365DB
:105C20001520FFF757FF019BDB7819461520FFF77A
:105C30006DFF1520FFF712FF00BF05B05DF804FBF4
:105C40000000045000B587B0039002910192039BBD
:105C5000DBB21A460123934005933E4B03F50053F4
:105C60001A46059B13653C49029B1A68039B41F841
:105C70002320029B5B7B37491846039A13465B003F
:105C800013441B010B4460331860029B9B7A1A0477
:105C9000029BDB7A1B051A43029B1B7B5B051343AC
:105CA0002C491846039A13465B0013441B010B440E
:105CB0005C331860019B274823F00301039A1346C5
:105CC0005B0013441B010344703319601BF03CF963
:105CD0000490204B5A6D1F49059B13434B65029B53
:105CE0001B7A002B05D01B4B1A6C1A49059B1343DA
:105CF0000B64029B5B7A002B05D0164B9A6B1549FF
:105D0000059B13438B63029B1B791B04029A9279B8
:105D10001343104A03F0FF1302F500529361029BF4
:105D20005B791B04029AD27913430A4A03F0FF13EA
:105D300002F580529361059908481BF021FA054A43
:105D4000059B936404981BF00FF900BF07B05DF842
:105D500004FB00BF00000450004004503400045015
:105D600000B585B00190019BDBB21A460123934038
:105D700003931BF0E9F80290084B5A6D039BDB4339
:105D8000064913404B65054A039B936202981BF03A
:105D9000EBF800BF05B05DF804FB00BF0000045045
:105DA00000B587B0019000238DF81730019BDBB25E
:105DB0001A460123934004931BF0C6F803900C4B42
:105DC000DA6A049B1340002B09D1094B5A6B049BE0
:105DD0001340049A9A4202D101238DF81730039898
:105DE0001BF0C2F89DF81730184607B05DF804FBA9
:105DF00000000450094B03F580531A464FF400335A
:105E00009366074B41F67132DA63054B03F5005395
:105E10001A460123D36000BF704700BF00800050C6
:105E2000000003500A4B41F67132DA63084B03F568
:105E300000531A460123D360054B0022DA63054B59
:105E400003F500531A464FF40033936600BF7047C2
:105E5000000003500080005084B001900091009B2E
:105E60001B781A46009B5B789B001A43009BDB78EB
:105E70005B011A43009B1B791B014FF0B04042EAC3
:105E80000301019A13465B0013449B000344303323
:105E90001960009B1B78012B09D1064B0393009BD3
:105EA0009978019B9B00039A13440A461A6000BF2D
:105EB00004B07047E8800350014B5B691846704797
:105EC00000C0075000B585B00190114B03F5805319
:105ED0001A464FF480335366FFF7EEFF0390039B9F
:105EE0009B09DBB203F03F03DAB2019B9A70039B7C
:105EF000DBB203F03F03DAB2019B5A70039B1B0B2A
:105F0000DAB2019B1A7000BF05B05DF804FB00BF58
:105F100000800050F0B482B00E4B9B6C01930D4B8F
:105F2000DB6C00221E4617464FF000024FF00003C4
:105F300033000022019E00273046394642EA000421
:105F400043EA010522462B461046194602B0F0BC32
:105F5000704700BF0080E00F024B1B681B0CDBB2D8
:105F6000184670470080E00F82B0074B9B68DBB299
:105F70000193019B0A3303F01F03012202FA03F38A
:105F8000184602B0704700BF0080E00F82B0019059
:105F9000019B0E4A93420FD0019B0D4A93420BD0B6
:105FA000019B0C4A934207D0019B0B4A934203D0BA
:105FB000019B0A4A934201D1012300E0002303F030
:105FC0000103DBB2184602B0704700BF00800450E6
:105FD00000C00450000005500040055000800550EE
:105FE00086B00390029101928DF80330039B224A00
:105FF00093421AD0039B214A934214D0039B204A18
:1060000093420ED0039B1F4A934208D0039B1E4A23
:10601000934201D1042309E04FF0FF3306E003234C
:1060200004E0022302E0012300E000230593174B64
:106030000493059B002B1BDB9DF80330002B0BD03A
:106040000499059A13465B0013445B00029A1344BB
:10605000019A41F823200BE0019B18020499059A4C
:1060600013465B0013445B00029A134441F823007B
:1060700000BF06B0704700BF0080045000C004504D
:106080000000055000400550008005500C81035071
:1060900082B001900B468DF80330019B0D4A93426C
:1060A00005D10D4A9DF80330C2F88C3108E0019B00
:1060B0000A4A934204D1084A9DF80330C2F89C3141
:1060C000019BDB6D43F08002019BDA6500BF02B0EB
:1060D000704700BF00C0055000800350000006500C
:1060E00000B587B00390029101928DF80330002330
:1060F0000593029B002B04D14FF42070FDF7DCFDCB
:1061000002909DF80330602B13D0602B14DC402BE1
:106110000CD0402B10DC002B02D0202B03D00BE046
:106120001023059309E00823059306E00623059351
:1061300003E00423059300E000BF059B002B2AD059
:10614000029B5A01059B019901FB03F35B08134471
:106150000493059B019A02FB03F3049AB2FBF3F349
:106160000493049B203B0493049BDB000493049A58
:106170000B4B13400493039B9B6823F06002039B2B
:106180009A60039B9A689DF803301A43039B9A60B8
:10619000039B049ADA6100BF07B05DF804FB00BFFF
:1061A000F8FF7F0084B001900B468DF80330019B0F
:1061B000144A934202D0019B134A9342019B03F578
:1061C00080531A46012353609DF80330DB43039349
:1061D000039B03F005030393039B5A00019B5A6141
:1061E0009DF80320019B5A619DF80330002B05D1D7
:1061F000019B03F500531A460123536000BF04B00E
:10620000704700BF00C005500000065000B583B0C5
:1062100001900091019B554A934202D0019B544A40
:106220009342019800F0A8F8019B03F580531A46A9
:1062300001235360009B9B7C002B05D0019B9B6836
:1062400043F08042019B9A60009BDB7C002B05D0D1
:10625000009B1B7D19460198FFF71AFF009B5B7B93
:106260001A46009B1B8A1343009AD2891A43019B4A
:10627000DA60009B5968009B9A68009B1B7B019821
:10628000FFF72EFF009B5B7D002B05D0019B9B68D9
:1062900043F48032019B9A60009B9B7D002B05D0CC
:1062A000019B9B6843F40042019B9A60009BDB7D4D
:1062B0001B0703F0E042009B1B7E1B0503F4E00379
:1062C0001A43019B9A65009B5B7E022B03D0009BC7
:1062D0005B7E032B16D1274A019B24498B4208D0B1
:1062E000019B23498B4201D1012303E04FF0FF338F
:1062F00000E000235B01134403F5B0531C3302227A
:106300001A6015E01B4A019B18498B4208D0019B7B
:1063100017498B4201D1012303E04FF0FF3300E026
:1063200000235B01134403F518531C3302221A6047
:10633000009B5B7E012B03D0009B5B7E032B06D171
:10634000019B03F580531A460423D36505E0019BA6
:1063500003F500531A460423D365009B1B781A46A5
:10636000019B5A6100BF03B05DF804FB00C00550FB
:106370000000065000C0035082B00190019B254AE6
:10638000934202D0019B244A9342019B03F5805320
:106390001A4601235360019B40F6AA625A61019B91
:1063A00000229A60019B0022DA65019B41F20502FE
:1063B000DA60019B00221A61019B0022DA61019BD5
:1063C0000022DA64019B03F500531A46134B9364D1
:1063D000019B00229A65019B0E4A934203D0019BC8
:1063E0000D4A934202D1019B00221A65019B094A82
:1063F000934203D0019B084A934202D1019B0022A1
:106400005A65019B03F500531A460123536000BFF0
:1064100002B0704700C0055000000650FFFF0100A9
:1064200030B583B00190019823F0BCFD064A019B72
:1064300014461D460FCD0FC495E8030084E8030001
:106440000023184603B030BD442000208EB00190D8
:106450000B468DF803301346ADF80030BDF900301F
:1064600047F6FF72934201D1FF23F7E09DF8033016
:10647000022B00F2F2809DF803307A4AD35C012BA4
:1064800000F2EB809DF80330764AD35CDB00764A5D
:1064900013440893089B9B780793089B1B78012B58
:1064A0002BD100230D93089BDB781A46079BD31A48
:1064B0000C9317E00C9A0D9BD31A5B080C9AD31A15
:1064C0000393089B5A68039B5B001344B3F90030A5
:1064D000BDF900209A4203DA039B013B0C9301E0D3
:1064E000039B0D930D9A0C9B9A42E3D30C9BDAB25B
:1064F000079BDBB21344DBB2B0E0089B5B680693FA
:10650000069B002B01D10023A8E0069BB3F90030C5
:10651000BDF900209A4204DD069B1B88ADF80030CF
:106520000AE0069BB3F90230BDF900209A4203DA73
:10653000069B5B88ADF80030C823ADF82E302823C9
:10654000ADF82C300023ADF82A30069B9B88FF2B3A
:106550000DD1BDF82A3001339BB2ADF82A30069B2D
:10656000DB88ADF82E30069B9B68ADF82C30BDF96A
:106570002E20BDF90030D21ABDF92C3092FBF3F376
:106580009AB2BDF82A3013449BB2ADF82A30089B6A
:106590005B781A46BDF92A309A4203DDBDF92A30EC
:1065A000002B05DA089B5B78013B9BB2ADF82A30E3
:1065B000BDF92A30DB00069A134404330593059B8A
:1065C0005A68059BB3F902301946BDF9003001FB4A
:1065D00003F313440493049B002B02DA0023099372
:1065E00001E0049B0993099B5C33204AA2FB03232F
:1065F0009B090993BDF92A309BB201339BB2ADF8D8
:106600002A30BDF92A30089A5278934209DABDF946
:106610002A30069ADB0013449B881A46099B934252
:10662000C6D9BDF92A30013B069ADB0013449B888A
:106630001A46099B934207D9BDF92A30013B069AB5
:10664000DB0013449B880993099A079B9A4201D265
:10665000079B0993099BDBB200E0002318460EB0AC
:10666000704700BF50C4020044200020D34D621088
:1066700088B001900B468DF8033013468DF8023038
:106680009DF80330022B00F2C1809DF80330614A6F
:10669000D35C012B00F2BA809DF803305D4AD35CD5
:1066A000DB005D4A13440693069B1B78012B26D121
:1066B000069BDB789DF802209A4203D9069BDB7883
:1066C0008DF80230069B9B789DF80220D31A8DF836
:1066D00002309DF80220069BDB781946069B9B78CA
:1066E000CB1A9A4202DD00238DF80230069B5A68CD
:1066F0009DF802305B001344B3F9003087E0069B3D
:106700005B680593059B002B01D1444B7FE0059B03
:1067100004330493069B9B789DF802209A4203D889
:10672000059BB3F9023072E0069BDB789DF80220EE
:106730009A4203D3059BB3F9003068E000238DF83B
:106740001F30069B5B78013B8DF80F30049B1B8844
:10675000FF2B14D101238DF81F3010E09DF81F305E
:106760000133DB00049A13441A889DF802309BB26F
:106770009A420BD39DF81F3001338DF81F309DF8DE
:106780001F209DF80F309A42E8D300E000BF9DF82B
:1067900002304FF47A7203FB02F29DF81F30DB00E7
:1067A00004990B445B68D31A02939DF81F30DB00F9
:1067B000049A1344B3F90230DA0F13445B101BB28E
:1067C0001A46029B13449DF81F20D20004990A44E4
:1067D000B2F9022093FBF2F30293059BB3F9003068
:1067E0001A46029B934203DD059BB3F900300EE08D
:1067F000059BB3F902301A46029B934203DA059BCC
:10680000B3F9023003E0029B1BB200E0034B1846D1
:1068100008B0704750C40200442000200080FFFFF1
:1068200008B50448FFF7FCFD012023F0BFFB00BFC3
:1068300008BD00BF5CC90200014B1846704700BF8D
:10684000AC0B002000B587B001AB00221A605A6083
:106850009A60DA601A6102238DF804300B4B0293C0
:1068600002238DF80D3004238DF80E3002238DF8AD
:10687000133005238DF8143001AB19464FF0FF306B
:1068800023F0C9FB00BF07B05DF804FB006A1800E5
:1068900082B001230193034A019B936000BF02B0C1
:1068A000704700BF0020025C014BDB681846704750
:1068B0000020025C86B003900291019200930023B5
:1068C0000593019B1B0403F47022029B1B0203F43B
:1068D00070631A43039B03F00F031A43009B1B06CC
:1068E00003F0706313430593024A059B136000BFD6
:1068F00006B070470020025C00B587B0039002919B
:10690000019200934FF000430493029B002B03D0AD
:10691000029B013B059301E000230593059BB3F522
:10692000806F01D301231FE000BF1AF03CFE034635
:10693000002BFAD1049A039B13430493059B1A027C
:106940000B4B1340049A13430493019B1B0703F062
:106950008053049A13430493049A009B13430493B3
:10696000044A049B53600023184607B05DF804FBFB
:1069700000FF03000020025C014B1B6818467047B3
:106980000040025C014B1B68184670470410025C13
:10699000014B1B68184670473010025C014B1B68A6
:1069A000184670470010025C82B00190024A019BB9
:1069B000136000BF02B070470810025C82B0019003
:1069C000024A019B136000BF02B070474010025C96
:1069D00082B003468DF80730034A9DF807301360F4
:1069E00000BF02B0704700BF4410025C82B001904B
:1069F000024A019B136000BF02B070473410025C72
:106A0000024B00221A6000BF704700BF0010025CFA
:106A100008B5FFF7C3FF0346024A43F001031360C2
:106A200000BF08BD0010025C08B5FFF7B7FF0346C2
:106A3000024A23F00103136000BF08BD0010025C8E
:106A4000024B43F204021A6000BF70470010025C60
:106A500008B5FFF7A3FF0346024A43F03003136073
:106A600000BF08BD0010025C08B5FFF797FF0346A2
:106A7000064A43F480731360FFF790FF0346034A0E
:106A800023F48073136000BF08BD00BF0010025CD8
:106A900008B5FFF783FF0346024A43F4806313609F
:106AA00000BF08BD0010025C00B583B003468DF83E
:106AB0000730FFF773FF034623F470229DF8073079
:106AC0001B04034913430B6000BF03B05DF804FBD4
:106AD0000010025C82B001900A4B1A68019B1A6098
:106AE000094A019B043312681A60084A019B083363
:106AF00012681A60064A019B0C3312681A6000BFC4
:106B000002B070471010025C1410025C1810025C96
:106B10001C10025C82B001900A4A019B1B68136042
:106B2000019B0433084A1B681360019B0833074A22
:106B30001B681360019B0C33054A1B68136000BF80
:106B400002B070471010025C1410025C1810025C56
:106B50001C10025C00B583B0019000BFFFF718FF66
:106B6000034603F00103002BF8D1034A019B136095
:106B700000BF03B05DF804FB2010025C82B0044B40
:106B80000193019B01221A6000BF02B0704700BF51
:106B9000FCFFFF3F00B583B00190009101990748C9
:106BA0001AF01DFE009906481AF019FE054B032243
:106BB0001A6000BF03B05DF804FB00BF0000025C78
:106BC0001000025C3400025C82B010B586B001ACEB
:106BD00084E807000993029B0C9A934228BF13464E
:106BE0000593039B03F08053002B04D0059B0333D4
:106BF00023F003030593059B23F070430593099B42
:106C0000194613481AF0EBFD0B9B03F0E042059B7D
:106C10001343104A43F0005313600F4B00221A60D5
:106C2000019B19460D481AF0DAFD039B03F0E04280
:106C3000059B13430A4A43F000531360094B00229B
:106C40001A6000BF06B0BDE8104002B0704700BF38
:106C50000000025C0800025C0C00025C1000025C98
:106C60001800025C3400025C054B3F221A60054BA1
:106C700010221A60044B03221A6000BF704700BF45
:106C80003000025C1C00025C3800025C00BF044B58
:106C90001B6803F00203002BF9D100BF00BF70474F
:106CA0003C00025C054B1B6803F02403002B01D061
:106CB000042300E000231846704700BF2800025C50
:106CC00082B0084B1B680193019B23F47F4323F0A0
:106CD000EF03002B01D0042300E00023184602B08C
:106CE000704700BF3C00025C82B001900091019BA4
:106CF0005B68202B22D0202B2FD8102B02D0182BF2
:106D00000DD02AE0264B1B6803F08073002B01D1C5
:106D1000012342E0009B1A68009B1A601FE0204B91
:106D20001B6803F00073002B01D1012335E0009BA9
:106D30001B6843F00802009B1A6010E0184B1B68A8
:106D400003F08063002B01D1012326E0009B1B6828
:106D500043F00402009B1A6001E007231DE0019B41
:106D60001B68104A934209D1009B1B6843F0400204
:106D7000009B1A60019B00225A600DE0019B1B687A
:106D8000094A934208D1009B1B6843F08002009B94
:106D90001A60019B00225A600023184602B0704717
:106DA0000404025C7B2D00207C2D002000B587B000
:106DB00005900491039202930A4B1B6803F48073BD
:106DC000002B01D1012308E0029B0093039B049A4E
:106DD0000599002000F026F80346184607B05DF834
:106DE00004FB00BF0404025C00B587B00590049169
:106DF000039202930A4B1B6803F48073002B01D1AA
:106E0000012308E0029B0093039B049A059900204C
:106E100000F042F80346184607B05DF804FB00BFD7
:106E20000404025C00B591B00A91099208930346EC
:106E30008DF82F30164B0F93089B5B68102B03D1F6
:106E4000129B5B68102B01D007231DE0114A0CAB8D
:106E500007CA83E807000CAA9DF82F00129B07932E
:106E60000CAB06930CAB05930CAB04930CAB0393E8
:106E70000CAB0293099B0193089B009313460A9A5B
:106E80000F991AF096FD0346184611B05DF804FB01
:106E90003000010054C4020000B591B00A9109927B
:106EA000089303468DF82F30164B0F93089B5B68B1
:106EB000102B03D1129B5B68102B01D007231DE020
:106EC000114A0CAB07CA83E807000CAA9DF82F00F3
:106ED0000CAB0793129B06930CAB05930CAB04937E
:106EE0000CAB03930CAB0293099B0193089B00939B
:106EF00013460A9A0F991AF05CFD0346184611B022
:106F00005DF804FB1000010054C4020030B59BB0D2
:106F10002E4B08AC1D460FCD0FC40FCD0FC40FCDA7
:106F20000FC495E80F0084E80F00294B04AC0FCB89
:106F300084E80F00274B6C460FCB84E80F0000233A
:106F40001893FFF791FD0420FFF7AEFDFFF778FDE2
:106F50006B461846FFF7DEFD002319930BE0199BE3
:106F60009B0068336B4453F8483C1846FFF7F2FD2A
:106F7000199B01331993199B0F2BF0D900BFFFF711
:106F800001FD0346032BFAD9FFF73AFD00231993BD
:106F90000FE0FFF7F1FC0246199B9B0068336B443E
:106FA00053F8583C5340189A13431893199B0133D4
:106FB0001993199B032BECD9189B002B01D00623A6
:106FC00000E0002318461BB030BD00BF34C50200EE
:106FD00074C5020084C5020000B585B00190019B14
:106FE000002B0AD0FFF792FF0390039B002B04D0E5
:106FF0000E4B01221A70062314E0FFF735FD08201E
:10700000FFF7D2FC0020FFF7D9FC0720FFF7E0FCD8
:107010004FF40070FFF7EAFC0820FFF745FDFFF78B
:10702000F7FC0023184605B05DF804FB7D2D002019
:1070300000B587B01AF0E2FE0590059B002B04D046
:10704000114B01221A7006231AE0FFF795FC034644
:107050000193FFF791FC03460293FFF78DFC034673
:107060000393FFF789FC0346049301AB1846FFF72F
:1070700051FD1AF0F7FEFFF7EBFCFFF709FD0023C7
:10708000184607B05DF804FB7D2D0020024B01225D
:107090001A7000BF704700BF7E2D002082B00346EB
:1070A0008DF807309DF80730062B1FD801A252F843
:1070B00023F000BFD1700000D5700000E570000023
:1070C000D9700000DD700000E1700000E970000080
:1070D0006C230CE05C230AE0542308E0802306E0E4
:1070E000102304E0582302E0242300E00023184684
:1070F00002B0704700B58BB0019000911F4B039315
:10710000019B04931E4B059346F61103069300F072
:107110001FFA0990099B142B04D107AB18461AF0EB
:107120008DFF04E0099B002B01D0099B21E04FF06B
:10713000A84303225A634FF0A84203AB13604FF0F9
:10714000A842009B13614FF0A84303229A6300BF3B
:107150004FF0A843DB6B03F00303002BF8D1099B2E
:10716000142B03D107AB18461AF080FF00F020FA69
:10717000034618460BB05DF804FB00BF5C200020FE
:107180000400002010B5BAB00291019200930346AA
:107190008DF80F308F4B31AC0FCB84E80F00409A45
:1071A000019B13445B4203F00F0337933D9B002B7D
:1071B00004D03D9B5B4203F00F0300E010233693A5
:1071C000419B2D9301232E93429B43F000532F9319
:1071D000429BC3F110031B0203F4F85343F0210355
:1071E00030933D9B002B01D131AB00E0009B2993F4
:1071F0009DF80F3083F00103DBB2002B04D0429BDB
:10720000002B01D02DAB00E001232A933D9B002BE6
:1072100003D03D9B43F0005302E0369B43F0005304
:107220002B939DF80F30002B02D1429B002B01D1F4
:10723000212200E00122369B1B0203F4F853134382
:107240002C93029B259329AB2693019B43F000537B
:107250002793379B1B0203F4F85343F04103289311
:107260003F9B2193019B002B01D025AB00E029AB74
:107270002293019B002B01D0002201E04FF000522D
:10728000409B13432393019B002B06D1379B1B028A
:1072900003F4F85343F0410300E0412324933E9B61
:1072A0001D9321AB1E934C4B1F9340F6110320936B
:1072B0009DF80F30002B01D0484B00E0484B19934C
:1072C0001DAB1A93474B1B9311231C9315AB002244
:1072D0001A605A609A60DA6001231693429BC3F1E8
:1072E000100343F08043179311AB00221A605A60D9
:1072F0009A60DA609DF80F3083F00103DBB2002B57
:1073000001D031AB00E0419B1193429B102B01D087
:1073100015AB00E001231293429B13930DAB0022A7
:107320001A605A609A60DA60429B002B01D011AB60
:1073300000E001230E93369B43F080430F9309AB8B
:1073400000221A605A609A60DA603C9B0993369B6F
:10735000002B01D00DAB05E0429B002B01D011ABFF
:1073600000E001230A933C9B002B02D14FF08042A6
:1073700000E000223D9B13430B9305AB00221A60F3
:107380005A609A60DA603D9B002B01D009AB00E0A7
:107390000DAB0693409A019B1A44379B134443F06C
:1073A0008043079305AA19AB11461846FFF7A2FEC2
:1073B0003590359B002B01D0359B2BE09DF80F308D
:1073C00083F00103DBB2002B23D000233993002389
:1073D000389315E09CC502001000002094C50200FF
:1073E00098C502000400002031AA389B13441B7882
:1073F000DBB21A46399B13433993389B01333893D8
:10740000389A429B9A42EFD3399B002B01D02C2310
:1074100000E0002318463AB010BD00BF00B5A3B08D
:107420000390029101920093029BB3F5807F0AD0F2
:10743000029BB3F5807F1CD8029B802B0FD0029B50
:10744000C02B0AD015E0249B002B02D040F234431D
:1074500001E040F2144321930DE00F2358E0249BF8
:10746000002B02D04FF4866301E04FF48263219336
:1074700001E029234CE0249B1D9301231E9310233C
:107480001F9321232093259B1993249B002B01D02C
:107490001DAB00E001231A9310231B9301231C93BF
:1074A000019B1593012316931023179321231893FF
:1074B000194B119315AB1293184B139342F611030A
:1074C0001493009B0D9315AB0E9310230F9342F66C
:1074D0001103109321AB0993009B002B01D00DAB3E
:1074E00000E011AB0A9304230B9311230C93039B2D
:1074F000059309AB0693029BDB08079340F6110343
:10750000089319AA05AB11461846FFF7F3FD034689
:10751000184623B05DF804FBBCC502001000001043
:1075200000B583B0094B1B68002B04D10421074828
:1075300004F080F90190054B1B68013343F00043D0
:10754000024A136000BF03B05DF804FB5C2000201A
:1075500008B5154B5B6E144A43F004035366124B97
:10756000D3F88032104A43F00103C2F880320F4B47
:107570005B68C3F30803002B09D000BF4FF0A8439A
:10758000DB6B03F04303002BF8D114230AE000BFA8
:107590004FF0A843DB6B03F04303002BF8D1FFF758
:1075A000BFFF0023184608BD0080005000ED00E03A
:1075B000054B5B68C3F30803002B01D0002300E0F8
:1075C00000231846704700BF00ED00E0084B03F5AC
:1075D00080531A464FF400539366054B03F58053CE
:1075E0001A460323C2F8603200231846704700BFD2
:1075F00000800050084B03F500531A464FF4005327
:107600009366054B03F500531A460323C2F8603214
:1076100000231846704700BF0080005010B582B0AC
:10762000019001981AF049FD0346012202FA03F481
:1076300001981AF037FD03460F4A52F823202146DD
:107640000A430D4941F8232001981AF036FD0346FC
:10765000012202FA03F3DC4301981AF023FD0346EA
:10766000064A52F8232021460A40044941F82320C3
:1076700000BF02B010BD00BF6020002074200020B9
:1076800010B586B0019001981AF017FD034601224B
:1076900002FA03F401981AF005FD0346164A52F85F
:1076A000232021460A43144941F82320002305934F
:1076B0000023049309E0114A049B52F82330059AF1
:1076C00013440593049B01330493049B042BF2D9C8
:1076D000059B002B0DD10023039307E0064A039B73
:1076E000002142F82310039B01330393039B042BD7
:1076F000F4D900BF06B010BD742000206020002027
:1077000010B582B0019001981AF0D7FC034601220F
:1077100002FA03F401981AF0C5FC0346054A52F830
:10772000232021464A40034941F8232000BF02B0EC
:1077300010BD00BF6020002010B582B001900198FC
:107740001AF0B0FC0346094A52F8234001981AF097
:10775000B4FC034624FA03F303F00103002B14BF27
:1077600001230023DBB2184602B010BD60200020C8
:1077700010B582B0019001981AF094FC0346094AB2
:1077800052F8234001981AF098FC034624FA03F3B8
:1077900003F00103002B14BF01230023DBB21846C2
:1077A00002B010BD7420002082B00190019BA3F5AF
:1077B0000622A2F6FF42074BA3FB0213D9080B4691
:1077C000DB010B44D11A01F5062303F5506318467B
:1077D00002B07047813FE00F00B583B0CDE90001F2
:1077E000DDE900011AF071FC0146084BA3FB0123FF
:1077F000DA081346DB011344CA1A02F5062303F51F
:107800005063184603B05DF804FB00BF813FE00FF2
:1078100000B5A9B012AB40220021184623F031FA7E
:1078200002AB40220021184623F02BFA2A4B279363
:1078300047E0279B10332693269B284A934201D981
:10784000264B2693264B1868269B013B12A90093D2
:10785000279B102222F034F92390002325930BE07C
:10786000259B9B00A0336B4453F8583C1846FFF708
:10787000D5FE259B01332593259A239B9A42EFD36E
:10788000174B1868269B013B02A90093279B1022E7
:1078900022F01FF92290002324930BE0249B9B00ED
:1078A000A0336B4453F8983C1846FFF7E9FE249B3D
:1078B00001332493249A229B9A42EFD3279B1033BF
:1078C0002793279B074A9342B3D9074B01221A708B
:1078D00000BF29B05DF804FB006D080000710800CE
:1078E000880B0020FF7008007F2D002000B58BB0B2
:1078F0000590049103920293039B002B02D0039BFB
:1079000000221A60029B002B02D0029B00221A6008
:107910001D4B1868102300930023049A05990EF05C
:1079200011FD0990099B002B01D0099B27E0039BC7
:10793000002B02D0039B10221A60049B1B68134A81
:10794000934201D0124B1AE0039B002B16D0029BEE
:10795000002B13D00C4B186807AA029B05990EF058
:1079600045FD0890089B002B01D0089B07E0029B77
:107970001A68039B1B68D21A029B1A60099B18465F
:107980000BB05DF804FB00BF880B0020105D175E94
:10799000FFDF00F000B589B0CDE902010093134686
:1079A0008DF807300023069300230593DDE90201DB
:1079B000FFF712FF05904E4B1B7883F00103DBB2FB
:1079C000002B09D0FBF78CFF0346002B02D06FF091
:1079D000910389E0FFF71CFF0023049373E00598EF
:1079E000FFF7AAFE034683F00103DBB2002B23D08E
:1079F0000598FFF7BDFE0346002B09D0069B002B20
:107A000001D1059B06930598FFF7CEFE059057E040
:107A10009DF80730002B0CD0069B002B04D00C9B4C
:107A2000069A1A6000235FE00C9B059A1A600023F7
:107A30005AE06FF08B0357E00B9B0A9A0099059868
:107A4000FFF754FF0790079B2A4A934203D0079BF6
:107A5000294A93420CD1294B1B68059918460EF010
:107A600009FD0790079B002B02D06FF08B033BE0D2
:107A7000079B002B06D0079B214A934202D06FF050
:107A8000910331E0009BD3E90223DDE90201994231
:107A900008BF904204D00598FFF786FE05900FE0DE
:107AA0009DF80730002B06D0009B5B68012B02D1AC
:107AB0006FF0840318E00C9B059A1A60002313E012
:107AC000049B01330493049B802B88D99DF80730D5
:107AD000002B07D0069B002B04D00C9B069A1A6043
:107AE000002301E06FF08B03184609B05DF804FB3A
:107AF0007F2D0020FFDF00F011E000F0880B002058
:107B0000FEDF00F000B58FB0CDE9060105920493C9
:107B1000059B002B05D0049B002B02D16FF0860340
:107B20007FE0059B40F26C72934202D96FF09103A3
:107B300077E0109B012B05D0109B002B02D06FF03B
:107B400085036EE06FF096030D9300230893059B69
:107B50000C930C9B1033194601201BF0C6FC0B90B4
:107B60000B9B002B02D16FF08C035AE00C9B10335F
:107B70001A4600210B9823F084F80B9B0A931AF005
:107B80008DFA08AB029300230193002300930A9B14
:107B90000122DDE90601FFF7FDFE0D900D9B002B94
:107BA00007D00D9B13F18C0F2DD16FF08D030D932A
:107BB00029E00A9B1D4A1A600A99DDE90623C1E9FA
:107BC00002230A9B109A5A60059B002B06D00B9B40
:107BD0001033059A0499184623F06CF8144B186872
:107BE00008990C9B10330B9A0EF014FB0990099B1B
:107BF000002B04D1089B1846FFF710FD04E06FF03E
:107C000091030D9300E000BF0C9B10331A46002136
:107C10000B9823F036F80B981BF07CFC1AF040FA16
:107C20000D9B18460FB05DF804FB00BF105D175E9A
:107C3000880B002000B595B0CDE9060105920493AC
:107C4000049B002B05D0179B002B02D16FF08603FD
:107C500083E0049B002B11D0169B002B0BD0169BAE
:107C6000B3F1005F07D3049BC3F1005303F5004356
:107C7000169A934202D26FF086036EE06FF096037D
:107C800013930CAB00221A605A609A60DA600023EA
:107C90000B930023129300230A931AF0FFF90CAA06
:107CA00009AB02930BAB01930AAB0093134600227E
:107CB000DDE90601FFF76EFE1390139B002B48D100
:107CC0000B9B1293049B002B14D0059A129B9A4293
:107CD00006D3129B002B03D06FF08603139339E079
:107CE000129B002B0ED1059B002B0BD06FF086034F
:107CF00013932FE0059A129B9A4203D96FF08603E3
:107D0000139327E0129A059BD31A049A9A4205D935
:107D1000129A059BD21A179B1A6002E0179B049ACD
:107D20001A60104B186809990A9A059B1A44179B08
:107D30001B6800931346169A0EF004FB1190119BDA
:107D4000002B03D06FF09103139303E000231393F0
:107D500000E000BF1AF0A4F9139B184615B05DF8B7
:107D600004FB00BF880B002000B591B0CDE90401F1
:107D70006FF096030F930AAB00221A605A609A6064
:107D8000DA6000230993002308931AF087F90AAAFE
:107D900007AB029309AB019308AB00931346002293
:107DA000DDE90401FFF7F6FD0F900F9B002B20D1BA
:107DB0000B9B012B03D16FF084030F931AE0114B3F
:107DC0001B68079A114618460EF054FB0E900E9B46
:107DD000002B0AD1079B1846FFF792FC079B184619
:107DE000FFF74EFC00230F9304E06FF091030F9315
:107DF00000E000BF1AF054F90F9B184611B05DF86F
:107E000004FB00BF880B002030B58FB005AB83E8C2
:107E100007001AF064FA0346002B07D01AF03FFA65
:107E20000C900C9B002B01D00C9B35E000230D9394
:107E300025E0059A0D9BD418069A0D9BD51AFEF7DE
:107E4000A1FD03469B00194628461AF0C2F90246D6
:107E500008AB214618461AF0A5F9099A104B029270
:107E60006C461A1D92E8030084E803001B6808AA08
:107E700007CA19F019FF099B0D9A13440D93069B2D
:107E80000D9A9A42D5D31AF0B1F90B900B9B002BA7
:107E900001D00B9B00E0002318460FB030BD00BF9F
:107EA000C0C5020010B592B00790069105920493E8
:107EB000079B002B08D0069B002B05D0059B002BB1
:107EC00002D0169B002B02D16FF08603D9E00798F1
:107ED0001AF06CFA0346ADF83630BDF8363023F4AC
:107EE000435323F03F03B3F5824F03D1BDF836303F
:107EF000DBB200E000238DF83530BDF8363023F4D6
:107F0000435323F03F03B3F5824F02D06FF0850354
:107F1000B7E09DF83530122B06D09DF83530172B81
:107F200002D06FF08503ACE0BDF8363023F0FF03DC
:107F3000B3F5E24F36D10023109307981AF03DFABB
:107F40000246169B1A60169B1B68002B04D1059BEA
:107F5000DA00169B1A6009E0169B1B680733DB08E2
:107F6000059A9A4202D06FF086038AE0169B1B683E
:107F7000B3F5807F0BD19DF83530122B0AD1424BDF
:107F80001A68414B1B691344109300BF02E06FF065
:107F9000850376E000BF059A109906981AF014FA46
:107FA00011905AE000230F9300230E93069B1B7839
:107FB000042B02D06FF0860363E0059B013BDB00DE
:107FC0005A08169B1A60169B1B68B3F5807F0AD16E
:107FD0009DF83530122B09D12B4BDB680E932A4BC1
:107FE0000F9300BF02E06FF085034AE000BF069BDD
:107FF000591C169B1B680733DB085A0009AB18464F
:108000001AF0BDF9FFF7E2FA1190119B002B01D095
:10801000119B36E0169B1B680733DB080F9A0E99FD
:10802000039102936C460AAB93E8030084E80300D3
:10803000099B07CA19F0A3FE0C90FFF7DBFA119019
:10804000119B002B01D0119B1BE00C9B002B02D03D
:108050006FF0860315E000231193119B002B0FD1C5
:10806000149A059B9A4208D3059A0699049822F01F
:1080700021FE159B059A1A6002E06FF089031193A7
:10808000119B184612B010BD20C5020000B583B088
:10809000019001981AF0FBF90346B3F5105F02D086
:1080A0006FF085031DE001981AF0F8F90346DB082C
:1080B000103B102B8CBF01220022D2B2002A0BD120
:1080C0000A4A22FA03F303F00103002B14BF012331
:1080D0000023DBB2002B02D16FF0860301E000BF6A
:1080E0000023184603B05DF804FB00BF0101010046
:1080F00000B587B00390029101920093039B002B7F
:1081000008D0029B002B05D0019B002B05D1009BC2
:10811000002B02D06FF086033FE002981AF0BEF900
:108120000346DB0804936FF086030593049A009BD3
:108130009A4202D96FF086032FE04C220021039867
:1081400022F09FFD089B23F47E13164A93421FD111
:108150000298FFF79BFF0590059B002B01D0059B24
:108160001BE0009A049B9A4202D26FF0860314E04F
:10817000039B0433049A0199184622F09BFD039B4C
:10818000049A5A62039B089A1A600023059303E03D
:108190006FF08503059300BF059B184607B05DF897
:1081A00004FB00BF0002C00300B589B00390029138
:1081B0000192039B002B02D0029B002B02D16FF097
:1081C00086037CE0019B002B01D1002377E0039B19
:1081D0001B6823F47E133C4A93426ED1039B9B6B36
:1081E0000793079B002B3ED0079BC3F11003069318
:1081F000019A069B9A420FD2079B2833039A134495
:10820000019A0299184622F055FD079A019B1A44DB
:10821000039B9A63002352E0079B2833039A13447D
:10822000069A0299184622F045FD039B10229A6394
:10823000019A069BD31A0193029A069B1344029358
:10824000019B002B0FD0039B283310221946039863
:108250001AF03EF90590059B002B01D0059B2EE0FE
:10826000039B00229A63019B102B17D9019B013BB2
:1082700023F00F030493049A029903981AF028F943
:108280000590059B002B01D0059B18E0019A049BEB
:10829000D31A0193029A049B13440293019B002B6F
:1082A00009D0039B2833019A0299184622F002FD57
:1082B000039B019A9A63002301E06FF0880318463C
:1082C00009B05DF804FB00BF0002C00300B591B027
:1082D0000390029101920093039B002B05D0029B17
:1082E000002B02D0009B002B02D16FF0860363E0CD
:1082F000039B1B6823F47E13314A93425AD1039B9C
:108300001B681B0C03F03F030F930F9B002B02D144
:1083100010230F9305E00F9B102B02D96FF08603FB
:108320004AE0019A0F9B9A4202D26FF0890343E020
:10833000FFF74CF90E900E9B002B01D00E9B3BE0FB
:10834000039B03F12801039B9A6B0AAB18461AF0B2
:1083500087F8039B191D039B5A6A07AB18461AF04E
:108360007FF8039B03F13C0104AB102218461AF07E
:1083700077F804AB04AA0AA907A8FEF735FD0D900B
:10838000FFF738F90E900D9B002B02D06FF092038F
:1083900012E00E9B002B01D00E9B0DE0039B3C33A3
:1083A0000F9A1946029822F085FC009B0F9A1A60DA
:1083B000002301E06FF08503184611B05DF804FB5F
:1083C0000002C00300B583B0074A6B4692E8030081
:1083D00083E803006B461846FDF758F9002318465A
:1083E00003B05DF804FB00BFCCC5020000B583B04C
:1083F0000A4B5B6F094A43F0010353676B46002247
:108400001A601A7100238DF804306B461846FDF788
:108410000DF80023184603B05DF804FB004000503F
:1084200030B597B02C4B0BAC1D460FCD0FC40FCD04
:108430000FC495E8030084E80300002312934FF073
:10844000FF331593254BD3F84C3103F40023002B55
:1084500004D1224BD3F85031DBB21593159BB3F105
:10846000FF3F08D11E4B1B884FF6FF72934202D08C
:108470001B4B1B881593159BB3F1FF3F01D18C2338
:108480001593159BB3F1FF3F18D0159BDBB28DF808
:108490004530FCF7F3F90246159B13441593159BE1
:1084A000002B02DA0023159304E0159BFF2B01DD5E
:1084B000FF231593159BDBB28DF844300948FAF77A
:1084C000DDFA0BAB1846FCF76FF83220FCF7B0FA78
:1084D0000023184617B030BDD4C502000080E00F5D
:1084E0000001E00F00F0490230B587B00C4B01AC41
:1084F0001D460FCD0FC42B6823600023039319235F
:108500008DF805300423029301AB1846FCF71CFAE2
:108510003220FCF77FFA0023184607B030BD00BFB9
:10852000FCC5020082B0034600918DF807309DF92A
:108530000730002B0ADB009BDAB20C499DF90730AB
:108540001201D2B20B4483F800230BE0009BDAB295
:1085500007499DF8073003F00F03043B1201D2B224
:108560000B441A7600BF02B0704700BF00E100E084
:1085700000ED00E000B585B0019018F0CFFC03904D
:10858000054A019B1360039818F0D4FC0023184699
:1085900005B05DF804FB00BF8820002000B583B063
:1085A0000023019318F0BAFC0090054B1B6801935F
:1085B000009818F0BFFC019B184603B05DF804FB5F
:1085C0008820002008B5054B1B689868002302220C
:1085D000002116F08BF900BF08BD00BFA40C0020DD
:1085E00082B003468DF807309DF90730002B0CDB75
:1085F0009DF8073003F01F0205499DF907305B091C
:10860000012000FA02F241F8232000BF02B07047B7
:1086100000E100E082B003468DF807309DF9073095
:10862000002B13DB9DF8073003F01F0209499DF969
:1086300007305B09012000FA02F2203341F82320C1
:10864000BFF34F8F00BFBFF36F8F00BF00BF02B0FB
:10865000704700BF00E100E082B003468DF80730AC
:108660009DF90730002B0DDB9DF8073003F01F024A
:1086700006499DF907305B09012000FA02F26033D8
:1086800041F8232000BF02B0704700BF00E100E0C6
:1086900030B58DB0099008910792069340220021D1
:1086A000089822F0EEFA089B079A92E8030083E804
:1086B0000300089B00221A76079BDA68089BDA60A1
:1086C000079B1A69089B1A61089BDA68089B5A6124
:1086D000079B1A7D089B83F82C20079B9A7D089B9B
:1086E00083F82D20089B5A69089B1A63089B012276
:1086F00083F83420089B012283F83520089B069AD2
:10870000DA61089B109A1A62089B119A5A62089BB8
:10871000129A9A62079B93F90820089B83F83620E7
:10872000079B93F90920089B83F83720099B089A37
:108730001A60099B444A5A60099B444A9A60099B03
:10874000434A1A61099B434A5A61099B424ADA60CB
:10875000FAF760FC0B900B9B002B05D00B9B3F4A5C
:10876000934201D010236CE0089B08330021184687
:10877000FAF78AFB0B900B9B002B01D0102360E0D3
:10878000099B374A1A62089B012283F83C20099B07
:10879000344A9A61099B344ADA61089B9DF850205B
:1087A00083F83B20089B9DF84C2083F83A20089BD7
:1087B000002283F83920089B012283F83820079B88
:1087C0005B7D194608981AF078F8079B93F90930F1
:1087D0001846FFF741FF079B93F909301846FFF74A
:1087E000FFFE089B1B7A1D46089B1968089BDA68E8
:1087F000089B5868089B1B691C46089B04931B4BED
:108800000393002302930194012300930346284617
:1088100018F0CAF90B900B9B002B01D0102310E02D
:10882000079B93F908301846FFF716FF079B93F94B
:1088300008301846FFF7D4FE099B1846FFF79AFE4A
:10884000002318460DB030BD2D2B02004B2B02002B
:10885000812802009F28020071880000038000F038
:1088600017280200BB280200332902002D890000CE
:1088700000B589B00190019B0793079B1B68069385
:108880000023059300230493FFF788FE0390039AC7
:10889000079B9A4202D10020FFF76CFE069B93F9DA
:1088A00036301846FFF7D8FE069B93F93630184647
:1088B000FFF7B0FE069B93F937301846FFF7CCFE62
:1088C000069B93F937301846FFF7A4FE069B1B7AE8
:1088D0001846FAF741FC0490069B1B7A1846FAF7F3
:1088E0005FFB0490FAF720FB0490049B002B02D05E
:1088F000049B0D4A9342079B00221A60079B0022AB
:108900005A60079B00229A60079B00221A61079B0E
:1089100000225A61069B9B6A069898470590059B22
:10892000184609B05DF804FB058000F000B58FB073
:10893000099008910792079B0C930C9800F048F857
:108940000B900C9B5B690B9A9A4205D80C9B5A6959
:108950000B9BD31A0D9307E00C9BDA680C9B1B69E9
:108960001A440B9BD31A0D930D9B002B14D00C9B18
:1089700019680C9B58680D9B0C9A0492134A039239
:108980000022029201930123009303460B9A099857
:1089900018F00AF90A9014E00C9B01225A760C9BFD
:1089A00093F82D30002B0CD00C9B002283F835203F
:1089B0000C9BDB6913210C9898470C9B5B6A0C9805
:1089C0009847002318460FB05DF804FB2D8900007E
:1089D00084B00190134A019B1B7A19460B465B0039
:1089E0000B441B0113446C331B680393019BDA682F
:1089F000019B1B691344039A9A4203D8019BDB68CD
:108A0000039A9A42019BDA68019B1B691344039AFB
:108A10009A4202D1019BDB680393039B184604B082
:108A2000704700BF0000045010B58CB00790079B42
:108A300000225A76079B1B7A1846FAF729FB0B90FF
:108A40000798FFF7C5FF0A90079B5B690A9A9A424D
:108A50002FD1079B00221A76079BDB680A93079B9E
:108A60000A9A5A61079B93F82D30002B03D0079B7D
:108A70005A69079B1A63079B5B6A07989847079B8D
:108A80001B7A1C46079B1968079B5A68079B1B6942
:108A90001846079B0493204B0393002302930190F5
:108AA0000123009313460A9A204618F07DF80B9094
:108AB00028E0079B01221A76079B1B7A1A460DF1C4
:108AC000270319461046FAF7BBFB0B909DF8273099
:108AD000002B17D0079B1B7A1A460DF12603194667
:108AE0001046FAF76BFB0B909DF8263083F00103DC
:108AF000DBB2002B06D0079B1B7A079A0021184691
:108B0000FFF714FF079B1B7A1846FAF7F3FA0B904E
:108B100000BF0CB010BD00BF2D89000000B58DB0A6
:108B2000099008910792069300238DF82F300023B7
:108B30008DF82E300E990123049301230393934B58
:108B40000293934B0193934B0093934B089A09988C
:108B5000FFF79EFD0A900A9B002B01D00A9B11E1B2
:108B6000069B1A680E9B1A64069B5A680E9B5A64F1
:108B7000069B5A7A0E9B83F84920069B1A7A0E9B15
:108B800083F84820069BDA7A0E9B83F84B20069BDD
:108B90009A7A0E9B83F84A20069B5A7B0E9B83F899
:108BA0004D20069B1A7B0E9B83F84C20069BDA7B9C
:108BB0000E9B83F84F20069B9A7B0E9B83F84E20DA
:108BC00001213A20FBF746F8069B187A069B5B7A50
:108BD00019460123042218F041FA069B987A069B55
:108BE000DB7A19460123022218F038FA069B5B68EB
:108BF00001211846FBF72EF8079B00221A70069BEE
:108C00001B6807991846FDF701FB644A069B5B7CCD
:108C10005B01134403F21C6314221A60069B1B7A47
:108C20001A46069B5B7A1B0442EA03015B4A069BD9
:108C30005B7C5B01134403F234631960069B9B7AEF
:108C40001A46069BDB7A1B0442EA0301534A069B41
:108C50005B7C5B01134403F22C6319600E9B0022C2
:108C600083F85020079B5B7E032B26D801A252F885
:108C700023F000BFBF8C0000858C0000958C0000A5
:108C8000A58C000001238DF82F300E9B012283F864
:108C9000502015E001238DF82E300E9B022283F820
:108CA00050200DE001238DF82F3001238DF82E3058
:108CB0000E9B032283F8502002E0232362E000BFD2
:108CC0009DF82F30002B1FD0069B187B069B5B7BEB
:108CD00019460023022218F0C1F9069B1B7B1A4695
:108CE000069B5B7B1B0442EA03012C4A069B5B7CD0
:108CF000B1335B01134404331960069B1B6803F511
:108D000080531A460423D3659DF82E30002B22D0C1
:108D1000069B987B069BDB7B19460023042218F0F8
:108D20009DF91E4A069B5B7C5B01134403F5B0531F
:108D30001C3302221A60069B9B7B1A46069BDB7B38
:108D40001B0442EA0301154A069B5B7CB1335B01BD
:108D5000134408331960069B1A7A0E9B83F8482047
:108D6000069B5A7A0E9B83F849200E9B1B6C0421AC
:108D7000184619F0FAFF069B1B6805211846FDF7F7
:108D800011FA002318460DB05DF804FB1F2E0200F7
:108D9000BB2D0200D92D0200912D020000C003500E
:108DA00000B585B00190019B1B680393039B1B6C6E
:108DB0009B6C03F00103002B14D0039B1B6C01215F
:108DC000184619F0B9FF039B1B6C184619F0D9FF20
:108DD000034603F02003002B69D0039B184619F0CB
:108DE000B6FD64E0039B042283F83C20039B1B7EBA
:108DF000DBB283F00103DBB2002B09D0039B1B6CB9
:108E00000421184619F0A4FF039B01221A7651E0B1
:108E1000039B5B7EDBB2002B42D0039B93F82D308B
:108E2000002B3DD0039B002283F83520039B1B6C55
:108E30001321184618F07EFB039B1B6C0421184677
:108E400019F093FF039B1B6C5B6A8DF80B309DF848
:108E50000B30112B04D1039B012283F8342007E04F
:108E60009DF80B30132B03D1039B002283F8342091
:108E70009DF80B30112B03D09DF80B30132B18D11C
:108E80000E4A039B1B7A19460B465B000B441B01E1
:108E900013446C331B68013B1A46039B1A6308E0BA
:108EA000039B1B6C0421184619F052FF02E000BF1F
:108EB00000E000BF05B05DF804FB00BF00000450F7
:108EC000BFF34F8F00BF064BDB6803F4E062044939
:108ED000044B1343CB60BFF34F8F00BF00BFFDE7D0
:108EE00000ED00E00400FA0582B00190BFF35F8F4F
:108EF00000BF0A4A019B43F001035360084B5B6AC1
:108F0000074A43F480335362BFF34F8F00BFBFF370
:108F10006F8F00BF00BF02B0704700BF90ED00E050
:108F200000ED00E0BFF35F8F00BF0A4B5B6A094AA8
:108F300023F480335362084B5B68074A23F0010334
:108F40005360BFF34F8F00BFBFF36F8F00BF00BFF1
:108F5000704700BF00ED00E090ED00E000B583B089
:108F600003460A468DF8073013468DF806309DF803
:108F700006209DF807301946034819F0B7FF00BFD7
:108F800003B05DF804FB00BF90ED00E000B585B0D4
:108F9000039002910192019B029A0399034819F0F0
:108FA000DEFF00BF05B05DF804FB00BF90ED00E000
:108FB00000B585B00023039300230293FFF7B2FFAF
:108FC0004FF0005303932C4A2C4B9A4204D02B4B66
:108FD00023F01F03203B01E04FF080430293A021C8
:108FE0000020FFF7BBFF039A029B9A4215D8039B10
:108FF00023F01F0343F003030193214B1868029BE6
:1090000023F01F0343F001031A460199FFF7BEFF47
:109010001B4B1B6801331A4A1360174A174B9A42BD
:109020001CD0154B1F3323F01F030393154B0293E2
:10903000039B23F01F0343F003030193104B1868B5
:10904000029B23F01F0343F001031A460199FFF727
:109050009DFF0B4B1B680133094A13600420FFF787
:1090600043FFBFF34F8F00BFBFF36F8F00BF00BF41
:1090700005B05DF804FB00BFD4110020980E00205D
:109080008C200020E0FFFF3F00B58DB003900291DF
:109090000192002309930023089300230B93FFF709
:1090A00041FF00238DF82B30002307930023069304
:1090B000019B1F2B78D9039B03F01F03002B04D0C7
:1090C000039B23F01F03203300E0039B0993029BC3
:1090D00003F01F03002B03D0029B23F01F0300E0CB
:1090E000029B089300238DF82A3037E0354A9DF81B
:1090F0002A309360334BDB6823F01F030793314B17
:109100001B6923F01F030693099A079B9A4209D112
:10911000089A069B9A4205D101238DF82B30002333
:109120000B930CE0099A069B9A4208D8089A079B71
:109130009A4204D301238DF82B3028230B939DF8FA
:109140002B30012B11D01F4B9B681E4A23F0FF03CD
:1091500093609DF82A3001338DF82A309DF82A203B
:10916000194B1B689A42C1D300E000BF9DF82B3019
:10917000002B19D101210120FFF7F0FE099B23F0FC
:109180001F0343F0030305930F4B1868089B23F05C
:109190001F0343F003031A460599FFF7F7FE0A4B36
:1091A0001B680133084A13600420FFF79DFEBFF3DC
:1091B0004F8F00BFBFF36F8F00BF0B9B18460DB0E2
:1091C0005DF804FB90ED00E08C20002000B583B03A
:1091D00017F0A4FE0190194B1B7883F00103DBB25A
:1091E000002B19D00023009300F078FF0090009B23
:1091F000002B04D0019817F09DFE009B1AE0104848
:1092000017F07DFA01F0A6FD0E4B00221A6001F066
:10921000F3F803460C4A136000F032FC19F00CFF1F
:1092200003460A4A1360054B01221A70019817F091
:1092300081FE0023184603B05DF804FB802D00205A
:1092400090200020C020002094200020BC2000207E
:1092500000B583B019F0AAFE0190AFF3008017F0BB
:10926000C0F8034683F00103DBB2002B05D0AFF357
:109270000080019819F0A6FED5E06C4B1B78002BFE
:1092800005D0002000F01EFB684B00221A7000F091
:109290001BFA03468DF803309DF80330184600F0A2
:1092A00099FA00F011FA03468DF803309DF8033067
:1092B000012B08D95E4B1B7883F00103DBB2002B36
:1092C00001D000F067FD5B4B1B789DF803209A42AC
:1092D00015D0594B00221A70584B1B7883F00103AC
:1092E000DBB2002B07D0534B1B789DF803201146AF
:1092F000184600F003FA4F4A9DF8033013704E4BA6
:109300001B78002B08D04B4B1B78022B04D14A4B07
:1093100000221A7020F082FF9DF80330012B12D931
:10932000434B1B7883F00103DBB2002B0BD0444B83
:109330001B78002B04D100F0C3FD424B01221A70B0
:109340003B4B01221A703B4B1B78184619F054FE18
:109350003A4B1B78002B03D03B4B1A78354B1A70D5
:10936000AFF30080019819F02DFE19F01FFE019057
:10937000364B1B78002B11D0344B00221A702D4B2A
:109380001A78314B1B789A4208D12A4B01221A7065
:109390002D4B1B780121184600F0B0F92C4800F045
:1093A00047FF17F03FF80346002B7FF466AF224BD0
:1093B00000221A701E4B1B78002B23D01F4B00225B
:1093C0001A70204B1B78002B0ED000F081FD1D4B36
:1093D00000221A7008E0012019F00EFE019819F021
:1093E000F1FD19F0E3FD0190002000F0FBFD0346C4
:1093F00083F00103DBB2002BEDD100F007FE0C4B34
:1094000000221A70002000F0E5F90A4B1B780021B9
:10941000184600F073F9074B00221A70AFF3008072
:10942000019819F0CFFD03B05DF804FB872D0020F3
:10943000862D0020812D0020832D0020852D0020E9
:10944000822D0020882D0020842D00208B2D0020CF
:109450009C20002000B585B003460A468DF80730F1
:1094600013468DF806309DF80730002B02D09DF88A
:109470000730022B9DF80730013B2D4AD35CFF2BB0
:1094800005D19DF8063083F00103DBB2002B9DF877
:109490000730013B264AD35C002B02D19DF80630F1
:1094A000002B9DF80730013B214AD25C9DF8063025
:1094B000002B01D0012100E0FF219DF80730013B86
:1094C0000A44D1B21A4AD1549DF80630002B2BD051
:1094D000184B1B78012B27D900F0F6F803468DF8BE
:1094E0000F309DF80F30012B02D800F029FA09E067
:1094F000104B1B78032B05D19DF80F30022B01D1A7
:1095000019F0A2FD0B4B1B789DF80F209A420BD04F
:10951000084B1B789DF80F201146184600F0EEF816
:10952000044A9DF80F30137000BF05B05DF804FBCE
:1095300098200020812D002000B585B003468DF8CD
:10954000073017F0EBFC03901B4B1B78FF2B05D16A
:109550009DF8073083F00103DBB2002B164B1B781C
:10956000002B02D19DF80730002B144B1B78022BE7
:1095700005D99DF8073083F00103DBB2002B9DF87D
:109580000730002B01D0012200E0FF220A4B1B789C
:109590001344DAB2084B1A70074B1B78002B0CBF30
:1095A00001230023DAB2064B1A70039817F0C2FCAD
:1095B00000BF05B05DF804FB822D0020812D002046
:1095C000832D002000B583B00023019317F0A6FC83
:1095D00000900D4B1B78012B04D8009817F0AAFCC3
:1095E000019B0DE000F02AF80346019300F04AFDCC
:1095F0000246019B13440193009817F09BFC019BCA
:10960000184603B05DF804FB812D002000B585B03D
:1096100001900091019B009A5A6017F07FFC039023
:10962000019B1946044817F072F8039817F082FC62
:1096300000BF05B05DF804FB9020002082B0034B12
:109640001B680193019B184602B07047C0200020A0
:1096500082B00190074B1B68019A02FB03F303F5EC
:10966000742303F23F23044AA2FB03239B0C1846F6
:1096700002B070479420002083DE1B4300B583B006
:1096800017F04CFC01900F4B1B788DF803300D4BFD
:1096900000221A70019817F04DFC01F047FA0346BA
:1096A0001A469DF803301343DBB2002B14BF01238D
:1096B00000238DF803309DF80330184603B05DF8A1
:1096C00004FB00BF8A2D002082B00123019302E039
:1096D000019B01330193019B022B05D8019B013BA8
:1096E000054AD35C002BF3D0019B8DF803309DF825
:1096F0000330184602B070479820002000B585B0AE
:1097000003460A468DF8073013468DF806300023CD
:1097100002939DF80630032B16D801A252F823F0CD
:1097200031970000379700003D97000043970000F5
:109730000123029308E00423029305E0102302931F
:1097400002E04023029300BF9DF80730032B1FD88F
:1097500001A252F823F000BF699700007397000040
:109760007D97000087970000029B43F0020302935D
:109770000EE0029B43F00803029309E0029B43F0D2
:109780002003029304E0029B43F08003029300BF96
:109790000F4B1B68039312E0039B5B681A68029BE4
:1097A0001340002B08D0039B5B685B689DF8061094
:1097B0009DF8072010469847039B1B680393039B63
:1097C000002BE9D100BF00BF05B05DF804FB00BF6E
:1097D0009020002000B58BB003468DF80F309DF827
:1097E0000F30032B60DC022B0EDA002B01D0012B93
:1097F0005AE02F4B1B78002B53D0002000F062F86A
:109800002B4B00221A704CE005AB1946002000F0EB
:1098100085FD0890089B002B45D1059A254B1B68B8
:109820009A4206D8012000F04DF8214B01221A700F
:1098300039E000230793002306931F4B1B68069310
:10984000079A069B1344079300F01CFC0246079BF3
:1098500013440793059A079B9A4206D8012000F00B
:1098600031F8134B01221A701DE00023ADF82630A9
:1098700000F02EFC0346002B02D00423ADF8263066
:10988000059A079BD11ABDF8263043F002039BB21C
:109890000193002300930023084A094819F009FCAA
:1098A00001E000BF00E000BF00BF0BB05DF804FBAB
:1098B000872D0020BC200020C0200020359A000009
:1098C0009C20002000B583B003468DF80730194B6B
:1098D0001B78FF2B05D19DF8073083F00103DBB225
:1098E000002B144B1B78002B02D19DF80730002B66
:1098F000104B1B789DF80720002A01D0012200E0C0
:10990000FF221344DAB20B4B1A709DF80730002B7C
:109910000CD0094B1B78012B08D9084B1B7883F01E
:109920000103DBB2002B01D000F04EF800BF03B002
:109930005DF804FB98200020812D0020852D00205B
:1099400000B583B017F0EAFA01901B4B1B78002B8F
:109950002AD01A4B1B7883F00103DBB2002B05D011
:10996000164B01221A70164B00221A70154B1B78E9
:10997000002B04D000F0ACFA124B00221A700198B0
:1099800017F0D8FA012000F02DFB17F0C7FA01906C
:109990000A4B1B78002B04D000F038FB074B002249
:1099A0001A70054B00221A70019817F0C3FA00BF15
:1099B00003B05DF804FB00BF862D0020892D002038
:1099C000852D0020882D002008B5154B1B78002B15
:1099D00024D0144B1B78002B04D000F079FA114BE3
:1099E00000221A70002000F0FDFA0346002B0ED072
:1099F00000F00CFB0A4B00221A700B4B1B78012164
:109A00001846FFF77BFE084B01221A7006E0074B51
:109A100001221A70044B1A78054B1A7000BF08BD5A
:109A2000862D0020882D0020812D0020852D0020EE
:109A3000842D002000B585B00190009117F06EFADA
:109A40000390084B1B78002B03D0039817F072FA91
:109A500004E0FFF7B9FF039817F06CFA05B05DF862
:109A600004FB00BF892D0020044B1B69034A23F02F
:109A70000403136130BF00BF704700BF00ED00E07A
:109A80002DE9F04F8DB000238DF8243009AB184636
:109A9000FBF730FC002000F039F9924B1B6F03F00C
:109AA0000702914B1A608F4BD3F8003103F0030289
:109AB0008E4B1A608B4B03F580531A464FF40023EC
:109AC0005366884B03F580531A464FF400335366B0
:109AD000874B9B6903F00203002B14BF0123002373
:109AE000DBB2844A1370804B1B68032B06D07D4B7E
:109AF000D3F8203103F00303022B01D1012300E04E
:109B0000002303F00103DBB27B4A1370754BD3F8DB
:109B1000243103F00703022B0CBF01230023DBB227
:109B20001A46754B1B781343002B14BF01230023E7
:109B3000DBB2714A13704FF4C870FFF789FD02461B
:109B40006E4B1A6000238DF82F3012E09DF82F1015
:109B50006A4B1A686A4B43F821206A4B1A68674BB4
:109B60001B681A44674B1A609DF82F3001338DF83B
:109B70002F309DF82F30092BE8D95E4B1B78002B36
:109B80001BD05D4B1B7883F00103DBB2002B14D09C
:109B9000544BD3F8003103F00303012B0CBF012316
:109BA0000023DBB21A46544B1B781343002B14BF1F
:109BB00001230023DBB2504A13704E4B1B78002B5D
:109BC00000F0838000230A93464BD3F8003103F062
:109BD0000303032B0ED0032B10D8012B02D0022B32
:109BE00004D00BE0F8F744FF0A9008E0F8F762FFB2
:109BF0000A9004E016F078FD0A9000E000BF0A9B8E
:109C0000002B62D03A4BDB68C3F30B035A1C13469C
:109C10009B00134400229846914642464B464FF023
:109C200000004FF00001590141EAD26150010246A3
:109C30000B46B2EB080463EB09054FF000024FF04E
:109C400000036B0243EAD453620214461D4614EB30
:109C5000080645EB09074FF000024FF00003BB0177
:109C600043EA9663B201911B069163EB07030793E6
:109C7000DDE906120B4613EB080A134643EB090B0A
:109C80000A9B013B002200930192DDE900120B4682
:109C90001AEB0303029313464BEB030303930A9B54
:109CA000002204930592DDE90423DDE9020113F0AB
:109CB000B9FF02460B4613461846FFF7C9FC024699
:109CC000114B1B681344104A13601F20FFF7C0FCA0
:109CD00002460D4B1B6813440B4A136000BF0DB0C6
:109CE000BDE8F08F00800050D0200020CC20002064
:109CF00000C001508D2D00208C2D00200821002057
:109D0000DC20002004210020D420002000B585B0F4
:109D100003468DF807301D4B1B789DF807209A42AB
:109D200030D000238DF80C3002238DF80D309DF8D3
:109D30000730002B03D002238DF80D3002E0002302
:109D40008DF80D3003AB1846FBF7E6FA9DF80730A7
:109D5000002B09D04020FFF77BFC02460C4B1B6810
:109D60009B1A0B4A136008E04020FFF771FC024683
:109D7000074B1B681344064A1360044A9DF80730DA
:109D8000137000E000BF05B05DF804FB7B0E0020FF
:109D9000D420002008B5094BD3F8203103F0030389
:109DA000074A1360054BD3F8243103F00703054A33
:109DB000136017F008F900BF08BD00BF0080005015
:109DC000C4200020C820002008B5154B1B78002BAC
:109DD0001ED0134B00221A70124B1B6F23F0070387
:109DE000104A43F0010313670E4BD3F820310D4A9C
:109DF00043F00303C2F820310A4BD3F8243123F097
:109E00000703084A43F00303C2F8243119F0EFF8BE
:109E1000054B03F500531A460123536700BF08BDE5
:109E20008E2D00200080005000C0005008B51E4B51
:109E300003F580531A46012353671C4B1B78002BF4
:109E400030D0022019F09BFA0346002B2AD000F0F4
:109E5000B3FA0346002B25D0134B9B6D03F48033DC
:109E6000002B05D0124B1B6803F00203002B18D106
:109E70000D4B9B6D03F00103002B12D10D4B012202
:109E80001A7019F03DF903460B4A13600B4B1B6F18
:109E900023F00703094A43F00303136719F0A7F8F7
:109EA00000E000BF08BD00BF00C000508C2D0020A6
:109EB0005CC000508F2D0020D82000200080005072
:109EC000024B01221A7000BF704700BF8E2D002088
:109ED00000B583B0384B1B7883F00103DBB2002B55
:109EE00064D1364B1B7883F00103DBB2002B20D00A
:109EF000334B9B6D03F48033002B05D0314B1B6833
:109F000003F00203002B53D12D4B9B6D03F0010393
:109F1000002B4DD119F0F4F803462B4A13602B4B5C
:109F20001B6F23F00703294A43F00303136719F05B
:109F30005EF819F0E5F80246234B1B68D31A01932B
:109F4000234B1B68234A12781146234A52F82120DA
:109F50001146019A8A1A9B1A1D4A13601D4B1B78E1
:109F600019461D4A019B42F82130194B1B680933E1
:109F70001A4AA2FB0323DB08194A1360154B1B780E
:109F80000133DAB2134B1A70124B1A78134BA3FB3E
:109F90000213D9080B469B000B445B00D31ADAB2BC
:109FA0000C4B1A70054B00221A7002E000BF00E053
:109FB00000BF03B05DF804FB8C2D00208F2D002026
:109FC00000C000505CC00050D8200020008000502D
:109FD00004210020902D0020DC200020CDCCCCCC12
:109FE0000821002082B003468DF80730064B1B780D
:109FF00083F00103DBB2002B01D0012300E0012339
:10A00000184602B0704700BF8C2D002008B516F02E
:10A01000E0FF164B1B6F23F00702154B1B6813491B
:10A0200013430B67114BD3F8203123F00302114B7C
:10A030001B680E491343C1F820310C4BD3F824316F
:10A0400023F007020C4B1B6808491343C1F8243165
:10A050000A4B1B78002B05D0094B03F500531A4619
:10A060000123936218F0C3FF00BF08BD00800050B9
:10A07000D0200020C4200020C82000208C2D0020EB
:10A0800000C0005082B0002301930A4B1B78002BC4
:10A0900007D0094B1B680193019BDB08019A13440D
:10A0A0000193064B1B68019A13440193019B1846C8
:10A0B00002B070478C2D002008210020D420002001
:10A0C000024B01221A7000BF704700BF8C2D002088
:10A0D000014B1B78184670478C2D002030B583B09B
:10A0E00016F032FF01901E4B1B7883F00103DBB2A8
:10A0F000002B2ED01B4B00221A601B4B00221A6033
:10A100001A4B00221A8000F05BFD012019F003F9C0
:10A1100019F094F90346164A1360154B1B68002B7F
:10A1200004D1019816F020FF232316E0104B1B6882
:10A1300000221C46154622462B460E4840F2E731C7
:10A1400013F070FD02460B460B4B1A60044B0122C4
:10A150001A70019816F008FF0023184603B030BDAE
:10A16000912D002010210020142100201A2D002004
:10A170000C21002018FCFFFF1821002000B58DB035
:10A18000079006910592049300238DF82B30079BCE
:10A19000002B01D1222345E00DF12B03194607982E
:10A1A00000F086F89DF82B30002B01D0022339E017
:10A1B00009AB1946069800F025F90B900B9B002B74
:10A1C00001D00B9B2EE000F017F90246069B03FB23
:10A1D00002F2164BA3FB02139B094FF47A7101FBA9
:10A1E00003F3D31A9BB2C3F57A739AB2079B9A838F
:10A1F000079B9B8BB3F57A7F02D1079B00229A8342
:10A20000079B0022DA830999099ABDF83C30029332
:10A210009DF838300193049B0093059B079800F04C
:10A22000F9FB034618460DB05DF804FBD34D6210F0
:10A2300000B587B0019000238DF81730019B002BEB
:10A2400001D122232EE016F069FE049000F0AAFB53
:10A25000164B1B68019A9A4202D101238DF81730E0
:10A26000019800F03FFB0390039B002B04D004985F
:10A2700016F060FE039B15E09DF81730002B06D00A
:10A280000A4B1B68002B02D000F066FB06E0074B70
:10A290001B68002B02D1022000F02CFD049816F060
:10A2A00049FE0023184607B05DF804FB102100208A
:10A2B00000B585B001900091019B002B02D0009B5E
:10A2C000002B01D1222322E0009B00221A7016F0FD
:10A2D0003BFE0290104B1B6803930AE0039A019B1C
:10A2E0009A4203D1009B01221A7002E0039B9B68F3
:10A2F0000393039B002B06D0009B1B7883F0010384
:10A30000DBB2002BEAD1029816F02EFE002318468D
:10A3100005B05DF804FB00BF1021002000B587B038
:10A3200003460091ADF806300023049316F00CFEAE
:10A3300003901F4B1B6805932EE0059B5B69049AF5
:10A3400013440493059BDB88BDF806209A4203D092
:10A35000BDF80630FF2B1CD118F0D0FF0246154B7C
:10A360001B68D31A049A9A4209D918F0C7FF02460B
:10A37000104B1B68D31A049AD31A049301E00023EC
:10A380000493009B049A1A60039816F0EDFD0023D5
:10A3900009E0059B9B680593059B002BCDD1039895
:10A3A00016F0E2FD1B23184607B05DF804FB00BF62
:10A3B000102100201421002000B583B00C4B1B7825
:10A3C0008DF807309DF80730002B0BD018F098FE61
:10A3D0000246084B1B689B69D31A022B02D9002343
:10A3E0008DF807309DF80730184603B05DF804FB80
:10A3F000922D002010210020014B1B681846704749
:10A400000C2100202DE9F04383B001900091184900
:10A4100009680198884225D8019900200E46074610
:10A420001449096800200C46054604FB07F006FBAA
:10A4300005F10144A6FB042319440B4640F2E73121
:10A4400012EB010843F100094FF47A724FF0000358
:10A450004046494613F0E6FB02460B46009B1A6055
:10A46000002300E02123184603B0BDE8F08300BFBD
:10A47000182100200C2100202DE9F04F8DB009900B
:10A4800000230B93504B1B68002B00F098804E4B21
:10A490001B68184618F056FE0346002B4FD0099B48
:10A4A000002200930192DDE9004522462B464FF041
:10A4B00000004FF00001590141EAD261500102460B
:10A4C0000B462146561A294663EB01074FF000025E
:10A4D0004FF00003BB0043EA9673B20016461F46D6
:10A4E0002346F31804932B4647EB030305934FF0E1
:10A4F00000024FF00003DDE904452946CB00214668
:10A5000043EA51732146CA0014461D462E4B1B6870
:10A51000184618F005FE0346C3F12001A3F12002FE
:10A5200024FA03F805FA01F148EA010825FA02F2D3
:10A5300048EA020825FA03F943460B933FE0099BDA
:10A5400000229A46934652465B464FF000004FF079
:10A550000001590141EAD261500102460B46B2EBBB
:10A560000A0463EB0B054FF000024FF00003AB0051
:10A5700043EA9473A20014461D4614EB0A030693A3
:10A5800045EB0B0307934FF000024FF00003DDE9AA
:10A5900006452946CB00214643EA51732146CA00AD
:10A5A00010461946084B1B68002202930392DDE90E
:10A5B000022313F037FB02460B4613460B930B9B0B
:10A5C00018460DB0BDE8F08F0C2100202DE9F04FAA
:10A5D0008FB003468DF80F309DF80F3003F0010364
:10A5E000002B0ED0874B1B889BB201339AB2854B50
:10A5F0001A8000F0D7F9844B1B68002B01D000F0C3
:10A60000ABF99DF80F3003F00203002B00F0F68049
:10A6100000230C9300230B930023ADF82A3016F08F
:10A6200093FC0D9000F0BEF9C2E0774B1B680993D4
:10A63000754B1B680C93002308934FF000024FF0FA
:10A640000003CDE9062300238DF817300AE00C9BA8
:10A650001A79099B1B799A4201D9099B0C93099B92
:10A660009B680993099B002B03D0099B5B69002B16
:10A67000EDD00D9816F078FC0C9B1B69002B22D0B6
:10A680000C9B1B69002200930192DDE90023CDE9B8
:10A69000062318F033FE02460C9B9B69D31A0893DD
:10A6A000089BDA171C461546DDE90623A242AB419A
:10A6B00009DA01238DF817300C9B9A690C9B1B69F2
:10A6C0001A440C9B9A619DF8173083F00103DBB2AA
:10A6D000002B08D016F038FC0D900C9800F002F911
:10A6E0000D9816F041FC0C9B1B69002B49D09DF87E
:10A6F000173083F00103DBB2002B42D0089BDA173E
:10A700001E461746DDE90623B2EB060863EB070990
:10A71000CDE906890C9B9B8B002B20D00C9BDA8B00
:10A720000C9B9B8B13449AB20C9BDA830C9BDB8BA8
:10A73000B3F57A7F13D30C9BDB8BA3F57A739AB2B4
:10A740000C9BDA83DDE9062312F1FF3A43F1FF3B6C
:10A75000CDE906AB0C9B9B695A1E0C9B9A6116F0C7
:10A76000F3FB0D90069B19460C9800F051F80C9BDA
:10A770009A690C9B1B691A440C9B9A610D9816F000
:10A78000F3FB0C9BDB88ADF82A300B9B01330B935A
:10A790000C9BDB68002B06D00C9BDB680C9A1268C4
:10A7A00011460C98984716F0CFFB0D9000F0FAF880
:10A7B000154B1B68002B05D0134B1B685B69002BE6
:10A7C0003FF433AF114B00221A700B9B012B08D1C1
:10A7D000BDF82A3003F00203002B02D00B4B0122FC
:10A7E0001A70094B1B68002B02D000F0B5F802E08C
:10A7F000022000F07FFA0D9816F0B6FB00BF0FB0F4
:10A80000BDE8F08F1A2D002010210020932D00208C
:10A8100000B587B001900091009B0593019BDB88F8
:10A82000002B0AD1FEF7CEFE0290059A029B9A42B7
:10A8300003D2029B059318F0ABFB019B059A5A616A
:10A84000274B1B68002B40D000230493244B1B682C
:10A8500003930CE0039B5B69059AD31A0593019B54
:10A86000059A5A61039B0493039B9B680393039B84
:10A87000002B13D0039B5B69059A9A42EAD2039B93
:10A880005B69002BE6D0039B5B69059A9A4205D170
:10A89000019B1A79039B1B799A42DBD8049B002BFE
:10A8A00003D0049B019A9A6002E00D4A019B136059
:10A8B000019B039A9A60039B002B0CD0039B5A695F
:10A8C000059BD21A039B5A6105E0054A019B136060
:10A8D000019B00229A6000BF07B05DF804FB00BF37
:10A8E0001021002084B0019000230393194B1B68B2
:10A8F000029304E0029B0393029B9B680293029BDA
:10A90000002B03D0029A019B9A42F3D1029A019B39
:10A910009A4201D0022319E0039B002B04D0019B33
:10A920009A68039B9A6003E0019B9B68094A136045
:10A93000019B9B68002B08D0019B9B685969019B78
:10A940005A69019B9B680A445A610023184604B067
:10A95000704700BF1021002000B583B00F4B1B686B
:10A960005B69002B0DD00D4B1B685A690C4B1B68A3
:10A9700013440193022018F0CEFC019800F066F910
:10A9800005E0022018F0C7FC022018F0E6FC00F0F9
:10A99000A1F800BF03B05DF804FB00BF1021002048
:10A9A0001421002000B585B018F0A8FC0190174BC9
:10A9B0001B680393164B1B68019AD31A029318E085
:10A9C000039B5B69029A9A4208D8039B5A69029BCF
:10A9D000D21A039B5A610023029307E0039B5B6931
:10A9E000029AD31A0293039B00225A61039B9B682D
:10A9F0000393039B002B02D0029B002BE0D1044A5F
:10AA0000019B136000BF05B05DF804FB102100201E
:10AA10001421002000B587B00390029101920093A9
:10AA2000039B9DF824201A71039B089A1A60039BCC
:10AA300000229A60039B019A1A61039B009ADA60D4
:10AA4000039BBDF82820DA80019B002B07D118F06A
:10AA500055FC0246029B1A44039B9A6106E018F0DB
:10AA60004DFC0246019B1A44039B9A61029B002BFA
:10AA700015D1039B00225A61039BDB68002B06D093
:10AA8000039BDB68039A1268114603989847019B61
:10AA9000002B02D0019B029301E0002313E016F08B
:10AAA0003DFA0590FFF77EFF02990398FFF7B0FE8D
:10AAB000074B1B68039A9A4201D1FFF74DFF059897
:10AAC00016F038FA0023184607B05DF804FB00BF03
:10AAD0001021002082B0134B1B68019300230093C8
:10AAE000114B00221A7014E0019BDB8803F0020373
:10AAF000002B03D00C4B01221A700FE0019B9B68C6
:10AB00000193019B002B08D0019B5B69009A1344C1
:10AB10000093009B012BE7D900E000BF00BF02B00B
:10AB2000704700BF10210020922D002000B583B097
:10AB300016F00AFA0190064B1B788DF80330019845
:10AB400016F012FA9DF80330184603B05DF804FBC6
:10AB5000932D002082B003468DF807309DF9073011
:10AB6000002B0CDB9DF8073003F01F0205499DF90F
:10AB700007305B09012000FA02F241F8232000BFF0
:10AB800002B0704700E100E082B003468DF8073064
:10AB90009DF90730002B0DDB9DF8073003F01F02F5
:10ABA00006499DF907305B09012000FA02F2603383
:10ABB00041F8232000BF02B0704700BF00E100E071
:10ABC00000B585B01F4A02AB92E803001860043359
:10ABD00019801D4A6B4692E803001860043319700F
:10ABE00001213E20F9F736F800238DF808300020C7
:10ABF00018F055FB0346DBB28DF80C3002AB18465B
:10AC000016F020FB00238DF800306B46194601201A
:10AC1000FBF722F940F2FF3018F00CFB40F2FF3056
:10AC200018F0FCFA002018F0E8FA012016F0D4FA27
:10AC30000C20FFF7A9FF0C20FFF78CFF00BF05B029
:10AC40005DF804FB10C6020018C6020000B587B00C
:10AC50000190019B059316F061F9049018F04EFBEA
:10AC6000039018F051FB029018F0FFFA034603F02E
:10AC70004003002B0AD10399029818F0ECFB03461D
:10AC8000032B03D8029A039B9A421BD10399059880
:10AC900018F0E1FB0346022B02D8039B0333059314
:10ACA000059BB3F1FF3F2CBF0122002252429B1AA9
:10ACB0000593059B013B1946012018F085FA0220F7
:10ACC00018F029FB049816F035F9094B1B78002B76
:10ACD0000AD04FF0B043DB6B4FF0B04243F00203B9
:10ACE000D363034B00221A7000BF07B05DF804FB6A
:10ACF0007C0E002000B585B003468DF80730002398
:10AD000003939DF8073003F00103002B03D0039B4E
:10AD100043F0010303939DF8073003F00203002B77
:10AD20000ED0039B43F040030393094B01221A709A
:10AD30004FF0B043DB6B4FF0B04223F00303D3631B
:10AD4000039818F077FA00BF05B05DF804FB00BF68
:10AD50007C0E002008B5074BD3F8403203F0030304
:10AD6000013B012B03D8022018F0B3FA00E000BF2A
:10AD700000BF08BD0080005008B5044A04490548DA
:10AD800006F064F80346184608BD00BF68C6020016
:10AD900048C6020020C6020030B585B0019000917F
:10ADA000009B002B15D00C4B1B68009A00210198CA
:10ADB0009847009B1A46013A039200221C4615460A
:10ADC0004FF000024FF00003EB0043EA5473E2003F
:10ADD000019B00BF05B030BDB40B002082B00190D4
:10ADE0000B46ADF80230019A184B1340B3F1607F67
:10ADF00006D1BDF80230B3F5885F01D1002322E00F
:10AE0000019A124B1340B3F1707F1AD1BDF8023092
:10AE100003F4E043B3F5005F13D1BDF8023003F44F
:10AE2000E043B3F5005F0CD1BDF802301B0A9BB2C2
:10AE300003F00703012202FA03F3012B01D90023D7
:10AE400001E06FF08603184602B070470000C07F33
:10AE500000B587B0034602910192ADF80E30019A19
:10AE6000029B9A4201D101235DE2019B23F0FF0383
:10AE7000974A934221D0019B23F0FF03954A9342C6
:10AE80001BD0019B23F0FF03934A934215D0019BF3
:10AE900023F4FF7323F00103B3F1062F0DD0019BC0
:10AEA00023F0FF038D4A934207D0019B23F4FF73E5
:10AEB00023F001038A4A93423BD1029B23F0FF0314
:10AEC000834A934221D0029B23F0FF03814A93429D
:10AED0001BD0029B23F0FF037F4A934215D0029BB5
:10AEE00023F4FF7323F00103B3F1062F0DD0029B6F
:10AEF00023F0FF03794A934207D0029B23F4FF73A8
:10AF000023F00103764A934213D1029BDBB2002B5C
:10AF10000FD0029BDBB243F00073724A934208D118
:10AF2000029A019B5340FF2B94BF01230023DBB205
:10AF3000F9E1029B03F0FE43B3F1A06F1FD1019B27
:10AF400003F0FE43B3F1A06F19D1029A019B534065
:10AF500023F47E13002B12D1029B03F40043002B39
:10AF60000DD0029B1B0C03F03F02019B1B0C03F056
:10AF70003F039A4294BF01230023DBB2D3E1029B3B
:10AF800003F0FE43B3F1407F40F0AA81019B03F040
:10AF9000FE43B3F1407F40F0A381029A019B5340EE
:10AFA00023F47E13002B40F09B81BDF80E30194630
:10AFB0000298FFF713FF0346002B01D00023B2E1F4
:10AFC000019B03F47C13002B04D0019B1B0C03F0AA
:10AFD0003F03BFE0019A444B1340B3F1607F40F060
:10AFE0009F80019BDBB243F00073404A93426DD0D7
:10AFF000019BDBB243F000733D4A934264D0019B56
:10B00000DBB243F000733B4A93425BD0019BDBB25F
:10B0100043F00073384A934252D0019BDBB243F0B5
:10B020000073364A934249D0019BDBB243F0007370
:10B03000334A934240D0019BDBB243F00073314A64
:10B04000934237D0019BDBB243F000732E4A934208
:10B050002ED0019BDBB243F000732C4A934225D0E3
:10B06000019BDBB243F00073294A93421CD0019B41
:10B07000DBB243F00073274A934213D0019BDBB24B
:10B0800043F00073244A93420AD0019BDBB243F0A1
:10B090000073224A934201D140235BE0002359E030
:10B0A000302357E0202355E01C2353E0202351E0B8
:10B0B0001C234FE040234DE030234BE0202349E0A8
:10B0C0001C2347E0142345E0142343E0102341E010
:10B0D0000003000600130006000200060009000637
:10B0E00000040006FF0000020000C07F0300000211
:10B0F000040000020500000208000002090000022E
:10B100000A0000020B0000020C0000020D00000209
:10B1100010000002110000021200000213000002E1
:10B12000019A834B1340B3F1707F12D1BDF80E30FA
:10B1300003F4E043B3F5005F09D1BDF80E301B0AFC
:10B140009BB203F00703012202FA03F302E000239B
:10B1500000E000230593019A754B1340B3F1607F23
:10B1600076D1019BDBB243F00073724A93426DD0FB
:10B17000019BDBB243F000736F4A934264D0019BA2
:10B18000DBB243F000736D4A93425BD0019BDBB2AC
:10B1900043F000736A4A934252D0019BDBB243F002
:10B1A0000073684A934249D0019BDBB243F00073BD
:10B1B000654A934240D0019BDBB243F00073634A7F
:10B1C000934237D0019BDBB243F00073604A934255
:10B1D0002ED0019BDBB243F000735E4A934225D030
:10B1E000019BDBB243F000735B4A93421CD0019B8E
:10B1F000DBB243F00073594A934213D0019BDBB298
:10B2000043F00073564A93420AD0019BDBB243F0ED
:10B210000073544A934201D1402333E0002331E0CC
:10B2200030232FE020232DE01C232BE0202329E0D6
:10B230001C2327E0402325E0302323E0202321E0C6
:10B240001C231FE014231DE014231BE0102319E02E
:10B25000019A374B1340B3F1707F12D1BDF80E3015
:10B2600003F4E043B3F5005F09D1BDF80E301B0ACB
:10B270009BB203F00703012202FA03F302E000236A
:10B2800000E000230493029B1B0C03F03F03002B00
:10B2900007D1059A049B9A420CBF01230023DBB21D
:10B2A00041E0019B1B0C03F03F03002B08D1029BE4
:10B2B0001B0C03F03F03049A9A4201D1012332E0B0
:10B2C000029B03F40043002B0AD0029B1B0C03F0EB
:10B2D0003F03059A9A422CBF01230023DBB222E0F0
:10B2E000029B03F0FE43B3F1106F1BD1029B23F0CE
:10B2F0001F6323F4702343F00063B3F1006F11D197
:10B30000019B03F0FE43B3F1106F0BD1019A164B72
:10B31000134043F01063029A9A420CBF01230023AA
:10B32000DBB200E00023184607B05DF804FB00BF65
:10B330000000C07F030000020400000205000002BC
:10B3400008000002090000020A0000020B000002CF
:10B350000C0000020D0000021000000211000002AB
:10B3600012000002130000020000FFF600B585B0D5
:10B3700003900B460192ADF80A30019B002B02D1DD
:10B380006FF08603A9E0019B23F0FF03554A934227
:10B3900021D0019B23F0FF03534A93421BD0019B12
:10B3A00023F0FF03514A934215D0019B23F4FF730E
:10B3B00023F00103B3F1062F0DD0019B23F0FF030F
:10B3C0004B4A934207D0019B23F4FF7323F0010300
:10B3D000484A93423DD1019BDBB2002B39D0019BFF
:10B3E00023F0FF033F4A934221D0019B23F0FF0348
:10B3F0003D4A93421BD0019B23F0FF033B4A9342FB
:10B4000015D0019B23F4FF7323F00103B3F1062F42
:10B410000DD0019B23F0FF03354A934207D0019BD7
:10B4200023F4FF7323F00103324A93420CD1019BB2
:10B43000DBB2002B08D0019BDBB243F000732E4A35
:10B44000934201D1012300E0002303F00103DBB2AA
:10B4500024E0019B03F0FE43B3F1407F08D1019B40
:10B4600003F40043002B14BF01230023DBB215E0DB
:10B47000019B03F0FE43B3F1A06F08D1019B03F4DD
:10B480000043002B14BF01230023DBB206E0019B25
:10B49000194A93420CBF01230023DBB2002B02D0D8
:10B4A0006FF0860319E0039B5968BDF80A30019AD2
:10B4B0001846FFF7CDFC0346002B0AD1039B996881
:10B4C000BDF80A30019A1846FFF7C2FC0346002B6C
:10B4D00001D0002301E06FF08403184605B05DF849
:10B4E00004FB00BF00030006001300060002000674
:10B4F0000009000600040006FF00000200B589B044
:10B500000390029101926FF096030793029818F04E
:10B5100066F80346ADF81A30029818F067F80590FF
:10B52000039B03F0FE43B3F1407F02D06FF086032C
:10B530007CE1BDF81A3019460398FFF74FFC0790DD
:10B54000079B002B01D0079B70E1039B03F47C1346
:10B55000002B06D0039B1B0CDBB203F03F03DBB2D6
:10B5600097E0039A9C4B1340B3F1607F76D1039B25
:10B57000DBB243F00073994A93426DD0039BDBB278
:10B5800043F00073964A934264D0039BDBB243F0CE
:10B590000073944A93425BD0039BDBB243F0007389
:10B5A000914A934252D0039BDBB243F000738F4A1F
:10B5B000934249D0039BDBB243F000738C4A934221
:10B5C00040D0039BDBB243F000738A4A934237D0EA
:10B5D000039BDBB243F00073874A93422ED0039B58
:10B5E000DBB243F00073854A934225D0039BDBB264
:10B5F00043F00073824A93421CD0039BDBB243F0BA
:10B600000073804A934213D0039BDBB243F0007374
:10B610007D4A93420AD0039BDBB243F000737B4A1E
:10B62000934201D1402334E0002332E0302330E064
:10B6300020232EE01C232CE020232AE01C2328E0DA
:10B64000402326E0302324E0202322E01C2320E0B6
:10B6500014231EE014231CE010231AE0039A5E4B0F
:10B660001340B3F1707F13D1BDF81A3003F4E043F7
:10B67000B3F5005F0AD1BDF81A301B0A9BB203F084
:10B680000703012202FA03F3DBB202E0002300E029
:10B690000023019A1370019B1B78032B02D86FF0D3
:10B6A0008503C3E0019B1B781946039A4A4B13405C
:10B6B000B3F1607F76D1039BDBB243F00073474A5E
:10B6C00093426DD0039BDBB243F00073444A934234
:10B6D00064D0039BDBB243F00073424A93425BD0D9
:10B6E000039BDBB243F000733F4A934252D0039B6B
:10B6F000DBB243F000733D4A934249D0039BDBB277
:10B7000043F000733A4A934240D0039BDBB243F0CC
:10B710000073384A934237D0039BDBB243F0007387
:10B72000354A93422ED0039BDBB243F00073334A79
:10B73000934225D0039BDBB243F00073304A93421F
:10B740001CD0039BDBB243F000732E4A934213D00C
:10B75000039BDBB243F000732B4A93420AD0039B56
:10B76000DBB243F00073294A934201D1402350E0F9
:10B7700000234EE030234CE020234AE01C2348E025
:10B78000202346E01C2344E0402342E0302340E0F5
:10B7900020233EE01C233CE014233AE0142338E04D
:10B7A000102336E0039A0C4B1340B3F1707F2FD176
:10B7B000BDF81A3003F4E043B3F5005F09D1BDF8DA
:10B7C0001A301B0A9BB203F00703012202FA03F3AB
:10B7D0001FE000231DE000BF0000C07F0300000247
:10B7E0000400000205000002080000020900000237
:10B7F0000A0000020B0000020C0000020D00000213
:10B8000010000002110000021200000213000002EA
:10B8100000238B4202D26FF0860307E0019B1B7866
:10B82000142B02D96FF0850300E00023184609B0FD
:10B830005DF804FB00B585B001900091104B1B78BA
:10B84000002B02D16FF0880315E00023029302ABB6
:10B85000009A01990B4816F08EFE0390039B002B73
:10B8600001D0039B07E0029B009A9A4202D06FF03E
:10B87000930300E00023184605B05DF804FB00BF09
:10B880001C2100202021002008B500F05FF9074BA3
:10B890005B78002B02D0064818F0C6FC0C21034848
:10B8A000FFF77AFA17F0BBFE00BF08BD1C2100208D
:10B8B0002021002000B583B01B4B1B78002B01D04A
:10B8C00000232DE017F099FE0190019B002B1CD165
:10B8D000154B01229A70154818F09AFC124B012260
:10B8E0005A70124818F0ACFC0190019B002B0ED14D
:10B8F0000D4B02225A7000F01FF90190019B002BA2
:10B9000007D1094B01221A7004E000BF02E000BF1A
:10B9100000E000BF019B002B01D0FFF7B5FF019BAA
:10B92000184603B05DF804FB1C21002020210020F4
:10B9300082B00190019B064A934204D9019B002BDF
:10B9400001DB012300E00023184602B0704700BF6E
:10B95000FCFFFF7F82B001900B468DF80330019B06
:10B9600093F82030052B77D801A252F823F000BFBE
:10B9700089B90000A7B90000C5B90000E3B900000B
:10B980002DBA00001FBA00009DF80330012B58D0DB
:10B990009DF80330022B54D09DF80330042B50D077
:10B9A0006FF087035EE09DF80330022B4BD09DF8CB
:10B9B0000330052B47D09DF80330042B43D06FF0A4
:10B9C00088034FE09DF80330032B3ED09DF80330F1
:10B9D000052B3AD09DF80330042B36D06FF0880346
:10B9E00040E09DF80330022B0ED09DF80330052B6C
:10B9F0000AD09DF80330042B06D09DF80330032BAA
:10BA000002D06FF088032DE09DF80330022B1ED189
:10BA1000019BDB69002B1AD06FF0880322E09DF8B0
:10BA20000330002B15D06FF088031BE09DF8033026
:10BA3000052B10D09DF80330002B0CD06FF088033D
:10BA400010E000BF08E000BF06E000BF04E000BF58
:10BA500002E000BF00E000BF019B9DF8032083F8D7
:10BA600020200023184602B0704700BF00B587B001
:10BA7000019000916FF096030593019B02930023C0
:10BA800003930298FFF754FF0346002B18D0029B44
:10BA900003F1004303332C2202FB03F3254A134432
:10BAA0000393039B9B681946019818F01BFC0346FF
:10BAB000002B01D0002301E06FF08B0305932CE0F5
:10BAC0000121019818F044FC0346002B02D16FF0CD
:10BAD00087032BE00023049312E0049B2C2202FB3B
:10BAE00003F3144A13440393039B9B68194601987C
:10BAF00018F0F8FB0346002B06D1049B0133049396
:10BB0000049B022BE9D900E000BF049B022B01D863
:10BB1000002301E06FF08B030593059B002B01D000
:10BB2000059B03E0009B039A1A60059B184607B02B
:10BB30005DF804FB28210020034B012283F88420B8
:10BB400000231846704700BF2821002000B583B0AD
:10BB50000023019310E0019B2C2202FB03F30C4A0B
:10BB60001344009304210098FFF7F4FE009817F0A7
:10BB7000D8FF019B01330193019B022BEBD9044BAE
:10BB8000002283F8842000BF03B05DF804FB00BFEF
:10BB90002821002000B589B0019000916FF0960334
:10BBA0000793354B93F88430002B03D16FF0880353
:10BBB000079356E000230493049B05930023069308
:10BBC00020E0069B2C2202FB03F32B4A1344039331
:10BBD000039B93F82030002B02D1039B059314E0C4
:10BBE000049B002B0BD1039B5B68DBB2002B06D0C0
:10BBF000039B93F82030022B01D1039B0493069BF7
:10BC000001330693069B022BDBD9059B002B11D138
:10BC1000049B002B0ED0049B059304210598FFF78D
:10BC200099FE0790079B002B01D0079B20E0059809
:10BC300017F077FF059B002B10D0059B0E4A9B1A2F
:10BC40009B100E4A02FB03F303F10043033B019AEE
:10BC50001360009B059A1A60002309E06FF08C03C3
:10BC60000793009B00221A60019B00221A60079B29
:10BC7000184609B05DF804FB28210020A38B2EBADA
:10BC800000B587B00390029113468DF807306FF02E
:10BC900096030593029B00221A60444B93F884306C
:10BCA000002B02D16FF088037BE002990398FFF725
:10BCB000DDFE0590059B002B1AD19DF80730002B67
:10BCC00006D1029B1B68184618F06CFB05900AE031
:10BCD0009DF80730012B06D1029B1B6805211846F1
:10BCE000FFF738FE0590059B002B01D0059B58E01F
:10BCF000059B13F18C0F01D0059B52E004AB029918
:10BD00001846FFF747FF0590059B002B01D0059BC8
:10BD100047E0029B1B68039A9A60029B1B68012202
:10BD20005A606FF08B030593059B13F18C0F05D1BF
:10BD3000029B1B68184618F057FB0590059B002BCB
:10BD400012D0029B1B6804211846FFF703FE029BDA
:10BD50001B68184617F0E5FE059B13F18C0F1FD1E9
:10BD60006FF0870305931BE0029B1B680C3318469A
:10BD700018F0C5FA9DF80730002B06D1029B1B680E
:10BD8000184618F00FFB05900AE09DF80730012BCC
:10BD900006D1029B1B6805211846FFF7DBFD0590C5
:10BDA000059B184607B05DF804FB00BF2821002062
:10BDB00000B587B00390029101920093009B059318
:10BDC000059B0822284918461EF074FF059B08337E
:10BDD0000021184617F0CFFB059B03F10C02019BD5
:10BDE0005B681946104617F0C6FB059B03F110026D
:10BDF000019B1B881946104617F0A8FB059B03F111
:10BE00001202019B5B881946104617F09FFB059BA9
:10BE100003F11402019BDB681946104617F0ABFBD7
:10BE2000059B14331A1D019B1B691946104617F018
:10BE3000A2FB059B143303F10802019B5B691946C1
:10BE4000104617F098FB059B20330299184617F00F
:10BE500092FB059B2433029A039918461EF02AFF91
:10BE600000BF07B05DF804FB88C6020000B583B0D0
:10BE700001900822074901981EF0D9FE0346002BC5
:10BE800002D06FF0980300E00023184603B05DF87D
:10BE900004FB00BF88C60200F7B505466B46164690
:10BEA000164A0C461068516803C395F82A300833C7
:10BEB0006B4413F8087CAB8DDA0609D4334622466E
:10BEC0003946284618F081FD00F5FA7003B0F0BD40
:10BED00020461FF0A1FBAB8D00F10A049B074FEA3F
:10BEE000C40405D030461FF097FB04F50C740444DD
:10BEF000E823781E584304FB0700E5E790C60200DC
:10BF00009022174B10B51C68002102FB004420460C
:10BF10001EF0B7FE134B04F108001B680021DB780C
:10BF2000637619F0F7FD4FF40063E384238507235C
:10BF300084F82A301323FF22A385236A84F824205F
:10BF400043F01303236284F85420074B074A20462A
:10BF5000C4E91C32C4E92032BDE8104018F059BDD4
:10BF6000B021002084230020D6BE898E555555006F
:10BF7000F0B5104B02461E6893F804C035464FF0EA
:10BF8000FF3400239C4508DC91B1631C10D0902342
:10BF900003FB046080F82420F0BD95F82470284647
:10BFA0009742F9D0FF2F08BF1C4690350133E9E7CF
:10BFB0000020F1E7B021002070B50446234D002891
:10BFC00042D0083001F02EFD0026FF2304F140008E
:10BFD00084F82430E6611FF09AFA04F144001FF05F
:10BFE00096FA04F148001FF092FA04F14C001FF099
:10BFF0008EFA04F150001FF08AFA2868144B201AB8
:10C0000000115843C0B218F0D7FC0146304618F072
:10C01000CEFCE06E10B100F037FEE666606E18B13F
:10C0200018F0DDFC00236366A06E18F0D4FC00233A
:10C03000A36670BD286806FB0400FFF7BDFF01344E
:10C040002B79A342F6DCF4E79026F9E7B021002033
:10C05000398EE338F7B504461BF08BF8C0F30F2395
:10C06000542B3ED9AA2B34BF01230223C0B27E2811
:10C070008CBF0222012203218DF804301344B3FB4C
:10C08000F1F000EB40001B1A8DF805301344B3FBB0
:10C09000F1F202EB42029B1A8DF80630002318469B
:10C0A0001D461A46104901AF4B7517F8016B44FA4B
:10C0B00006FC1CF0010F06D053009E4001233043C4
:10C0C0000132C0B2D2B20135EDB2032DEDD103B1D0
:10C0D00048754B7D43EA82134B75FF230B7503B004
:10C0E000F0BD0023C2E700BFB0210020064B1B6853
:10C0F000D97ADA78437E5B1A9342A8BFDAB200217C
:10C10000427618F0C2BC00BF84230020B0F8623031
:10C110002BB9836813F4601F08BFA0F8623011B117
:10C12000012911D070474369417E23F01003436118
:10C13000064B1A68D37A92780B449342D8BFDAB28E
:10C140000121427618F0A1BCFFF7D0BF8423002064
:10C150002DE9F0410025344E8AB03379AB4203DC3F
:10C1600001200AB0BDE8F0819023346803FB054448
:10C1700094F82430FF2B0DD0236A980106D504F1E2
:10C18000500840461FF040FA074628B9226A12F0CC
:10C19000A06F1ED10135E0E7BB7908A90C333B4401
:10C1A000D8689A7A1B8AC2F38012ADF82430002333
:10C1B0008DF81F2008901A460DF11F0018F013FC8F
:10C1C00038469DF81F2094F8241008AB19F021FD83
:10C1D000D7E7A38D1D2B18D13C23FF210020CDE9EB
:10C1E0000431CDE902000121CDE9000004F12E0364
:10C1F000C2F3802219F058FF0028B2D04FF0A0619E
:10C2000004F1200018F0B1FBC4E712F0807F08BFF2
:10C210003C214FF0000218BF432194F8393094F8C4
:10C22000240019F053FEE7E7B02100202DE9F0418A
:10C230001F46C36904460D4616468BB169B914F012
:10C2400083FE06462946A06E18F0C1FB204629460B
:10C2500018F004FC304614F087FE0020BDE8F081A1
:10C260000029FAD0036A03F01203022B00F0BA800F
:10C27000236ADD0700F1BE8094F82430FE2B0CD138
:10C2800004F1550001F094FE01F08AFE28B14FF44C
:10C29000800104F1200018F060FB256A614B2B40FF
:10C2A000B3F5807F00F0B980A8052FD5C5F38025B0
:10C2B00004F12E0800224146284618F098FB002180
:10C2C00084F8540018F0A2FB41460022284618F0DA
:10C2D00093FBA18D20B194F95400002880F2968040
:10C2E0004FF4007104F1200018F03FFBA28D02F022
:10C2F0000302012A0AD14146284618F07DFB28B1E5
:10C300004FF4006104F1200018F027FB236AD906DE
:10C3100000F18180D4E910122046FFF7BDFD012F06
:10C320000ED040F27123E28C5A43904208D9228DFC
:10C330005A43904273D800F51C70B0FBF3F0E084D0
:10C34000394BE361002384F83930236AE168B4F89B
:10C35000625023F4803284F83870226221613DB942
:10C3600013F0100F0CBFC8253C25257605F2B31538
:10C370004EB140F27121238D42F48032C3EB06139B
:10C380004B432262E363236A43F400232362274B77
:10C390001B68DB78637614F0D7FD6369074643F0CA
:10C3A000100304F108002946636119F0B3FB012072
:10C3B00002F0FCFD28B963691A075CBF43F004036F
:10C3C000636126B11AF011FFE36B0344E363204677
:10C3D00002F0F6FD384614F0C7FD0121A06E18F0FA
:10C3E000F6FA3AE7406C1FF017F900287FF440AFE7
:10C3F0000C2033E7E36E002B7FF43EAF00F0EEFB42
:10C40000E06600287FF438AF092027E701F001013A
:10C4100018F0FCFA6AE7064B93E712201EE7452066
:10C420001CE700BF00014000934902008423002064
:10C4300069C5000070B500249026094D2B79A342F0
:10C4400000DC70BD286806FB040090F82430FF2B48
:10C4500004D000231A461946FFF7E8FE0134EDE741
:10C46000B02100202DE9F04F91F806B08DB00BF10E
:10C470000C0B04460E46012201EB0B050DF12700C3
:10C480000AA918F0BFFA824668B19DF827100AAFD2
:10C49000384600F041FC60B1304613F005FC002046
:10C4A0000DB0BDE8F08FA97A05F10C07C1F380113A
:10C4B000EEE7E36EE06695F807900793236A484637
:10C4C000298956F80BB003F0100803F047FC8344A9
:10C4D000B8F1000F39D1A9F10303012B94BF032355
:10C4E000022340F271225B0002FB03B21D4B1B686A
:10C4F0005B79637605F11803BAF1000F27D09DF838
:10C50000271094F824E0B8F1000F24D04FF0010C6C
:10C51000A87AC0F3401095F90550CDE902E0CDE9C5
:10C520000071CDE904C50121079800F06BFCB8F15A
:10C53000000F05D01AF000FE0121204618F08EFAF7
:10C54000304613F0B1FB0120AAE70123C9E7A97A1D
:10C55000C1F38011D5E794F88FC001200CF00F0CC7
:10C56000D9E700BF84230020012810B50C461CD059
:10C57000022822D030BB084618F0A4FC40F27121FA
:10C58000E38C228D94F82A00D21AE36803F59C53B9
:10C59000083301FB02332361FFF75CFD0A4B2046A1
:10C5A000BDE81040996802F05FBF02F06DFE844262
:10C5B00008D1BDE810401AF0BFBD0846BDE81040E4
:10C5C000FFF794BD10BD00BFB021002038B50A4D63
:10C5D0000020FFF7F1FCAB6813B100221A60DA808B
:10C5E00019F075FB00242B79A34200DC38BD2046EE
:10C5F000FFF786FC0134F6E7B021002070B52A4C25
:10C600000546A06818B113F04FFB0023A360FFF7A5
:10C61000DDFF002018F0D4F955B9032025712560FD
:10C62000E58213F08DFA207918F0CAF928B970BDA7
:10C6300002201FF0D9F8A06048B90025A068257134
:10C64000256060BB002018F0BBF90720EFE700264B
:10C65000032025712660E68213F072FAB542E2DD0E
:10C6600005EBC501090133460122032089B213F00D
:10C6700019FA06460028E0D1032013F091FA206051
:10C680000028DAD0902231466A431EF0FAFA237964
:10C69000B342C8DD3046FFF733FC0136F7E713F04D
:10C6A00003FBA560CEE700BFB021002030B5174BDB
:10C6B000826A1B681206597926D5028F1C79436B52
:10C6C0001203B2FBF3F2631AB2FBF3F2B0F89C3040
:10C6D00003B1013BD0F8A05005B15B101B02B3FBC6
:10C6E000F2F35B180CD090F895200F2A08D91209A4
:10C6F000B3EB820FB8BF00234FEA8201A8BF5B1AD9
:10C700009C42A8BF1C46E1B2417630BD8423002084
:10C71000084B9A7E82420AD94FF4A4721B6802FB2E
:10C720000030836A13F0100F08BF0020704700200C
:10C73000704700BFC8210020084A09491368C31A7E
:10C74000D810002B01FB00F005DB937E8342D8BF9D
:10C750004FF0FF3070474FF0FF307047C821002086
:10C76000199C8FC170B504460E4614F0EDFB31469E
:10C77000054604F1300018F0E9FB2046FFF7DCFF26
:10C7800001218140054818F0E1FB4FF4807004F06E
:10C7900049FD2846BDE8704014F0E6BBEC210020BE
:10C7A000F329F8B504460D46724E25D1338D63B991
:10C7B000A36813F4601F00F0BA80238F626B1B0123
:10C7C000B3FBF2F3F32D9FB22DD1204618F05FFC9E
:10C7D000B4F89C70002F40F0B380A36A13F0800F70
:10C7E0000CBF3E23082384F877302046FFF75EFF16
:10C7F000F32D36D1012057E07369590640F18F803F
:10C80000836A1A0740F18B80336900F1400143606D
:10C8100019F025FE338D002BCAD0238F626B1B01CC
:10C82000B3FBF2F39FB2618FB4F89C209BB25B1A0A
:10C830009A427EDC736994F836019B074CBF002155
:10C8400002211AF049FD40F2022372699343BCD1E0
:10C850002046A4F89C7018F01BFC2046FFF726FF2A
:10C860000127A36A1807C5D5628F002AC2D013F426
:10C87000C05FBFD1726912F00C0FBBD140F202232E
:10C880009343B7D1D4F8A430002BB3D12046A18F65
:10C8900019F094FF002855DD638F0133984251DC75
:10C8A0000128A7D0013880B2236BA4F87C0059047A
:10C8B00009D54FF4804104F1300018F04FFB0021FE
:10C8C0002046FFF74FFFB4F87C20A38F94F8701038
:10C8D0001344A387B4F89C309B1AA4F89C3094F8B6
:10C8E0006F3002FB01332522B3FBF2F102FB11335F
:10C8F00084F86F304FBBA36A1A0702D41E4B1B6823
:10C9000098472046082119F013FE20460221FFF720
:10C9100029FF2046BDE8F840012102F09FBB318D80
:10C92000238F626B00293FF443AF1B0178E7338507
:10C9300043E7737F002B86D0032194F8360180E70C
:10C94000012752E7608F0130ADE7204618F028F844
:10C950002046A18F19F0BCFDA36A05461B0702D42F
:10C96000054B1B689847002DCBD02046BDE8F8400A
:10C9700018F00BBCC8210020FC2100200022074B2E
:10C9800010B55A77202204465A6118F02BFB84F820
:10C990003601204618F05DFC10BD00BFC821002004
:10C9A000012810B50C462AD0022830D000283DD1ED
:10C9B00091F8953060F3071381F895300846FFF73A
:10C9C000DDFFA36A20461B0716D502F0E1FF042015
:10C9D00001F084FB50B3164A937F3BB3D37F0133FE
:10C9E000DBB2D37792F821209A421FD8BDE81040DD
:10C9F0004FF0806004F016BC03F09EF9E7E702F008
:10CA000043FC844212D1BDE8104002F0B5BF91F85A
:10CA100095302046C3F30312013262F3071381F805
:10CA20009530BDE81040F321FFF7BABE10BD00BF3E
:10CA3000C821002010B501F0B1FBFB22114B10F012
:10CA4000020F1A770CBF012203224107197E48BF4B
:10CA500042F0040262F3030119761A7EC2F3030165
:10CA600061F307121A764FF4417100221984DA76C5
:10CA7000DA835A621A611A85034BBDE810401B68BD
:10CA8000184700BFC8210020F42100202DE9F843F9
:10CA90004B4C0546A06818B113F006F90023A360BB
:10CAA000022013F04DF85FFA85F8002017F086FF9A
:10CAB000404618F0B3FA0646002868D1404618F000
:10CAC000B8FA0746002862D1002D75D005EB850124
:10CAD00005EBC101C90033460122022089B212F0E0
:10CAE000E1FF002850D14FF4A479022084F81A8085
:10CAF00013F056F809FB05F731463A4620601EF060
:10CB0000C0F832462368681E03EB0901824233DB1A
:10CB1000002DA7F5A4724FF00001D8BF0022995054
:10CB20002846636017F04AFF88BB404618F068FA51
:10CB300068BB404618F06AFA074640BB002D16DD78
:10CB400002201EF051FE0223A060C3718379394692
:10CB5000C3F102020C33D2B218441EF092F8012144
:10CB6000A3689A7913441A7B61F301021A73FFF7E1
:10CB700061FF3046BDE8F88309FB02FC013243F84F
:10CB80000C1001F5A471C1E7C4E90077A776002570
:10CB9000002018F043FA002018F04BFA2846C4E9A8
:10CBA0000055A57618F02CFA284617F007FF02204A
:10CBB00012F0C6FF0726DCE72B46A5762560AFE717
:10CBC000C8210020014B987E704700BFC82100207B
:10CBD000014BD87E704700BFC8210020F8B5284D12
:10CBE00014F0B2F96C681CB914F0BEF92046F8BD17
:10CBF0004FF4A476012723686B60EB7E0133EB765C
:10CC000014F0B2F93246002120461EF03AF804F141
:10CC100028004021676118F099F92B8B0722A4F8AE
:10CC2000443194F83731002167F3030384F8373136
:10CC30004FF6FF73A4F87A302B7FA4F8866084F84F
:10CC4000423144F29023A4F8403194F8853004F145
:10CC5000080062F3030384F885300A4BC4F8883077
:10CC600003F1CE5303F59813C4F88C3041F61B330F
:10CC7000A4F890301B2384F8923018F04BFFB5E7EE
:10CC8000C821002048014801F8B50446002619F0E3
:10CC9000FEFD04F1A4001EF03AFC04F1A8001EF011
:10CCA00036FC04F1AC001EF032FC04F1080000F088
:10CCB000B9FE04F1A0001EF02AFC154B20461B68AB
:10CCC00098472046C4E90A66FFF736FDC5B22846F4
:10CCD00017F06EFE0746284617F06CFE01463846F0
:10CCE00017F065FE14F030F905464FF4A472314692
:10CCF00020461DF0C6FF074B28465A682260DA7EA0
:10CD00005C60013ADA76BDE8F84014F02DB900BF56
:10CD1000F8210020C82100202DE9F04106464FF4FB
:10CD200080400F4601F0DAF9044630B90E4B1D6819
:10CD300093F81A807135A04502D80020BDE8F08133
:10CD400055F8493CDA0609D5C3F38003BB4205D147
:10CD50000622294630461DF06AFF18B1013405F558
:10CD6000A475E8E70B20E9E7C821002008B5B0F872
:10CD700094305A1C62F30B03A0F89430042001F0A5
:10CD8000ADF970B1074A937F0133DBB2937792F824
:10CD900020209A4205D8BDE808404FF0806004F09A
:10CDA00041BA08BDC821002038B58B7905460B442F
:10CDB0009B7D0C4603F00303032B09D101212C308A
:10CDC00018F0C4F84FF4006105F1280018F0BEF81F
:10CDD00021460548A5601EF02AFCBDE838404FF00A
:10CDE000005004F01FBA00BFD4210020014B187777
:10CDF000704700BFC8210020014B187F704700BF5B
:10CE0000C82100202DE9F74F1D4616462A46044644
:10CE10009DF838309DF83C8080F89B3052F8103BEC
:10CE20000F46C0F8283100F14401B8F1000018BFE6
:10CE30000120DDF830A09DF840909DF834B003F05B
:10CE40000BFF204619F06DFB204618F0F4F81AF09D
:10CE500049FA49460246204618F0E7F8C82320461A
:10CE60000DF10601ADF8063018F0D2F847F6FF7361
:10CE7000A4F83031AB88A4F82C31AB7984F82E318A
:10CE8000DAF80030C4F87130BAF8043004F1280A36
:10CE9000A4F87530BBF1000F03D00421504618F000
:10CEA00055F8B8F1000F04D04FF40051504618F077
:10CEB0004DF84FF4607001F011F9C0F3C018C305CC
:10CEC0004FEA881848BF48F08008810548BF48F4F9
:10CED000807814F039F883464FF48261504618F098
:10CEE00035F8414604F12C0018F030F8584614F09B
:10CEF0003BF8BB1E012B7AD84FF40021504618F0A6
:10CF000025F801212046FFF72DFC0421204619F0C9
:10CF10000FFB6B7D2046C3F3040384F870306A89ED
:10CF200007F0FD0752006263697B2A7B42EA012217
:10CF30006287E97BAA7B42EA012222876A7D84F824
:10CF40006F30C2F3421284F83E2000220523A287EC
:10CF50000122A4F89C30A4F87C209DF9441018F01C
:10CF60006FF801F015F920F40060C4E908012046CB
:10CF7000FFF79CFB3A4A3B4BB2F82880B8F1000F10
:10CF800068D1002F38D140F2C7186660E3612046AF
:10CF9000166117F0ECFFB9F1010FE0600AD094F8C8
:10CFA0003731204669F3030384F8373109F00F0164
:10CFB00018F0C7F904F10800414618F0ABFD012054
:10CFC00001F0F4FF28B963691A075CBF43F004035A
:10CFD000636140F271216B892046013B594317F090
:10CFE000E5FF204601F0ECFF03B0BDE8F08F012F14
:10CFF00087D140F2014185E74FF4D778E36140F2F1
:10D0000071272B8940F608015B0007FB0366504639
:10D01000666004F1400617F099FF3146204619F08A
:10D020001EFA2B89314601335B0020467B4304F115
:10D03000340201F0C1F8EB7931465B000122204651
:10D040007B4319F012FA236C20469E0817F08FFFDD
:10D050003044A0E76660E361002FD0D197E700BFBE
:10D06000C8210020A1C9000070B51D46C36A04464E
:10D070001B07164613D408212C3025F4105517F041
:10D0800065FF25F01005064B2D0433402D0C20467E
:10D09000C4E90835BDE870404021FFF763BB70BDAF
:10D0A0002FCF87F72DE9F04F85B004460191084650
:10D0B00089B34B799A071FD41EF0AEFA019D70B95F
:10D0C0006B79DB0705D54FF4803104F1280017F0A8
:10D0D0003DFF01A81EF01BFA05B0BDE8F08FA36A62
:10D0E000DF0309D54FF4803104F1280017F036FF33
:10D0F0006B7943F001036B71019E13F025FF737987
:10D1000031469E0705461ED504F1AC001EF09EFA7E
:10D11000284613F029FFDFF8909113F015FFA36A5A
:10D120000746DD0514D5D4F8AC3043B19A791344E1
:10D130001B7B392B03D829FA03F3D80711D43846BF
:10D1400013F012FFC8E704F1A8001EF070FADFE741
:10D1500094F94631022BF2DCD4E92A2372B9002B70
:10D16000EDD004F1AC001EF0F0F90546384613F09E
:10D17000FBFE2946204618F092FACEE7002BF0D1AC
:10D1800094F89280039304F1A80BD4F8A86096F861
:10D1900007A0B379AAEB030A5FFA8AFAC24527DC33
:10D1A00058461EF031FA0546A8EB0A086B79294665
:10D1B0006FF3C3036B7103A81EF039FAD4F8A830DB
:10D1C0002BB15B79990702D1B8F1000FDDD1039B38
:10D1D000002BB4D09B79022B40D800201EF004FB1A
:10D1E000014670BB039904F1A8001EF02FFAA6E7D0
:10D1F00000201EF0F9FA054630B9039904F1A800A1
:10D200001EF024FA03959AE78079B1790C300C313D
:10D210004246314428441DF04DFDEB7953FA88F322
:10D22000EB71B379727953FA88F3B3716B794FF07C
:10D23000000862F300036B7173796FF3000373717D
:10D24000B4E7039B4A79587960F300024A715A792E
:10D2500003A86FF300025A711EF0F3F9E36A9A050E
:10D2600012D50398034600680028FBD1DB79C3F18F
:10D270004503DBB2032B07D81EF0B6FA014600289F
:10D28000B0D003A81EF0D3F9D4F8A83013B15B795D
:10D29000DB0704D5039A537943F0080353713846EA
:10D2A00013F062FE039965E77C2C020070B5036BF6
:10D2B0000446DA0786B033D5866A330723D516F4D9
:10D2C000002F14BF032501252046FFF735FA94F8F7
:10D2D0009B30294605930023049394F83E30C6F30F
:10D2E00080020393238F80B20293638F0193636B59
:10D2F000C3F34F03009304F1710318F0D5FE30B966
:10D30000002006B070BDB50C05F00205DCE7012178
:10D3100004F1300017F022FE4FF4005117F016FE12
:10D32000236B980410D52046FFF706FAA16AC0B215
:10D33000C1F3403118F086FC0028E1D04FF40051D1
:10D3400004F1300017F00AFE236BD90409D500213F
:10D350002046FFF7A7FE4FF4805104F1300017F08C
:10D36000FDFD236B5A0512D52046FFF7E5F9002392
:10D3700094F89B50C2B21946284618F0A7FD002821
:10D38000BED04FF4806104F1300017F0E7FD236B4D
:10D390005B0711D52046FFF7CFF9616B238F628FB2
:10D3A000C1F34F0180B218F05FFE0028A8D004211D
:10D3B00004F1300017F0D2FD236B1E0709D520467B
:10D3C00019F0EAFB00289BD0082104F1300017F087
:10D3D000C5FD236BDD0618D52046FFF7ADF9E16AE0
:10D3E00080B211F4805100F0C580002118F0D1FE08
:10D3F000002885D04FF4805104F12C0017F0AEFDC9
:10D40000102104F1300017F0A9FD236B580615D543
:10D410002046FFF791F994F8773080B20093D4E971
:10D42000082318F099FE00283FF46AAF002340213A
:10D4300084F8773004F1300017F090FD236B190564
:10D4400016D52046FFF778F900230093B4F89830FA
:10D45000B4F8962094F89A1080B218F0B3FB002824
:10D460003FF44EAF4FF4006104F1300017F076FD49
:10D47000236B13F4804532D19A0516D52046FFF769
:10D480005BF994F8371194F8772001F00F0180B21E
:10D4900000F0F8FC00283FF433AF4FF4007184F83B
:10D4A000775004F1300017F059FD236B1B0616D599
:10D4B0002046FFF741F9B4F88C3080B2009394F81D
:10D4C0009130B4F88A2094F8901018F094FE002857
:10D4D0003FF416AF802104F1300017F03FFD236BBD
:10D4E0009E0612D52046FFF727F994F8771080B2F0
:10D4F00018F066FE00283FF403AF0023202184F8D3
:10D50000773004F1300017F029FD236BDD0508D5D5
:10D5100004F130004FF4807117F020FD204619F01F
:10D52000D0F9236B180408D504F130004FF4004102
:10D5300017F014FD204617F000FF236BD90308D520
:10D5400004F130004FF4803117F008FD204617F049
:10D5500067FD236B9A0308D504F130004FF40031C6
:10D5600017F0FCFC204617F069FD236B9B0704D4E1
:10D570000120C6E618F024FE3AE7002220461146B4
:10D5800017F05AFD204617F059FD2046FFF7D4F852
:10D5900094F8771080B218F0C9FE00283FF4B0AEBE
:10D5A000022104F1300017F0D9FC2046FFF76CFB94
:10D5B000014B1B689847DBE7F4210020F8B50023F6
:10D5C000124A02F1240151E8004F41E80035002DD4
:10D5D000F7D1012734B9BDB10D48294617F0B6FC83
:10D5E0002046F8BD94FAA4F0B0FA80F007FA00F6ED
:10D5F00024EA0604FFF78CF80028EBD0FFF756FE6C
:10D600000028E7D13543E5E70120EAE7C8210020FB
:10D61000EC2100202DE9F74F04460190002860D04E
:10D62000C5794FF000080C35054413F08DFC4646D3
:10D6300000904FF4A47A40462B4FBA7E5FFA88F9E7
:10D640004A4517D90AFB09FB3A685A44916ACB0646
:10D6500044D5B2F89420C2F30B02002A3ED0E279FE
:10D66000C2F14502D2B2032A15D802201EF0BCF83E
:10D67000044640B900230098FB8313F075FC304644
:10D6800003B0BDE8F08F014601A81DF0D0FF0020D7
:10D69000E5790C35254404220123002112FB0033D7
:10D6A00005F82090E9543B6802FB005C5B44B3F84A
:10D6B000943001368CF80230032312FB0032A95457
:10D6C0003B6801305B44B3F89420C0B261F30B02B5
:10D6D000A3F89420E379F6B20433E37108F101086A
:10D6E000ABE70646CBE700BFC8210020F7B5684688
:10D6F00003F0A6FA00254FF4A477124EB37EAB4296
:10D7000001DC03B0F0BD346807FB0544A36A03F0F5
:10D710001803102B13D10522694604F145001DF0B2
:10D7200086FA60B10121204619F0ECF838B90120E1
:10D730001EF05AF8014610B1204601F00DF90135EE
:10D74000DCE700BFC82100202DE9F74F13F0FCFBF8
:10D75000424BDA6800920022DA6013F005FC009B6D
:10D7600013B903B0BDE8F08F68461DF0EEFE827974
:10D77000876802F10C04044401460190A07A0A3241
:10D7800010F0200F14BF0320022002448A71FA6AAD
:10D7900052050FD5E07AA27A42EA0022384618F004
:10D7A0006CF938B901A81DF0B2FE3D21384618F0D9
:10D7B00056F8D4E7BA6A94F80AB012F400720199E4
:10D7C0000BF0030013D003288A79EBD10A44127BB3
:10D7D000392AE7D8224B23FA02F2D307E2D54A7955
:10D7E000384642F002024A7100F0BEFDB7E7032856
:10D7F000F5D048790BF0030B62F3410048710846FD
:10D8000094F8069094F905A01DF006FF019D0646C8
:10D81000AC793846063CE4B2AC71FEF78DFF0C34AF
:10D82000C0F3032305EB040843EA0B1388F8033025
:10D830002B46F6B288F80200A8F8046005F804A0A8
:10D8400088F801905A796FF341025A711B68002BD6
:10D85000F8D1284618F00DFA81E700BFC821002052
:10D860007C2C0200002370B50D46D1688AB009BA3D
:10D870000291C178C66861F30703817836BA61F313
:10D880000F23417806AC61F317439168069609BAF5
:10D890000391816809BA07915168126809BA12BAEE
:10D8A000049105920178426861F31F6312BACDE9D1
:10D8B000082323468022012002A9009414F02EFBA5
:10D8C0000028F6D1DDE90810DDE9063200BA09BA10
:10D8D00012BA1BBA28606960AA60EB600AB070BD1A
:10D8E000F8B504460026084F0CB90748F8BDA179E1
:10D8F000E579B8196D1AEDB20C3121442A461DF0B4
:10D90000D9F92E442468EFE704220020F8B5044634
:10D910000026084F04B9F8BDA079E579B9192D1A88
:10D92000EDB20C3020442A461DF0C4F92E44246880
:10D93000F0E700BF04220020104B1A7842F0F002FA
:10D940001A701A7C42F0F0021A7493F8202042F008
:10D95000F00283F8202093F8302042F0F00283F8A0
:10D96000302093F8402042F0F00283F8402093F8F2
:10D97000502042F0F00283F850207047142300201A
:10D980000368054A23F07F6323F4002302EAC142BF
:10D9900013430360704700BF0000F80FF8B54488D8
:10D9A000054604F00704072C1C4E28D113F0CCFACE
:10D9B00000221101735C06EB02171B090F2B0AD022
:10D9C0000132062AF5D1164A13880133138013F069
:10D9D000CBFA1920F8BD2B6894B27B8011237354C5
:10D9E00013F0C2FA19F001FC06EB0413D8602B689F
:10D9F000002023F4E02343EA04432B60EAE72301F9
:10DA0000F15CC1F30312013202F00F02052A28BFB4
:10DA1000002262F30711F154E4E700BF1423002051
:10DA20001C2D002038B54488054604F00704072C57
:10DA30000FD013F089FA074A2401135D43F0F00375
:10DA400013552B6843F4E0232B60BDE8384013F0F6
:10DA50008BBA38BD142300202DE9F04745880746CE
:10DA600005F00705072D894637D01D4C4FEA0518EC
:10DA700014F8086019F0B9FB04EB051ADAF80C3059
:10DA8000360906EBC506C01A04EB4606708014F88A
:10DA9000083003F00F02042A9EBF013262F3030331
:10DAA00004F80830B9F1030F14D114F8081004EB8E
:10DAB0000514A01C01F00F0119F0ACFA044613F094
:10DAC00043FA3A68074B134023433B60BDE8F047F5
:10DAD00013F04ABA4FF6FF74F1E7BDE8F08700BFD4
:10DAE000142300200000FF7F064A08B59268824296
:10DAF00007D0427922F0030242F00302427103F0A0
:10DB0000F9FB08BD7423002010B5064C20461DF01B
:10DB1000FEFC201D1DF0FBFC04F10800BDE81040D8
:10DB20001DF0F5BC7423002010B502201DF05CFE32
:10DB3000034C606002201DF057FEA06010BD00BFC6
:10DB40007423002008B5FFF7DFFF0022024BDA60E4
:10DB5000BDE80840FFF7E8BF74230020014B586878
:10DB6000704700BF74230020014B9868704700BFC6
:10DB70007423002038B50C4CE3681BB1E368984768
:10DB80000023E36023686BB107481DF0DEFC054607
:10DB900040B123681BB14FF0004003F043FB28461F
:10DBA00018F0DDFB38BD00BF7423002010B5084C11
:10DBB000E0604FF0004003F035FB00BF00BF00BF46
:10DBC00000BFE3681BB1E36898470023E36010BD22
:10DBD0007423002038B58379044603445B7B13F03B
:10DBE000300F437923F0030308BF43F0010343716F
:10DBF00013F0AAF90546214605481DF018FD4FF01F
:10DC0000004003F00FFB2846BDE8384013F0ACB9E4
:10DC10007423002010B5084C6068837918440F30D5
:10DC200000F08AF90023A0681A46BDE810404FF6BC
:10DC3000284117F07DBF00BF74230020242816D888
:10DC40000F2805D802280CD8B0FA80F04009704798
:10DC5000084B103880B2C34003F0010383F0010089
:10DC600070470538012894BF00200120704701202B
:10DC7000704700BF2D2011002DE9F04F95B0FFF740
:10DC80006DFF42F23603867905460C3630F8068081
:10DC9000841998450ED1FFF761FF02211DF00EFC9B
:10DCA0007F22A3780233A370AA5500232022237772
:10DCB000627063770121E078FEF75AF90023064687
:10DCC000002800F0D780CDE91233237AE2888DF85E
:10DCD0004A30E37AADF848208DF84E30A388B4F886
:10DCE000092013F01000ADF84C2003F0050306D016
:10DCF00093B1E37D012B51D00025122614E07BB3B4
:10DD0000E37D657E012B37D16B1EDBB2022B09D878
:10DD100000F044FA012338E04FF48043DDE91212A9
:10DD2000914220D900251126FFF71EFF012332461C
:10DD30004146ACB217F0FCFE002DCCBF0534053CCB
:10DD400024B2002E40F099800A2394FBF3F4E4B24D
:10DD5000FFF70AFFC3791844C47215B0BDE8F08F0D
:10DD60004FF6FF73DAE71F29DCD99A42DAD8E37D50
:10DD7000657E0028BED1C5E7032BD3D16B1EDBB275
:10DD8000022BCFD800F00AFA04230342CAD0032D95
:10DD900008BF04252840C0B20028C3D0E07816F0A0
:10DDA00012FE20B1A088FFF749FF0028A4D0344A12
:10DDB000237F1278002A54D0042B9DD8637F042B34
:10DDC0009AD8A388DB0653D419F08CFA0121C82213
:10DDD000084002F0AFFD94F91630B4F804E003EB0C
:10DDE0008303B0EB430F4FEA4302637B677E0F93DD
:10DDF000A37BE188109304F10F031193637F94F8E0
:10DE00000C9094F815A094F818B00546E07DC8BFB2
:10DE100015B2B4F809200C93237F03280B93E37EFB
:10DE200008BF0420032F08BF0427003B18BF0123AD
:10DE30000A93A37E1FFA85FCCDE90873119BCDE9F7
:10DE4000060B0293109BCDE904ACCDF80C90019326
:10DE50000F9B304600935FFA8EF316F069FE06467C
:10DE600062E7002B7FF45EAF637F002BA9D059E7F8
:10DE70000020ABE70546072656E7002468E700BF09
:10DE8000942D0020F8B5074601200D4616461DF0DA
:10DE9000ABFC0446C0B106220C2117F05CFE691EE3
:10DEA000C9B2032988BF0022A37998BF074A03F1AA
:10DEB0000C0398BF525C234420469F80DE70DA71C9
:10DEC0009A71FFF711FE0120F8BD00BF98C602004D
:10DED000F8B5FFF743FE83791844B0F80F60B0B28D
:10DEE000FEF716FC0446C0B117F093FB0138C0B230
:10DEF000032814D800270B4B1C5CFFF735FE0546A2
:10DF000004233A4642F2300117F012FEAB790C338B
:10DF1000E818C68004724472F8BD0227EDE70024B9
:10DF20002746EAE798C60200024B1A6802609B88FF
:10DF3000838070479C2D002013B50D4C28B10368D9
:10DF400023608388A38002B010BDF7F7E3FFCDE91B
:10DF500000019DF80230BDF80020A370BDF8053027
:10DF60002280A4F803309DF807306371EBE700BF0F
:10DF70009C2D002010B5044612F0E6FF2268064BE7
:10DF80001A60A2889A80054A137843F0010313703F
:10DF900012F0EAFF012010BD962D0020952D0020E3
:10DFA000024B1878003818BF01207047952D0020CB
:10DFB000024B1A6802609B8883807047962D002070
:10DFC000024B186908B103F02DB9704738120020D0
:10DFD000002310B53C4A02F1100151E8001F02F184
:10DFE000100C4CE80034002CF5D140EA0104A102E9
:10DFF00001D501F04FF8220101D502F05DFB002CA4
:10E0000001DAFFF7B7FD630001D517F08DFDA00021
:10E0100001D5FFF799FBE10007D5FEF799F820B984
:10E020004FF08051294818F0EDF9620107D517F03B
:10E03000BBFB20B94FF08061244818F0E3F9A3013D
:10E0400005D519F048F9FFF751FB16F0C1FCE001C6
:10E0500008D516F0D9FF072804D14FF080711B486E
:10E0600018F0D0F9610201D516F0ACFC220201D5FE
:10E0700016F09CFCE30207D516F0C4FF20B94FF45C
:10E080008011124818F0BEF9A00507D500F03AF942
:10E0900020B94FF400710D4818F0B4F9E10507D527
:10E0A000FFF78CFA20B94FF48071084818F0AAF9EC
:10E0B000620503D517F03AFD17F039FD230501D5A8
:10E0C00018F0A8F910BD00BF381200204812002037
:10E0D0000146014818F096B938120020014B1B6820
:10E0E000184070473812002010B5044BD3E906429F
:10E0F00004430A43C3E9064210BD00BF38120020A2
:10E1000070B51E4D04462B68002B03DAFFF71AFD8D
:10E11000002031E04CF20C000021FFF7E5FF002366
:10E12000174E336024B163682B60A36803B133607A
:10E130004FF00040FFF7CCFF33680BB9114B336051
:10E14000114B1248AB6000232B7311F0E9FDFFF770
:10E15000F3FB2046F2F7CCF870B92CB1B4F90E10ED
:10E16000B4F90C0001F028FE19F0C0F802F036FDF9
:10E1700002F0C4FC0028C9D070BD00BF38120020D6
:10E18000842300207D0E0020C1DF00003C1200200F
:10E19000014BD3E90601704738120020054B9B69FB
:10E1A000DA054CBF032001201B0548BF40F00400E6
:10E1B000704700BF38120020F8B517461C460D46C0
:10E1C000064602F0B7F91C4BBA7A1C4953F82220D4
:10E1D00053F820308C421A4424D9194B9C4214D94C
:10E1E000184B013C93FBF2F3002BB8BF03339A109A
:10E1F00004EBA304B4FBF2F371682A68A1EB93016A
:10E2000002EB430271602A60F8BD0F4B0F49A3FB7C
:10E2100004435B0902FB03F303F6C313A1FB0313DF
:10E22000DB0AE9E702FB04F3094A03F574338F3391
:10E23000A2FB03231B0CDFE7DCC602004C621000CC
:10E240001366660640420F001F85EB515917B7D180
:10E2500083DE1B43024B1A6802601860704700BFE0
:10E260008C2300200022024B1A6000F0FBB900BF93
:10E270008C2300202DE9F843064616F024FF0446BF
:10E28000002835D045784DB912F05EFE23786370D2
:10E290001B4B1B682570636012F066FE4FF001088F
:10E2A000677837B923781BB34FF4007002F0BAFFD8
:10E2B0001EE097FAA7F5B5FA85F508FA05F55FFAB5
:10E2C00085F9636833B90E4B27EA050565701B684D
:10E2D0006360E5E79B681BB963681B686360F0E7F0
:10E2E000494630469847012805D163681B6863603A
:10E2F0000120BDE8F8830228EED10020F9E700BF35
:10E300008C23002070B500250D4EFEF75BFCA84263
:10E3100001D8012012E03068FEF7FAF950B93468EC
:10E32000FEF750FC0134B4FBF0F303FB104401355D
:10E330003460EAE7FFF79EFF0028F0D170BD00BF10
:10E340008823002010B50446837903441B7B392BB6
:10E3500096BF044AFF21D15C1DF0B0F8A0790C30C3
:10E36000204410BD9CC602002DE9F34105460C4631
:10E37000019116F09BFE830605D501A81DF0C7F894
:10E3800002B0BDE8F081019FBE790C36BB5D392B30
:10E3900018D8164A12F80380B8F1FF0F12D0384689
:10E3A0001DF03AF9013840450CD1114B1E6896B961
:10E3B00021462846A37923441A7B02B0BDE8F041E8
:10E3C00018F018B901981DF0A2F82846BA5D019915
:10E3D00018F010F9D4E773680BB93668E7E72146FF
:10E3E000284698470028F8D0CAE700BF9CC602001C
:10E3F0008C23002037B504460D46202116F058FE28
:10E400002946204616F0BEFE2146012018F099F953
:10E410002146002018F095F9012000232146034AE7
:10E42000009018F01FF903B030BD00BFCD640200AA
:10E4300073B50C461646054618F0F5FA80F0010053
:10E440002946C0B216F029FEC368012C9A7907D07C
:10E4500032462146284602B0BDE8704018F0E9BABD
:10E4600013441022DB8A294600920020024A18F049
:10E47000F9F8204602B070BD336A020037B5044691
:10E4800018F011FB0321204616F02DFE002503464F
:10E4900021460120034A009518F0E4F8284603B00D
:10E4A00030BD00BF196902002DE9F347074602207D
:10E4B0000E461DF099F90546002846D0B379002193
:10E4C0000C333344B3F80480B3F806A0B3F80890D3
:10E4D00018F046F82846FFF735FF02210446384673
:10E4E00016F001FEA4F804806081A4F806A0A4F848
:10E4F000089018F03EFE08F10108B0FBF8F303FBAA
:10E500001800022360806370AB79B371EA7903F17C
:10E510000C00F271D21AD2B2291830441CF0CAFB96
:10E520003946012016F0B9FD1022C66063893946CC
:10E5300001200092064A18F095F83846294618F04E
:10E540000DF8002002B0BDE8F0870720FAE700BF11
:10E55000336A02002DE9F34104460D4601460120CD
:10E5600016F09BFD01210746284617F0F9FF2846C3
:10E57000FFF7E8FE064600F10108404602F060FBA6
:10E58000D6F801300221C7F8123073792046BB75E6
:10E5900016F0A9FD29460746F080204617F0DEFF59
:10E5A00020232146009301203B46034A18F05AF8E5
:10E5B000002002B0BDE8F081FF6902007FB504468B
:10E5C0000D460146012016F068FD50E8003F43F477
:10E5D000806340E80036002EF7D1204618F023FA79
:10E5E000D8B3204616F067FD430715D533463246AB
:10E5F00020460DF10F0116F0F3FF9DF80F30062BAA
:10E600000AD8284611F050FB012200232046FEF7CD
:10E610002BFD002004B070BD0E21284617F0A0FF8E
:10E620002846FFF78FFE0646FFF7B2FDC6F8051035
:10E63000FFF7AEFD2946C6F80100204617F08EFF11
:10E640000321204616F04FFD00220346009221468A
:10E650000120034A18F006F8DBE70821DDE700BFD8
:10E660001D69020010B5054C054A2046054918F001
:10E6700044F92046BDE81040FFF7ECBD9023002090
:10E68000E56A0200F1E70000F7B58B7904460C3328
:10E69000CE18CB5C0D46023B0F2B00F2A080DFE8CA
:10E6A00003F0089E9E9E9E739E829E9E2C689E9E58
:10E6B0009E4F12F049FC71780746204616F062FD25
:10E6C0002021204616F0F4FC2146012018F039F8EC
:10E6D0002146002018F035F801230093002321463D
:10E6E0001846404A17F0BEFF284611F0DDFA3846BA
:10E6F00012F03AFC012003B0F0BDB3887288717843
:10E7000016F054FF204616F0D6FC830708D429469D
:10E71000204618F0C8F90121204617F009FFE9E763
:10E720002146012016F0B9FC2F4B82689A4203D192
:10E730002146012017F0D5FF284611F0B5FAEAE787
:10E7400077780846B67811F0AFFA162F05D1324621
:10E750000321204618F05FFBCCE72146012016F08C
:10E760009CFC8368002BC5D0324603212046984785
:10E77000C0E70146012016F090FC0746284676784F
:10E7800011F092FABB68EDE70146012016F085FC16
:10E7900007462846767811F087FABB68002BA9D087
:10E7A00032460421E2E70146012016F076FC0F4BC9
:10E7B00082689A4203D0284611F076FA9AE7D6F892
:10E7C0000120D6F805302046FEF74EFC284611F011
:10E7D0006BFA2146012017F084FF02219CE70020FC
:10E7E00089E700BF9B6A0200196902001D690200E7
:10E7F0002DE9F3410C46054618F015F9A3790028D8
:10E800006BD00C3314F80380E618B8F1010F41D037
:10E81000B8F1080F39D0B8F1000F51D171892846ED
:10E8200017F00EFFB188738872788B4294BF074649
:10E83000002709290B4638BF0923013B9BB29A42A6
:10E840000FD8002A08BF00270846F388328917F03E
:10E8500016FE40B9204611F027FA012002B0BDE8AB
:10E86000F0814746F0E7002FF4D02946002016F04B
:10E8700014FC1022C46073890092013B1B4A9BB2B6
:10E880002946002017F0EEFEE7E72146284618F05B
:10E8900068F8E2E72846F18817F0D2FE0746701CB8
:10E8A00018F032FD0028D5D0002FD3D02946002003
:10E8B00016F0F3FB2023C4600093F3880C4ADFE7D3
:10E8C0002146284618F094FB0028C6D12146284648
:10E8D00002B0BDE8F041FFF7D7BE23441B7B0E2BEF
:10E8E000D3D02146284618F072FBEDE731E4000052
:10E8F000B769020038B504460D4616F0DCFB420746
:10E900000BD4204616F0D7FB830706D429462046B1
:10E91000BDE83840034A17F085BF284611F0C4F916
:10E92000002038BD7DE4000038B505460C4616F0E1
:10E93000BDFB00F01800102806D121462846BDE88E
:10E940003840044A17F06EBF204611F0ADF90C2094
:10E9500038BD00BFA9E40000014A17F063BF00BF43
:10E9600055E5000070B505460C460146012016F03D
:10E9700094FB0646284616F09EFB020704D5204667
:10E9800011F092F9002070BD33685B05F7D428467A
:10E9900018F049F840B121462846FFF7ABFF18B9F7
:10E9A0001CF022FF044630B121462846BDE87040E5
:10E9B000024A17F037BF0720E5E700BFBDE50000BA
:10E9C00073B504460E4616F071FB00F030001028B7
:10E9D0004FF0020031D11CF007FF054678B34379B0
:10E9E000022143F00203437117F0BAFD2846FFF7F6
:10E9F000A9FC29464670204617F0B0FD1621204696
:10EA000016F0C0FB2021204616F052FB21460120C3
:10EA100017F097FE2146002017F093FE204617F0CE
:10EA200036FF0121204616F05EFB034601202146F9
:10EA30000090044A17F016FE002002B070BD0720B7
:10EA4000FBE700BF47690200F0B589B00D460446F8
:10EA500018F063F8AB79002800F0A3800C33EA18B3
:10EA6000EB5C033B082B00F23881DFE813F0090070
:10EA70003601360184003601360136015D007E0024
:10EA8000D2F80100D2F8051003ABB2F8097003C345
:10EA900002F1130301210B32204616F036FF042148
:10EAA000284617F05DFD2846FFF74CFC06460C2172
:10EAB00005A802F037F805AB03CB3346C6F80100D2
:10EAC000C6F80510079A002143F8092F2046721C4A
:10EAD00016F01BFF2146002016F0DFFA034603AABA
:10EAE000478303CAC3F81200C3F816102046082152
:10EAF000FDF738FE4FF40071204616F0D9FA204693
:10EB000016F01FFF2946204617F028FD0321204656
:10EB100016F0E9FA034600202146714A009017F0EA
:10EB2000A1FD012009B0F0BD0B21284617F018FD0A
:10EB30002846FFF707FC2946204617F00FFD12F084
:10EB400003FA05464FF44071204616F0B1FA4FF42F
:10EB50008051204616F0B1FA284612F005FA4FF41B
:10EB60008061204616F0ACFADBE7284611F09CF8ED
:10EB70004FF40071F5E70621284617F0F1FC28460E
:10EB8000FFF7E0FB204616F03CFD2946204617F033
:10EB9000E5FC204616F0FBFE2146002017F0A1FD03
:10EBA000BFE72B441B7B043B072BBBD801A252F8C9
:10EBB00023F000BFD5EB0000FBEB00005DEC000094
:10EBC00025EB000025EB000025EB000025EB000005
:10EBD00073EC000020464FF4007116F069FAAA7930
:10EBE00020460C322A4402F109030021013216F0BA
:10EBF0008CFE284611F058F893E74FF48060FFF739
:10EC00006DFAB0B100274FF40061204616F050FABB
:10EC10002046CDE90577FDF78FFD0646204616F024
:10EC200043FA39460346009505AAB0B217F026FB11
:10EC300077E72146012016F030FA00F11201204654
:10EC400016F0BAFE0621284617F08AFC2846FFF780
:10EC500079FB2946204617F081FC62E7284611F02F
:10EC600023F82146012017F06CFD204616F08FFE98
:10EC700057E712F069F906464FF40071204616F086
:10EC800017FA4FF48051204616F017FA304612F06A
:10EC90006BF94FF4C061204616F012FA294620465F
:10ECA00017F05CFC2146012016F0F7F9C268054612
:10ECB00082B1937901210C331A4402F113032046E7
:10ECC0000B3216F022FE204616F03BFE2046E96885
:10ECD00017F044FC0023EB6023E7002022E700BF8D
:10ECE000276B020010B5074C07492046002217F099
:10ECF00004FE2046FFF7AEFABDE8104001200021D7
:10ED0000FFF7F2B99C23002049EA000038B50C4611
:10ED10008B7905460C331944E35C142B03D0152B77
:10ED20000FD0002038BD013117F077FF152128469C
:10ED3000224617F0BAFF2146284617F00FFC0120A3
:10ED4000F0E70146012016F0A8F90B4B82689A42C1
:10ED500003D0204610F0A8FFF1E7A179284621440E
:10ED60000D3117F05AFF204610F09EFF2946012072
:10ED700017F0B7FCE3E700BFFF6C020037B50446AD
:10ED80000D460A46142117F090FF2946204617F039
:10ED9000E5FB0321204616F0A6F930220346009237
:10EDA00021460120024A17F05DFC002003B030BD6F
:10EDB000FF6C020010B5074C07492046074A17F0C0
:10EDC0009CFD2046FFF746FABDE8104020200021B8
:10EDD000FFF78AB9A82300200DED0000036D0200A3
:10EDE00073B51E46ADF800208DF80230009B044636
:10EDF00001A801930D46114617F0F9FE9DF8063063
:10EE0000B34203D1BDF804308B4205D0284610F040
:10EE10004BFF122002B070BD204616F090FA9DF80C
:10EE20000230827A9A4209D18288BDF800309A4233
:10EE300004D1284610F038FF0020EBE76946204651
:10EE400016F039FD29462046014A17F0EBFCE1E7B0
:10EE50007DED00002DE9F04116461A4307460C46A9
:10EE60001D46BDF8188005D12046BDE8F041114689
:10EE700017F09ABF4146204617F0CEFB78B12146E5
:10EE8000384616F00AF940238674C5742146069365
:10EE900038464346BDE8F041024A17F0E3BBBDE8FF
:10EEA000F08100BF616E0200F7B505460E460146CF
:10EEB000012016F0F2F8036813F0F00F03D0294692
:10EEC000012017F03EFC284616F0A0FBB3790C3366
:10EED00033445F789B781F400378C3F3030000EA54
:10EEE0001310384017F03AFF044668B9284617F067
:10EEF0003EFF384017F032FF044628B9284616F086
:10EF000088FB00F04FFF04462846002116F019FA4E
:10EF10001721304617F024FB3046FFF713FA31462D
:10EF200044708470284617F019FB0321284616F018
:10EF3000DAF840220346009229460020024A17F0E0
:10EF400091FB03B0F0BD00BF176E020010B5074C77
:10EF50002368DA0607D523F01003236018B90120CF
:10EF6000A16815F017FD0023A36010BDB423002095
:10EF7000014610B50446022015F00CFD054B1B6838
:10EF8000D90305D463691A075CBF43F004036361C6
:10EF900010BD00BFB4230020034B10B5DC6818F08F
:10EFA00024F9DC3C201A10BDB4230020034B1B685D
:10EFB00013EA004314BF012000207047B42300204F
:10EFC00038B5002303604369044658070DD5204631
:10EFD00050F8081FC90C01F4FC7141F00501FEF75F
:10EFE000CFFC636923F0040363616369D90602D52A
:10EFF00018F0FBF860601848024652F8043F8BB9DD
:10F000002360146083684BB1617E5A7E914219D2AD
:10F010006269D2060ED50020FFF798FFBDE83840A0
:10F0200017F015BA59686568491B0029E8DA1A46CD
:10F030001B68E4E75A681B69134462689B1A002B3B
:10F04000ECDBE8E71A895B68D31A62681344E2686C
:10F05000D342E3D5DFE700BFB423002038B5044630
:10F060000A4D0846AB68A34201D1FFF76FFF6B68FA
:10F07000074A1BB1A342196804D11160BDE83840AA
:10F0800017F0E5B91A460B46F3E700BFB42300209A
:10F09000B82300202DE9F047754D2B685B0700F180
:10F0A000AF80AB68002B40F0AB8055E8003F43F0E9
:10F0B000040345E80032002AF7D16C689CB118F0CF
:10F0C00094F8D4E9043717F0100F0646A26819D057
:10F0D00010FA82F262602068D4F8048038BBDC3316
:10F0E0004344C5E9024355E8003F23F0040345E8E3
:10F0F0000037002FF7D1AC68002C74D1BDE8F04781
:10F1000001F02CB9606892B2811AFF07A1EB0601E9
:10F1100009D40029DFDAE768DF1BCF4205D4324487
:10F120001844831AD6E70029D5DA20464FE0416912
:10F130000289CF06D0F804E048BF06EB020EAEEB22
:10F14000020211F0010C11BF1146D0E90371C91B75
:10F15000891808EB03077F1A002F28DDBB4205D969
:10F16000E768A1EB0801DC378F423AD9D4F814A044
:10F170001AF0010F1DD12169D0F80C902789414464
:10F18000A1EB0901C91BE768A1EB0E01DC37B9420D
:10F190000FDD971BBCF1000F03D10169A1EB090141
:10F1A0000F44002F05DB4B46C0F804E0044600681E
:10F1B00092E7477E617E8F42F9D2921BBCF1000F2D
:10F1C00003D1D0E903135B1A1A44002A02DAFFF7CD
:10F1D000CFFE72E71AF0100FA7D0C368C0F804E0A2
:10F1E000E4E70B46E3E7A36813F4601FC3F3C240F0
:10F1F00008D121462B6843F010032B6015F0CAFBA1
:10F20000BDE8F08704F108063046FEF7C7FB2B681F
:10F21000214643F010032B60F8B915F0BBFBA3683F
:10F2200013F4601F4FEAD341C3F3C24517D0013D29
:10F23000EDB201F4FC7130462943FEF7A1FB032136
:10F240003046FEF709FC75B1A268237E1344120C08
:10F250009BB212041343A360D2E73846CEE70321E2
:10F260003046FEF7F9FB3046FEF7DCFBECE700BF6B
:10F27000B423002008B5034B996809B115F08AFB47
:10F2800008BD00BFB4230020014B9868704700BF41
:10F29000B42300200A4B70B59C6884420FD12146EC
:10F2A000012015F077FB6668258917F09EFFAD1BDE
:10F2B000C54221464CBF0020022015F06BFB70BDFB
:10F2C000B4230020054B1B681B6A13F0100003D009
:10F2D00013F0030018BF0120704700BFC4230020B3
:10F2E00006222DE9F341344B06469C688846A579F1
:10F2F0000C35635D671903F04F036355838D7A7096
:10F30000103B0D2B31D8DFE803F053304F07300CA2
:10F31000303030303030300C635D6FF303036355B1
:10F3200023E00123625D006A63F3030262550C224D
:10F3300010F4006F7A7006F12E0107F108020CD06C
:10F3400001924FF0FF32C0F3802000921A4615F070
:10F3500051FB635D43F08003E1E7D6F82E30BB60DC
:10F360008B889380336A5B05F3D4B28D635D30463E
:10F3700062F345136355B91C17F084FF635D60F3B6
:10F3800086136355A3797A7802331344E371B38DFE
:10F3900003F01403142B04D0B8F1000FC4BF42448F
:10F3A0007A7002B0BDE8F081635D62F30303B6E7F3
:10F3B0000222635DF9E700BFB021002038B529497A
:10F3C00004460B7D4A7D0133DBB2B3EB921F0B7514
:10F3D00003D3032300200B7538BD016AC90234D55D
:10F3E000032390F87E20243A92FBF3F303EB4303CC
:10F3F000D21A2532D2B2A18D94F87F3011F01001CB
:10F40000B4F9340084F87E2003F00F0323D117F001
:10F4100064FF00F0E9FCB4F9782004F17005824241
:10F4200004D0A4F8780001F087F96881284600F03C
:10F43000DFFF00221146104615F0AEFA94F87E0068
:10F44000002117F049FF0120C6E75B001A4102F0D6
:10F4500003022532CFE702461946002001F06AFA7E
:10F46000D7E700BFB02100201F4B2DE9F041044633
:10F470001860006C1CF0D0F801462046FFF730FF02
:10F48000A38D1A4E03F01403142B0CBF0022226C20
:10F49000B36820461A60FFF791FFFFF713FF144B84
:10F4A000051E144808BF184601F040F963696768F3
:10F4B00003F0100817F099FE6D000346627EE8B273
:10F4C000B8F1000F03D1FF1AB7F59B7F07D511469E
:10F4D00000F0F6FFB068BDE8F04100F0C5BF61681C
:10F4E00017F089FEF6E700BFC4230020B0210020FA
:10F4F00085F50000D1F7000070B50546FFF7E2FE84
:10F50000104B041E104808BF184601F00FF928469A
:10F51000FFF754FF0D4E054660B133686000597E19
:10F5200000F0FE0000F0CCFFBDE87040084B98688A
:10F5300000F09ABF01F0FAF829463068BDE8704043
:10F54000FCF7E4BD85F50000D1F70000C4230020DE
:10F55000B0210020034610B5094C052B20680AD0C5
:10F56000062B0CD1002001F0E1F820680121BDE854
:10F570001040FCF7CBBDBDE81040FFF7BDBF10BD8C
:10F58000C4230020032803D1024B1868FFF7B4BF3F
:10F59000FFF7E0BFC42300200C4B032810B51C6804
:10F5A0000FD1206C1CF038F801462046FFF798FE7A
:10F5B000074B226C9B682046BDE810401A60FFF79D
:10F5C0009BBFBDE81040FFF7C5BF00BFC4230020AC
:10F5D000B02100202DE9F8438B7906460C33CC1876
:10F5E0002379DA0703D44FF0FF30BDE8F883E77AD8
:10F5F000252FF8D83C4B9A6893790C33D118D35CFB
:10F60000A27AC3F38013B3EBD21FECD1056A0622B2
:10F61000EB064CBF0231043104F112001BF007FB72
:10F620000028E0D194F80A9015F0E8F905F4C045F7
:10F6300080F001032A1EC9F3801904F10C08414629
:10F6400018BF01224846DBB217F0DFFD014658B172
:10F65000A37A03F00F03032B16D1336A9807C2D5A0
:10F660000C2FC0D10320C0E715F0CEF90028BAD185
:10F67000A37A03F00F03002DEDD0032B85F4C045D2
:10F6800013D1A904AFD5E8E7052BACD1306AC20786
:10F69000A9D500F01403142B0CD004F1180017F0B6
:10F6A00022FD00289FD005209FE7052B9BD16B04EE
:10F6B000ECD498E706F12E052946C0F3802015F01A
:10F6C00094F90028E9D1A27A336AC2F38012C3F315
:10F6D00080239A4287D10622294640461BF0A7FA8A
:10F6E0000028DAD07FE700BFB02100202DE9F74FD6
:10F6F00000244FF0FF31074601A8019400F0B4FC4C
:10F70000019949B13846FFF765FF032806D005285F
:10F710004BD001A81BF0FBFE01203FE0DFF8A880E2
:10F72000284801F003F8D8F800302046597E00F050
:10F73000EBFED8F800B0DFF89490DBF84400D9F87D
:10F7400008601BF069FFB47905460C34335D06EBA5
:10F75000040A03F0400343F0040333550AF10201A5
:10F76000584617F08FFD335D002D60F38613335537
:10F77000D8F80030D9F808005B6CA4BF06358AF8C9
:10F780000150036000F070FED8F800301B6ADB0403
:10F7900007D53846019915F0CDFB002003B0BDE830
:10F7A000F08F01A81BF0B3FEF7E7019800F012FDFF
:10F7B0003846019915F067FB0028ADD0204600F0CF
:10F7C000B5FFEAE799F50000C4230020B02100202E
:10F7D0000E4A032810B5146805D0042809D0BDE8E6
:10F7E0001040FFF7B7BE617E0120BDE8104000F079
:10F7F00023BE2046FFF77AFF30B100F029FF2046F4
:10F80000BDE81040FFF778BE10BD00BFC423002044
:10F8100038B50D460446002000F088FF00F018FFC0
:10F8200029462046FCF7BCFF0022014B1A6038BD78
:10F83000C82300200123074A03FA00F002F1140351
:10F8400053E8003F034302F1140C4CE80031002957
:10F85000F4D17047C8210020F8B5244F05467B69D4
:10F860000C4613F4C07F03D099063BD401200CE072
:10F8700039B15A0705D4D5F8A43013B90820FFF7D9
:10F88000D9FF7B699B0601D50020F8BD7B7FAE6A5E
:10F89000022B06F0080604D916B114B90220F4E7C9
:10F8A000E4B995F8921095F83701063100F00F0091
:10F8B00000F054FA85B20EB904B16D00FFF76CFB8D
:10F8C000A8420DDB7B6913F01C0FDDD11EB1002CAB
:10F8D000DAD10520D9E7002CFBD1D5E70320D4E706
:10F8E0000420D2E7002CCFD0C3E700BFC8210020FE
:10F8F00038B50446114D4FF480616B69283043F4EC
:10F9000000736B6117F020FC0121204615F0D8FB35
:10F9100000212046FFF7A0FF014620B12046BDE8A8
:10F920003840FFF775BF6869617E80F48070C0F36E
:10F930000020BDE8384000F07FBD00BFC821002096
:10F9400038B504460B4B186000F5947000F050FD7C
:10F950002046FCF7F1FEC4B2204615F029F8054612
:10F96000204615F027F829460246022015F014F823
:10F9700038BD00BFC823002008B5002000F0D6FE27
:10F9800000F066FE0022014B1A6008BDC82300206B
:10F9900010B50446FFF7D4FF064800F0C7FE6168C3
:10F9A000226C637E1120BDE8104001EB920200F052
:10F9B000F1BD00BF81FC00003F4B37B51C68002340
:10F9C000A26A01935005D4F8A03012D504F1A40026
:10F9D00001931BF0BAFDC4F8A00050B194F8463171
:10F9E0004FF48061013B84F8463104F1280017F0A0
:10F9F000ABFBD4F8A0500DB9304B9D6894F946315B
:10FA0000022B0DDCD4F8A83013B1A36AD90502D5B6
:10FA1000D4F8AC3023B14FF480512046FCF7A2FE5D
:10FA2000D4F8A410A36A002914BF01210021AA79E7
:10FA30004FEA830302F10C0203F00C0343EA0113C3
:10FA4000A95C21F01C0143EA0103AB540DD11B4A10
:10FA500002F1140353E8003F23F0080302F11400FD
:10FA600040E800310029F3D102E00320FFF7E2FE75
:10FA7000284600F0F9FC019B53B15B7903F00A03BF
:10FA8000082B02D12046FDF771F901A81BF03FFDBC
:10FA90006B799A070ED5A36A1B040BD50820FFF7D4
:10FAA000C9FE4FF4004104F1280003B0BDE8304026
:10FAB00017F04ABB03B030BDC8230020C821002086
:10FAC00000232DE9F04385B00446032103A80393E6
:10FAD00000F0CAFA039D35B9F4212046FFF798FEDD
:10FAE00005B0BDE8F083AB79644F0C331D442A792F
:10FAF0007B69D6074ED4DD064CBF07200420FFF7F4
:10FB000099FE002601212046FFF7A6FE054650B9C2
:10FB10007869617E80F48070C0F30020400000F0BE
:10FB2000F3FCFFF749FF039800F054FBDDF80C806D
:10FB30007A6998F80630510603F10C0308EB0309C3
:10FB400015D458F8033006203B61FFF773FEA36A13
:10FB50001A060CD404F1280252E8003F43F0800357
:10FB600042E800310029F7D10120FFF763FE494642
:10FB7000204615F0ABFA99F80430DB077BD5002E50
:10FB800052D11DB129462046FFF742FE03A800F0DE
:10FB900045F9A5E7012023F010037B61FFF74AFE3A
:10FBA000AE7AF0062FD50220FFF744FEA36AAA7AA8
:10FBB00083F00203C2F38002C3F340039A422FD1C1
:10FBC0004FF4006104F1280017F0BEFA50E8002F4E
:10FBD00042F4806240E80023002BF7D1A26A82F051
:10FBE0000202A2627B77AA7AA36AC2F3C00203F080
:10FBF00001018A4285D183F0010316F0030618BF84
:10FC00000126A3627EE707F1140353E8003F23F0C7
:10FC1000040307F1140141E80032002AF3D1C5E7DB
:10FC20007B7F0133DBB2DDE72046FCF785FDC0B208
:10FC300014F0BEFE06462046FCF77EFDCDF804809B
:10FC4000A38F82B2009331460023022014F0ACFE51
:10FC50004FF0FF3103A800F007FA03998B790B44AA
:10FC6000DB7D002B8DD02046FDF79EF8002D3FF464
:10FC700037AF294631E7002E83D0E9E7C8210020BD
:10FC800008B50346114A042B10680BD002D8032B89
:10FC900018D008BD053B012BFBD8BDE80840F12179
:10FCA000FFF7B6BDFFF70CFF094A02F1140353E852
:10FCB000003F23F0200302F1140040E80031002946
:10FCC000F3D1E6E7BDE80840FFF712BEC8230020E5
:10FCD000C8210020164B033810B51C68032818D81B
:10FCE000DFE800F00702181E2046BDE81040FFF7CD
:10FCF000E7BE2046FFF7FCFD0E4A02F1140353E86D
:10FD0000003F23F0200302F1140040E800310029F5
:10FD1000F3D110BDF1212046BDE81040FFF778BDBA
:10FD20004FF4806104F1280017F00EFAF221F2E797
:10FD3000C8230020C821002010B50446FFF700FEAC
:10FD4000054800F0F3FCFFF737FE627E6168022091
:10FD5000BDE8104017F04FBAD5FC0000064B10B5B7
:10FD60005B690C4610B101F035F8034618795B88E1
:10FD700004FB003010BD00BF58120020084B10B526
:10FD80005B690C4610B101F025F803465A88A2427F
:10FD90003DBF1B79A41AB4FBF3F0002010BD00BFD7
:10FDA000581200200138C0B203289ABF014B185CDA
:10FDB00000207047D6C602008BB200294FF00A011E
:10FDC000B4BF053B05331BB293FBF1F3014A10802E
:10FDD00093707047242D0020024B9B78C01A40B2CC
:10FDE000704700BF242D0020024B1B88C01A00B2B0
:10FDF000704700BF242D0020074B186840F20D13F8
:10FE000038B9002BC1BF45224433B3FBF2F0C0B276
:10FE100070470068453BF3E7581200202DE9F04198
:10FE2000064611F091F80746FFF7E6FF354604460F
:10FE3000286818B16CB928461BF069FB31680A487C
:10FE40001BF0F5FB384611F08FF800233360BDE856
:10FE5000F081D0F800801BF0BBFC2B68013CC3F89C
:10FE600000802D68E4B2E3E758120020024BDB6B00
:10FE700003B11847FFF7FEB958120020C04310B570
:10FE8000054A131D53E8003F0340141D44E80031A8
:10FE90000029F6D110BD00BF5812002010B5054A48
:10FEA000131D53E8003F0343141D44E800310029AB
:10FEB000F6D110BD58120020F8B516461C4607466C
:10FEC0001946104617F086F932462346384617F091
:10FED00086F9434DD5E9062300EA020401EA030648
:10FEE00054EA060313D0670104F0806010D56B68F4
:10FEF000180623D43B4B234093BB3B4B06F0200218
:10FF00002340134356D12046314617F05FF9F8BD20
:10FF1000A4F1080333431CD1EB7A012B42D16B6867
:10FF2000D90743D50323EB7204206B8C01336B8418
:10FF3000FFF79CFF012017F04EF9E4E72B1D53E873
:10FF4000003F23F08003291D41E80032002AF5D14B
:10FF5000DDE7A4F10C03334317D117F03CF9DBE7DD
:10FF600024F0011323F4A0433343C6D1EB7A012BD1
:10FF700018D140F201436A680520934314BF00235F
:10FF80000323EB72FFF772FFBDE7231F334302D158
:10FF900017F022F9B7E704F17F433343AAD1EB7A94
:10FFA000022B0FD0042017F0FBF8ACE713F400632A
:10FFB000BAD1B8E70420FFF771FF4FF0006001F0FD
:10FFC00031F9A0E76B689A0706D50423EB722B8CF6
:10FFD000032001332B84ABE713F02003F7D1F5E7BF
:10FFE00058120020015001000DD50155014B986AAF
:10FFF000704700BF5812002010B5064CA06A1AF0D6
:020000021000EC
:1000000094F828B9A06A1AF092F800F0010010BD27
:100010000120FAE758120020014B986A1AF089B8BB
:1000200058120020024B5868C0F34020704700BFB0
:100030005812002010B504464FF40070FFF71EFF61
:10004000084B986A1AF077F838B10CB9002010BD47
:100050004FF40070FFF722FFF8E7002CF6D00C20D9
:10006000F5E700BF581200202DE9F04F046806465E
:100070008846574D89B0002C48D02046A7791BF000
:10008000CBFA0C3727443C890A38B8F1FF3FA4EB80
:10009000000402D04445A8BF4446B5F83890B0EB00
:1000A000090713D4002C0EDD6D6B36683D44FF2C20
:1000B000224629463046A8BFFF221BF00BFA241A1D
:1000C00036680544F3D109B0BDE8F08FA9EB00090B
:1000D000A145A8BFA146296BC846D6F800A001EBF0
:1000E000000BB9F1000F0DD04246FF2A5946504689
:1000F000A8BFFF221BF0EEF9B8EB0008DAF800A069
:100100008344F1D1A4EB09044F44CBE70321A86A4F
:1001100003AA19F067FFBDF80E70A14602940A37D2
:1001200002ACE86209E023601B682B602368C3F817
:1001300000902368002F1C4611DD2B68453F002BE3
:10014000F1D101201BF050FB034620600028F1D1C3
:10015000019002A81BF0DBF9019B3360B3E72B1D74
:1001600053E8003F43F008032A1D42E80034002C06
:10017000F5D14FF0006001F055F80298BDF810205D
:1001800043790A2143F001034371069B30606B639E
:10019000059B2A872B638379BDF80E200C3303441B
:1001A0001C711A812A7ADC719A719DF80C20072A39
:1001B0000BBF0122AB8C1A7101331FBFAB846B8C58
:1001C00003F1FF336B841BF079F9346855E700BF06
:1001D000581200202DE9F041877905460C37C419E3
:1001E000237986B013F002081BD1174E43F00203A7
:1001F00023716A46D6E90A0119F0F8FE2389694697
:100200000333B06AADF8043019F0F2FE009B9DF99B
:100210000E00EB51FFF7E0FD6071B37A022B03D8BB
:10022000E37106B0BDE8F0819DF81130012B04D0D8
:10023000022B04D02BB90423F2E70323F0E70123B8
:10024000EEE784F80780ECE75812002037B5124B30
:1002500000F00F041B88012CADF8043015D0022CDF
:1002600015D18DF8044042F222000C4D6B6803401A
:10027000A3420ED0FFF702FE2046FFF70FFEA86A4A
:1002800001A919F03AFE03B030BD2024EBE70024A9
:10029000E9E70020F7E700BF00C70200581200207E
:1002A0002DE9F0430223164600258846134F85B0FA
:1002B0008146B86AFB72CDE9025506F00BFB304669
:1002C000CDF808808DF80C5016F082FF00902A4679
:1002D000797AB86A02AB06F039FB044650B9484651
:1002E000FFF7B4FF334604462A46012140463E73D9
:1002F00016F06AFF204605B0BDE8F08358120020D2
:1003000037B5144B00F00F041B88012CADF80430F6
:1003100014D0022C16D0002441F601000E4D6B685B
:100320000340A34213D0FFF7A9FD2046FFF7B6FD17
:10033000A86A01A919F0F7FD03B030BD04238DF8B8
:100340000430E9E78DF804404FF40064E4E700204E
:10035000F2E700BF00C7020058120020002210B5CB
:10036000084C1046114616F02EFFA06A06F0B2FAAD
:1003700016F034FF20461BF0CAF8BDE810400820F4
:10038000FFF77CBD58120020014B986A19F00FBF8F
:100390005812002038B5154C0546A37A834210D078
:1003A000431E042B08D8DFE803F0030D11161800D4
:1003B000A06A06F0D9FE20B92846A57200F00AFD11
:1003C000606138BDA06A16F012FFF4E70121A06A4F
:1003D00016F00FFFEFE70321F9E7FFF723FE0028F0
:1003E000EAD0A06AFFF7D0FFE5E700BF581200206F
:1003F00073B50446408900F0FDFA0E4DA07B00263F
:10040000287216F0B8FE6872E07B00F00F00FFF76C
:10041000C1FF0096A37BD4E90021A86A19F0EBFE86
:1004200032463146304614F0B7FA206816F0D5FE51
:1004300002B070BD5812002038B50123094D0C469A
:10044000EB72FFF75DFF10B1042016F0A9FE2B7BC5
:10045000A34204D922460021012016F0B4FE14F074
:100460009CFA38BD58120020F8B5044614F096FAEC
:100470000746A179E279114E521A0C310123B06A74
:10048000D2B2214419F0A8FDE579A379ED1A57FA03
:1004900085F524680CB93561F8BDA179E2790023AE
:1004A000521A0C31D2B2B06A214419F095FDE379A9
:1004B000A2799B1A55FA83F5EBE700BF581200208A
:1004C000F8B502230F4E0D46F372FFF7BFFE044648
:1004D00020B1BDE8F840042016F062BE284616F0B0
:1004E00077FE07462A4621460120357316F06BFE3B
:1004F0003B462246717AB06A06F01AFA0028E8D123
:10050000F8BD00BF5812002038B50223084D0C4634
:10051000EB72FFF79BFE10B1042016F041FE2B7B1F
:10052000A34204D922460021012016F04CFE38BD1A
:1005300058120020014B587B704700BF5812002012
:1005400068B1084B194653F8042F0AB18242FAD217
:100550005B1A9B10013BDBB2034A537370470123C4
:10056000FAE700BFDCC602005812002010B5084CA4
:10057000606810F480700AD0A06A19F04AFD30B9A2
:100580000121A06A19F043FD80F00100C0B210BD46
:10059000581200202DE9F0434FF0010985B0254D98
:1005A00004460F4690460021102268461E4685F8F4
:1005B0000B901AF066FBA86A06F08CF90023E2069D
:1005C00000978DF80430CDF8088005D56B691B883D
:1005D0008DF80D9043440293002330468DF80C3083
:1005E000C4F340138DF80E3016F0F2FD6A46034650
:1005F000697AA86A06F0B6F928B1042016F0D0FD91
:1006000005B0BDE8F0832046FFF77AFE33460121AE
:10061000C4F38012804638462E7316F0D5FD14F0D0
:10062000BCF9230601D5FFF7A1FFB8F1000FE4D113
:10063000E6E700BF58120020044B5A68D20503D5E4
:100640000021986A19F0E3BC704700BF58120020DF
:1006500038B5114CE37A23B100221146104616F04A
:10066000B2FD00252846E57216F0B5FDA06A01220C
:10067000032119F0D1FB2A46A06A012119F0BAFC26
:10068000FFF7DAFF8020FFF7F9FBBDE838404FF4B1
:100690004050FFF703BC00BF5812002008B5FFF719
:1006A000D7FF044A0620D38C0133D384BDE8084029
:1006B000FFF7DCBB58120020F8B51B4D6B685907DB
:1006C00004D50420FFF7DAFBFFF7E8FF6B681A0791
:1006D0000FD510F039FC0646FFF78EFB0446124F8B
:1006E00024B101201BF080F80146A8B9304610F073
:1006F0003BFC6B68DB0615D51020FFF7BFFB00F055
:100700007BFB78B110F020FC0446FFF7C7FF2046C2
:10071000BDE8F84010F028BC3846013C1AF091FFC3
:10072000E4B2DDE7F8BD00BF58120020014BD863EA
:10073000704700BF5812002073B50F4B04469B7DD5
:100740000E4EFF2B15D10023ADF804000DF103026E
:10075000B06A01A98DF8033006F0D0FC9DF8035073
:1007600022462946B06AF5F771FE40EA052002B03C
:1007700070BD034B1D78F3E7242D00205812002094
:100780001E2D0020044BC2B2C0F30721986A82B02C
:1007900002B0F5F76DBF00BF5812002010B50D4C28
:1007A0000021A06A19F08FFB0B49A06A19F0E9FB40
:1007B000FE21A06A19F0D3FBA06A06F0B9FA074B34
:1007C000B3F910208242C8BF18821A8A9A805A8AC6
:1007D000DA8010BD581200201E2D0020242D00208C
:1007E000F0B585B0ADF80210ADF8042069464FF0C1
:1007F000C812ADF806304FF08213ADF80000CDE915
:10080000022304200B460C4C02ADB4F91070B1F970
:10081000002035F9026BBA42A8BF3A46B242A8BFDF
:100820003246013821F8022BF1D103CB034BA060F3
:10083000596005B0F0BD00BF242D00202C2D0020F4
:1008400073B50546F5F7F8FF314E0368314C336058
:100850008388FF2DB3804FF00003A370238033788B
:1008600018BF1D46A5752C4D8DF801300DF1030301
:10087000A86A0DF102020DF1010119F051FC9DF879
:10088000013040B90133DBB20D2B8DF80130EDD9C9
:10089000012002B070BDA27DFF2A00D0A3758DF8A3
:1008A000053033709DF802308DF804300198FFF761
:1008B00069FFC828A8BFC8209DF8033020828DF8A2
:1008C00004300198FFF75EFF144B9842B8BF1846FA
:1008D0006082B4F91000FFF72FFFADF80400019813
:1008E000FFF750FF2082B4F91200FFF725FFADF8A3
:1008F00004000198FFF746FF4FF6FF73A3826423BD
:1009000060821A4618461946FFF76AFF0020C0E7C2
:100910001E2D0020242D0020581200200CFEFFFF69
:100920000346034AB2F906000BB1FFF75DBA704700
:10093000242D0020084B10B5B3F9044030B903EB67
:100940004103B3F906309C42A8BF1C46A242A8BF8F
:100950002246104610BD00BF242D0020014BB3F9E4
:1009600012007047242D0020014BB3F9100070478E
:10097000242D002073B5064610F0E6FA0C4D04460F
:10098000B5F91200B5F91030B042B8BF3046984200
:10099000A8BF1846FFF7D0FEADF804000198FFF796
:1009A000F1FEE880204602B0BDE8704010F0DCBAED
:1009B000242D002073B5064610F0C6FA0C4D0446EF
:1009C000B5F91000B5F91230B042A8BF30469842D0
:1009D000B8BF1846FFF7B0FEADF804000198FFF766
:1009E000D1FEA880204602B0BDE8704010F0BCBA2D
:1009F000242D0020F0B5C0F3072585B0FE2DADF8FD
:100A0000040027D09DF8047010F09EFA124C0646A0
:100A1000637DAB420ED0114B02A918689B880290EF
:100A2000ADF80C300E4B8DF80850986A19F0A9FA01
:100A3000FF232375237DBB4206D0094B3946986AB4
:100A400019F08DFA27756575304605B0BDE8F040A0
:100A500010F08ABA05B0F0BD242D00201E2D002014
:100A6000581200202DE9F04707460E461446DFF8DD
:100A7000409086B00DF10808A9F1100A3A4680218D
:100A80005046CDE900980A4BF6F7C8FC0028F5D18E
:100A9000102C254628BF102530462A4641461AF01C
:100AA00009F9641B2F442E44E8D106B0BDE8F08755
:100AB000B22D002030B589B020226946FFF7D2FF61
:100AC0006A460C4D04AB144603CC9C422860696016
:100AD000224605F10805F6D1074C08AD1A4603CAAF
:100AE000AA4220606160134604F10804F6D109B0FF
:100AF00030BD00BFA22D0020B22D002010B588B05F
:100B0000694620200FF07EFA044630B96846FFF7A8
:100B1000D1FF0122024B83F82020204608B010BDEF
:100B2000A22D002070B5134B054693F820300C46DB
:100B30008CB00BB9FFF7E2FF0023CDE90033CDE91C
:100B4000023354B91C22214605A804941AF099F8DE
:100B500004A8FFF7AFFF0CB070BD102C264628BFCD
:100B60001026294632466846FFF77CFF3544A41B11
:100B7000E7E700BFA22D0020174B2DE9F047D3F87F
:100B8000048098FAA8F4B4FA84F406460F464FF0AD
:100B9000010A1D6804EB440293F8089005EB8205F6
:100BA0004C4504DB4FF0FF342046BDE8F0870AFADD
:100BB00004F313EA080F0BD0AB6803F00103B34250
:100BC00006D10622294638461AF031F80028EBD023
:100BD00001340C35E4E700BFEC2500200022014B76
:100BE0005A607047EC250020F8B5044624EAE47406
:100BF00010F0AAF9202CA8BF2024104D06462B7A0D
:100C0000A34205D10024304610F0AEF92046F8BDCD
:100C1000002728682C726F6010B10FF0D3F92F6095
:100C20002B7A002BEED00C2060430FF0ADF928603A
:100C30000028E7D107242872E5E700BFEC25002053
:100C4000044BD3F8012002605B7903F01F030371AA
:100C5000704700BFC32D0020244BF0B5002918BFFA
:100C60000B4614460021012512688BB0C3F8012001
:100C7000227919705A71C1F3C402A65C01F007020F
:100C800005FA02F21642CFB207D01A7802F128060E
:100C90006E44013206F8287C1A7001312529EAD108
:100CA0001A7828B16946981D1AF004F80BB0F0BD07
:100CB000002AFBD001260533C0F3C405675D00F0B0
:100CC000070506FA05F52F42C1B208D1B1FBF2F5CE
:100CD00002FB15110AAD55FA81F111F8281C0130FB
:100CE000252803F8011FE7D1E0E700BFC32D00204E
:100CF000034B002818BF03460B449879704700BF88
:100D0000C32D0020224B10B5002814BF84469C46FA
:100D10004FF0010E82EA124290B280EA010393FA88
:100D2000A3F31BBA9BB203EB031303449BB293FAE6
:100D3000A3F31BBA9BB203EB031303449BB293FAD6
:100D4000A3F31BBA9BB203EB031303445840114CAB
:100D500082B2A4FB0234131B04EB5304630903EBBC
:100D6000C30103EB8103D31AC3F3C401D8B26144B6
:100D700003F007030EFA03FE4B7813EA0E0F01BFD0
:100D80009CF8003053430CEB134C9CF8060010BD4C
:100D9000C32D00204D91CFBA064B074A01201A609F
:100DA000064B074A1A60074B074A1A60074B084A66
:100DB0001A607047002200202F730200FC210020DF
:100DC00067730200F82100202D730200F421002037
:100DD00069730200052808BF03200622024B013870
:100DE00002FB0030704700BF02C70200014B186EC3
:100DF00080B2704700C001B80A4BD86800F070603C
:100E0000B0F1106F0CD008D8B0F1E06F08D0B0F19D
:100E1000006F14BF002001207047B0F1406FF8E769
:100E200001207047000002B8431C07B5014606D0F8
:100E30000023044ACDE90033034812F03AF903B025
:100E40005DF804FB117402001427002070B50E46F3
:100E50001546044618B302F00DF910B3236813F4D5
:100E6000807F18BF0122104B18BF1A700F4A1B78E1
:100E700014600F4A16600F4A15601BB917F0CAF9C3
:100E800002F0E2F80FF074F801F09CFF0A4B0B48F7
:100E9000197801F0A3FFBDE8704001F02FBD2120BB
:100EA00070BD40F20440FBE7EF2D0020002600203B
:100EB000FC250020F8250020602E002089FF01007D
:100EC0002DE9F04186B00FF027F88A4B8A4D1A7849
:100ED00011208A490EF050FE2B6851215A68542384
:100EE000B2FBF3F2002392B218460EF0DBFD04468B
:100EF000002840F0F1800EF099FE814B1968814B7B
:100F0000186805F0ADF800F059F90446002840F0E3
:100F1000E3802B681C7F002C00F0B080102C28BFD1
:100F200010241AF040FA621C81B200230820D2B2C9
:100F30000EF0B8FD0446002840F0CE800D20724A25
:100F400072490EF0E3FC0446002840F0C5800EF024
:100F500063FB0221322004AA00F0E8F928B94FF01F
:100F6000FF30BDF8101019F035F86E4600233246F8
:100F700006212C208DF8063000F0D8F958B93046FB
:100F800016F0A4FF08B130287AD13C2000F0ECF92B
:100F90002C2000F0E9F99DF80630190740F1818016
:100FA00096E80300ADF80C10090C02908DF80E10B5
:100FB0009DF8063013F0280F07D1DDE90201ADF8E6
:100FC0000410090C00908DF806102B681869002891
:100FD0007CD12B68586900F037F92B6893F82220F0
:100FE000D2077DD412F0BFF802A90246074628684E
:100FF00016F012FA044600286ED106F057FA12F0E5
:1010000052FA0446002867D1012000F0CFF9404B86
:1010100018681AF0F9FC044600285DD117F01AFC94
:10102000044602F0E1FA804616F07AFF4146024695
:10103000204615F0F0F9044600284DD12B681B68B6
:101040009B050CD4B7F5FA7F09D90FF067FF012192
:1010500007460846F8F7FEF938460FF06BFF2B6895
:101060009A692C4B1A6016F021FA2B4B1860304607
:1010700000F05AFA29480EF043FC2DE0042450E712
:1010800001213C2004AA00F051F940B99DF810302C
:10109000012B14BF492372238DF806307BE74923C7
:1010A000FAE7F4F737FFCDE90401030C8DF80A30B5
:1010B000BDF81530ADF80800ADF80B309DF81730CD
:1010C0008DF80D3049238DF80E3071E716F01DFEB6
:1010D000044600283FF47DAF204606B0BDE8F0810D
:1010E00093F8230017F097F800283FF47BAF40F205
:1010F0000C44F1E7602E00200026002089FF01004B
:10110000A80B0020880B0020B1740200AD7402000F
:10111000FC2500203827002034270020290E01005C
:101120000022032101481AF0E3B800BFC0270020C5
:10113000F8B5114816F077FFE0B916F0B7F90F4D82
:101140000D4E286006F10C07286816F075FE0EF0AB
:101150009FFA0446304616F062FF10B938461AF07E
:10116000D6F901F0EFFE08B9002CEDD1BDE8F8404A
:1011700016F0D5BEF8BD00BFB80B00203427002004
:1011800008B5054B1B782BB916F028F9B0FA80F09A
:10119000400908BD0020FCE7EE2D0020012310B51A
:1011A000044C2370044B1B6803B198470023237041
:1011B00010BD00BFEE2D0020382700200D4B9842B7
:1011C0000DD8023B984210D870B1023B98420ED025
:1011D00020F0704020F4604000F590607047064BAE
:1011E0009842F5D140F21C4070472120704740F2F0
:1011F0001B4070470AE000F00BE000F04FF0805217
:10120000014B5A60704700BF00ED00E00023044A24
:1012100052E8000F42E800310029F9D1FCF7D8BEAE
:1012200040270020064A52E8003F034342E80031CD
:101230000029F8D1034B1B6803B11847704700BF62
:10124000402700203C270020034B002814BF024603
:101250001A46024B1A607047FD1101003C2700201E
:1012600037B51C68E10705D516F0D9FD16491748B2
:101270001AF046F8A20723D501F01AF8D0B9144D98
:1012800001900FF061FE044628461AF05EF90190C5
:1012900020460FF069FE019890B143799B070CD46A
:1012A00001A802211AF0DCF9019800F0F1FF16F014
:1012B00039FDE6E716F036FDDEE700F0DDFFF6E784
:1012C000002003B030BD00BFCC0B0020C0270020A1
:1012D0004427002008B505480EF0AAF9044B012167
:1012E0001870BDE808400EF0B3B900BFDC0B002059
:1012F000F02D002038B5044648B10FF025FE054614
:10130000214608481AF093F928460FF02DFE064BA7
:10131000022193F900000EF09BF9BDE83840FFF779
:101320003DBF00BF44270020F02D0020F8B50C4B36
:101330000C4F04460E4638681968154604F090FEB6
:10134000FFF73CFF50B933462A46386844F4802101
:1013500004F0AAFFBDE8F840FFF730BFF8BD00BFBA
:10136000A80B0020880B002038B50A4B0A4D044614
:101370001968286804F074FEFFF720FF40B9286858
:1013800044F4802105F076F8BDE83840FFF716BF39
:1013900038BD00BFA80B0020880B0020014902487F
:1013A00019F0AEBFEC0B0020C027002010220A4B22
:1013B0002821DA826422C3E906124FF6FF721A84EA
:1013C00002225A60002283F82B200F2283F82D007E
:1013D00083F82C20704700BF4827002038B516F04E
:1013E0006CF840B9094B48241A6893F82A10034650
:1013F0002432994200DC38BD04FB03F55559ED0653
:1014000001D40133F5E70120F5E700BF48270020AC
:1014100038B5104C94F82B30D3B1626812F0010546
:1014200016D104F1080016F0D1FCFFF7D7FF78B110
:101430004EF6602294F82C304FF4827153430648E4
:101440002A460EF087FA18B9636843F00103636017
:1014500038BD00BF48270020C027002022F00042EE
:10146000052A10B50DD0B2F5827F13D0032A06D11C
:10147000114A536823F00203536000F01FF8002064
:1014800010BD0D4A1B88118D9942F8D10023138598
:101490000120F5E7084B5A6893F82B4022F001022F
:1014A000012C5A60F4D102F04DF9FFF7B1FF20464C
:1014B00000F01EF8ECE700BF4827002010B50B4CE9
:1014C00063685A0701D4002010BD00F021F8837929
:1014D0001B0708D500F048FE0028F5D1636823F00B
:1014E00004036360EFE700F023FEF5E748270020E0
:1014F00008B5044A536843F004035360FFF7DEFF66
:1015000008BD00BF4827002000487047572700202B
:10151000044890F82B1000F10F020830012918BF81
:101520001046704748270020F0B48279034612F035
:10153000280F26D00025144A016892F82A60C2F8C4
:101540000F108188A2F81310817951751168AE428D
:1015500007DCF0BC5368032043F004035360FFF73B
:10156000C7BF4C6A14F4404F08D1186844F008040F
:1015700008609F8898798F8088714C620135483166
:10158000E5E72120F0BC7047482700204379024A54
:101590009B09D05C704700BF2AC702000B6810B5DA
:1015A00003608B88FF2A0446838002D10723A3713E
:1015B00009E0032A08D8054B9B5C072B837102D1F5
:1015C000FFF7E4FFA07110BD0023F0E72EC7020073
:1015D0008379024A03F00703D05C704722C70200F8
:1015E00010B582798B79094C02F0070203F00703EA
:1015F000A25CE35C9A4206D1062219F018FBB0FA0D
:1016000080F0400910BD0020FCE700BF1AC70200AF
:101610007FB5134B0E46054604460393A0B117F061
:1016200012FA78B900223146204617F041FB022811
:1016300007D10123314600932046042303AA15F065
:10164000E0FF0DB104B070BD204617F0CBF90446A1
:101650000028F7D017F0F7F90028F5D1E2E700BF2E
:101660000100FFFF2DE9F04F97B08346099117F075
:1016700036F9099883790C33C45CC51819F0CCFF8E
:101680001E2C0646099F24D8012C26D9C54BE340C1
:10169000DA0722D5384697F8068019F0BDFFBBF867
:1016A0000A2083B29A4228D214F0010240F0A180AD
:1016B00004F07F03522B00F09C801E2C00F09980D8
:1016C000099B214600935846042316F053FE21241B
:1016D0000CE004F07F03522BDCD0214606230022CD
:1016E0005846009716F046FE41F20614584617F089
:1016F000FBF8204617B0BDE8F08F47443A7B013B2A
:101700001E2A9BB242D8012ACED9023A1C2ACBD833
:1017100001A151F822F000BFA9170100A91601008C
:10172000AD170100A9160100A3170100A9160100B9
:1017300099170100A9160100A9170100A9160100B7
:10174000AD170100A9160100B1170100A91601008B
:1017500099170100A9160100DF170100A916010061
:10176000A9160100A9160100E3170100A91601003E
:10177000E7170100A9160100A9160100A91601002A
:10178000A9160100A9160100EB170100522A26D064
:10179000D22A89D10D2B05E0062B0FD0142B83D133
:1017A0000CE0052B80D909E0022BF8E7042BF6E7C3
:1017B000032B7FF679AFDB073FF576AF022C00F005
:1017C000F380DBF800309B689F0516D40BF14400D2
:1017D00019F09DFE099BCBF84430002486E7012BCD
:1017E000E0E7032BDEE7012BD9E7002B7FF45CAFAA
:1017F000E4E709A819F08BFE69E71E2C584600F0B3
:10180000918317F020F90746002840F0828058465F
:1018100017F014F900287CD004F07F03522B00F05D
:10182000BC80082C68D1B6B2152E14BF022010203F
:10183000691D17F0EEF800285ED0DBF81430D807E9
:101840004BBF23F0010343F0010339460121584601
:101850004CBFCBF81430CBF8143017F00BF90998C3
:101860000D9016F0F7FC0446B0F80180B0F8039034
:101870000D9819F0D1FE152814BF02251025053446
:101880002146284602F0A6FE21460390284617F07E
:10189000C0F80490B8F1000F00F04381C84500F291
:1018A0004081022109200D9A16F0F5FCBBF80A7060
:1018B0008246023FBFB23E4640464FF0FF354946A2
:1018C000039A17F0A7FB0446002800F06C8117F07C
:1018D00074F9002800F0848101222146584617F04F
:1018E00016FA03468DF82E00002800F01F810D9A8D
:1018F000009222460821A3E0DBF8143013F0010621
:101900003CD023F0010300215846CBF8143017F0E7
:10191000B1F81E2C63D8032C66D9231F142B63D86F
:1019200001A252F823F000BFF71B0100E9190100E2
:10193000E71C0100E91901005F180100E919010025
:10194000CD1D0100E9190100EB1D0100E91901009D
:10195000011E0100E9190100F5190100E919010052
:10196000F51E0100E9190100E9190100E91901005A
:10197000111F0100E91901001B1F010043F00103C1
:1019800001215846CBF8143017F074F81223324670
:1019900021465846009616F0EDFC09A819F0B7FD4F
:1019A0001BE700BF54554541099DBA4C284616F027
:1019B00051FC2188B0F801602A46584616F0EFFC29
:1019C0002388BBF80A10B34228BF3346172BB8BF91
:1019D00017235846ABF80A3016F06DFFFDE6522C7F
:1019E00000F08F82D22CD8D0099B00220093214690
:1019F000062325E0099F384616F02CFC0546B0F872
:101A00000180B0F803A0384619F006FE15280CBF77
:101A100020460220691D02F0DDFDB5F80530049076
:101A20000793B8F1000F07D0D04505D817F049FC4F
:101A300050B91023009701E001230097424610217E
:101A4000584616F097FCC8E63A460221112016F0D7
:101A500022FC44464FF0FF35BBF80A3005909E1E2D
:101A60000393063B9BB2B6B2089351462046049AB4
:101A700017F0D0FA814668B35146079A17F017FB62
:101A80000446484617F099F840B94FF6FF739C4258
:101A900001D00134A4B25445E7D91BE04FF0000354
:101AA0000DAAADF8343049460CAB584617F0CCF9C6
:101AB000039ABDF83430053A9A42089A0690D8BF86
:101AC0001346002DADF8343009DB9D4202D1EB1CEA
:101AD000B34208DB691C1CD10A230097AEE7351F0F
:101AE0009D42A8BF1D46042211A93846ADF8449076
:101AF000ADF8464019F023FF2A463846069919F0FA
:101B00001EFF4FF6FF73043E761B9C42B6B2C0D157
:101B1000E0E73946059B04355D70584601F004FC4A
:101B20005BE60D9B009301234246E3E6049B13B161
:101B3000204617F026F8204617F057F8D8B1002DA8
:101B400054DC0DA819F0E3FC082358468BF81C3030
:101B500050F80C2B40F2025192F870208DF848306A
:101B600000238DF8442011AAADF84640ADF84A3064
:101B700019F002FC31E6ADF844000DF12E032146C8
:101B8000584611AA17F060F9BDF844300590BB42E1
:101B900028BF3B46002DADF844300ADBAB4202D1F2
:101BA0006B1CB34209DB6A1C0D9B1FD100930A23F7
:101BB000BAE7B51E9D42A8BF1D4602220CA90D988A
:101BC000ADF8304019F0BBFE2A4605990D9819F082
:101BD000B6FE4FF6FF73023E761B9C42B6B2E2D0D1
:101BE000601C80B28145BFF46AAEDCE702350D9916
:101BF0008AF8015091E7DDF82490484616F02AFB58
:101C0000B0F80330B0F801800493B8F1000F43D06E
:101C1000984541D84FF6FF774A460221052016F035
:101C20003AFB4546BA46BBF80A400590023CA4B2CE
:101C30002946584617F0C9FA504506464BD04FF48E
:101C400000622946584617F062F800283ED1304617
:101C500017F053FB00280CBF0223102357450393B2
:101C600020D0304617F049FB0690384617F045FB68
:101C7000069B834203D1039B0133A34213DB384607
:101C800017F03BFB059B013019465870584616F07B
:101C90005AFBA2E56C0E00200123CDF800904246CD
:101CA0000421CDE637460DF146013046ADF84450EB
:101CB00002F0E6FC039B48469A1C11A919F03FFE6E
:101CC000039B023CE41A5545A4B2D8D0049B0135CD
:101CD000ADB2AB42ACD24FF6FF739F42CFD10A23D5
:101CE000CDF80090DBE7DDF824900024484616F09C
:101CF000B1FAB0F80530B0F803A0B0F801600746BB
:101D00004846039319F088FCC51FADB2102D0C9402
:101D100058D82A46F91D0DA818F0CCFF002E53D034
:101D2000564551D84A460121072016F0B4FAA0467C
:101D3000074633460A249A45049307D93946BBF827
:101D40000A0016F08BFA0328049B04D8B8F1000FA0
:101D50001AD039469AE7ADF84430039B5846ADF89F
:101D600048300DAB13930BAA0DF12E0311A9ADF85A
:101D700046A0ADF8505017F0C6F90A280446E5D041
:101D8000BDF82C3030B11E46234632460621CDF830
:101D9000009055E6ADF83030BDF82E300CAAADF805
:101DA000323039460423BBF80A0016F062FA4FF6C7
:101DB000FF72BDF82E309342CBD001334FF00108B3
:101DC0009BB2B8E70424DFE70124DDE70A23099C7E
:101DD0008BF81C30204616F03DFA23460022B0F85E
:101DE0000110584615F0DDFCF7E4099C204616F07A
:101DF00031FA0C238BF81C30B0F803202346EEE7B1
:101E0000DDF82480404616F025FA0546404619F0D4
:101E100003FC0023441EBBF80AA08DF8343061D0C7
:101E200014F001075ED120460EF0AEF806460028F9
:101E30005ED00AF1FF332246691C039318F03AFF83
:101E4000424601210F2016F026FAB1460490002CDC
:101E500004DC30460EF0B6F8049917E739F8025B57
:101E600001222946584616F052FF023C8DF83400F4
:101E700068B9284616F0C3FD10B1284616F081FE59
:101E8000284616F0B2FE60B180238DF8343030461B
:101E90000EF098F82A460E219DF83430CDF80080D7
:101EA000CEE529460DAB584611AA16F0CDFF9DF898
:101EB00034300146002BEAD1039BBDF84420DB1BE4
:101EC0009A42C2BF0AF1FF33DB1BADF844304046F3
:101ED000BDF8442019F033FDBDF844309842B8D322
:101EE0001F44B4E7042300258DF834302E46CEE796
:101EF0001123F8E75846099AB5F8011015F01BFDB3
:101F00006BE45846099AB5F8011015F06FFD64E4CA
:101F10005846099915F0A9FD5FE45846697815F00F
:101F20000FFE3AE515F02CFE37E500BF7FB5174AE6
:101F30000646136842F6052023F00803136017F0E5
:101F4000A4F8054650B1684602F0FCF9002016F0EE
:101F500049FD044620B92946FFF75AFB04B070BD7D
:101F60001022684604F1210118F061FE38B1012108
:101F7000204616F07FFD636923F0010363611EB103
:101F80003146204617F052F92046E0E71C28002091
:101F900007B5837801916A46082104488DF800301E
:101FA00019F0EAF903B05DF804FB00BFC027002078
:101FB0000022054BC3E90322C3E905221A70DA6146
:101FC0004FF6FF725A8470479C270020014B18601F
:101FD000704700BF9827002082780D4B13B55A60D8
:101FE000B0F8032091B2102910D040F60344A1426A
:101FF0000CD041795B8C8DF80210ADF804200521DE
:102000006A460448ADF8003019F0B6F902B010BDC8
:102010009C270020C027002073B5837901900C33E2
:10202000C418C35C132B0ED8042B10D9053B0E2B00
:102030000DD8DFE803F01E0C0C1E0C0C0C0C0C165B
:102040001A0C0C0C2300302B13D03E2B1BD0FBF7AB
:102050008BFD019B834202D001A819F058FA02B00F
:1020600070BD2046FFF7B8FFF1E7E2780E4B5A60EB
:10207000EDE7204601A901F0B5FEE8E7204601A9F9
:1020800015F051FFE3E70025084E019B3BB12046C8
:1020900056F8043B01A9013598470E2DF5D101A84A
:1020A00019F035FAD3E700BF9C27002034C702009F
:1020B00007B500F0E7F820B103B05DF804EBFFF7D7
:1020C000ABBF00F0EBF8019018B1054B1B681BB1DA
:1020D000984703B05DF804FB01A819F018FAF8E777
:1020E00098270020024610B1022804D0704703212F
:1020F000024819F0FDB8FFF7DBBF00BFC027002082
:10210000024B1A78024B53F8223018479C270020C4
:102110006CC7020010B504460120FFF7F1FF034B26
:1021200000201C70BDE81040FFF7EABF9C2700208C
:1021300010B50446062142F2050015F0F9FD2368AA
:10214000C0F80330A388A0F807300648FBF72EFD3F
:1021500015F032FE407920B115F02EFE407940F4A2
:10216000805010BD315D020010B5044606214FF6C7
:10217000284015F0DDFD2368C0F80330A388A0F8DF
:1021800007300648FBF712FD15F016FE407920B126
:1021900015F012FE407940F4805010BD15DC0000AF
:1021A000014819F0D2B900BFAC27002040F6FF73F8
:1021B0002DE9F3410D46B0F86E100192994205D118
:1021C00001A819F0A4F902B0BDE8F0811146134648
:1021D00001229BBB1E4819F02AFAFFF7E1FF0446D3
:1021E0000028F0D019F018FA6379074603F00108C7
:1021F0006FF30003637104212046A66819F0F8FA12
:102200004379044668F300034371DB438179B6F8F0
:102210006E200C31866003F001036254C2F3032286
:10222000084442EA0312427047802246304629465B
:1022300015F07EFE2046FBF7CDFCCEE75C7998607A
:1022400024F0030414435C7100221B68C1E700BF43
:10225000AC27002070B50546064C206800B970BD5B
:102260008368AB4204D106680DF01EFD2660F4E7DA
:102270000446F2E7AC2700200146014819F0D7B91F
:10228000B0270020014819F060B900BFB027002036
:102290000146014819F0CBB9A8270020034BD868A4
:1022A00018B103F10C0019F050B970479C270020B9
:1022B000044BDA6822B95869003818BF012070470A
:1022C000012070479C2700200138C0B20A289ABF1D
:1022D000014B185C0020704774C7020007B5064820
:1022E00019F033F9042101900DEB010019F0B8F950
:1022F000019803B05DF804FBC4270020F7B5186807
:1023000010F0020003D0164E316811B9012003B05D
:10231000F0BD0024042223460DEB0200019419F0C5
:10232000ECF8BDF80630DB0702D4FFF7D7FF044610
:1023300000250C4F57F8043B23B12146BDF804009B
:10234000984748B13368002BE0D0074B022193F93E
:1023500000000DF07DF9D9E70135062DEAD1F1E74E
:10236000C4270020C8270020F12D002010B50948FF
:102370000DF05EF90024084B0849187020200C600D
:102380000DF0DCFC064BC3E90044C3E90244C3E999
:10239000044410BDFC0B0020F12D0020C4270020B8
:1023A000C827002013B5C37A0093B0F80930D0F8DD
:1023B0000520D0F80110007801F016FB0446034810
:1023C00000F0CEFD848002B010BD00BF20020403E7
:1023D000FF2337B50DF107008DF8073001F072FBD0
:1023E000044604489DF8075000F0BAFD84808571CA
:1023F00003B030BD2003040138B54B7905465B07B7
:102400000C460CD414212046054A15F092FD2046B6
:10241000217915F03EFE10B9A3791C44257438BD0E
:102420009CC70200837810B5132B0C4608D1054BCE
:102430001B6803B198472046BDE8104019F067B803
:1024400010BD00BFE027002010B500210446007831
:1024500015F04CFD48B16178207816F036F9044645
:10246000034800F07DFD848010BD0224F8E700BF22
:102470002002560110B54178007801F0F3FA0446C5
:10248000024800F06DFD848010BD00BF200256029E
:1024900013B541880DF1020301AA008815F0DAF99D
:1024A000BDF802300446F82B84BFF823ADF80230A3
:1024B000019ABDF80210034800F09EFD848002B02E
:1024C00010BD00BF20030A00002110B5421D037992
:1024D0000446084619F060FA024648B1618820882F
:1024E00015F0E4F90446034800F03AFD848010BD7D
:1024F0001A24F8E720020A0208B50146034631F81B
:10250000030B9A7815F068FB034800F029FD0023BF
:102510000371437108BD00BF20020A1108B50649C6
:10252000064818F0EDFE0649064818F0E9FE064890
:102530000DF0F8FC002008BD140C0020E827002056
:10254000240C0020E42700200C0C0020014815F08A
:1025500066BD00BFB80B002030B5114B0D46994247
:10256000144685B019D193000FD503A902A80DF028
:1025700085FA08230193039BE1B2009300222846C9
:10258000029B41F0005118F09EFE064815F0DFFD59
:1025900000B10471012005B030BD0020FBE700BF91
:1025A000E4270020ECC7020022F00042B2F1A04F65
:1025B00008B504D1034815F0CAFD012008BD00206C
:1025C000FCE700BFF0C7020070B5FFF7BFFF90B196
:1025D000FEF79AFF002604462046FEF7F9FF05465F
:1025E000064800F0BDFC86802268C0F80620A2885C
:1025F0000573428170BD0226014CEDE720090115EB
:10260000C8C7020000200A4B10B5187100F098FDF1
:1026100004463CB901F0E8FABDE810400549064817
:1026200018F092BE204616F01BF96468F1E700BF6F
:102630003C2D0020340C0020C027002070B5002065
:1026400000F07EFD01260446074D04B970BD94F8E4
:10265000723033B12E7115F060FC1321204616F054
:10266000FBF86468F1E700BF3C2D002038B500237B
:10267000094C2360A38003682360207816F0E8F8F3
:10268000054630B90548064918F03AFE608801F061
:10269000C1FA284638BD00BF3C2D0020C0270020CD
:1026A000340C002022F00042B2F5887F2DE9F0477B
:1026B0001C4600F0E5800ED840F203139A423CD04D
:1026C00040F209139A4200F0C5800E2A00F0B6804D
:1026D0000020BDE8F08740F207239A424AD0B2F5C5
:1026E000037F59D040F206239A42F1D120684C3042
:1026F000FEF76EFF25680746664895F8736095F803
:1027000070A095F9759095F87680A48815F01FFD56
:102710000028DDD0EB6C4360B5F850308772038140
:10272000731E5E425E41C67280F80CA080F80D9068
:1027300080F80E80A0F80F40CAE7207800F0F2FC85
:102740000028C5D0544894F80090B4F80280A788B7
:10275000E688257A648915F0FAFC0028B8D080F85C
:102760000490A0F80580A0F80770A0F80960C57271
:102770008481ADE7207800F0D5FC0028A8D06078EF
:102780002578FFF7A1FD0446444815F0E0FC002839
:102790009ED0057144719BE7A578012D1ED0022DB6
:1027A0002DD0CDB9E37894F80080023BDBB2022B48
:1027B0008CBF01253A4A94F90470667998BFD55CBC
:1027C00094F90640374815F0C2FC28B180F804801F
:1027D00045718771C671047201207AE7E37894F835
:1027E0000080023BDBB2022B98BF2D4A94F90470A3
:1027F000667998BFD55C94F906402B48E3E7E37807
:102800002A48023BDBB2022B94BF254A012594F8EB
:102810000180277898BFD55C94F90490667994F983
:10282000064015F094FC0028D6D0A0F804808771EB
:10283000C57180F8089046728472CDE7234608225D
:10284000002113F8014B1A4815F092FC0028C3D060
:102850000471C1E7174894F800806788A688E58866
:10286000248915F074FC0028B6D080F80480A0F804
:102870000570A0F80760A0F80950A0F80B40ABE77E
:102880000D481C7815F063FC00283FF421AF04715B
:102890001EE700BF38C8020034C802002CC802007E
:1028A000F4C7020024C8020020C8020028C80200A1
:1028B0001CC8020018C8020030C8020070B51446D7
:1028C00006460D46204614210A4A15F032FB2046E2
:1028D000217915F0DEFB58B9A3790C331C44064B63
:1028E000A6711B79A5801BB1BDE8704015F016BB21
:1028F00070BD00BF14C802003C2D0020024B002018
:102900001A68024B5A607047F8250020B80B002067
:1029100010B5FEF7D5FA044630B9044815F055FB5A
:10292000044608B9FEF7FCFB204610BDB80B00209A
:1029300073B51C4640F20A6322F000429A4208D85E
:10294000B2F5C06F08D8042A4BD00D2A51D0032A03
:102950001ED0002002B070BD6FF4C0631A44092A73
:10296000F7D801A353F822F0572A0100052A0100E5
:10297000292A0100392A01004F2A010053290100A8
:102980006F2A0100852A0100A52A0100F12A010011
:1029900001A8F3F797FA5848BDF8044015F0D7FBA3
:1029A0000028D6D00023072243710271C37101228F
:1029B0004372037343738373C3731E2382718374DF
:1029C00002226FF07D030272C3746FF06A026FF02F
:1029D00074038272037506222D23C272048243752A
:1029E000B7E74648246815F0B2FB0028B1D08480D0
:1029F000AFE723460422002153F8044B404815F06A
:102A0000B7FBF2E7207800F08DFB0028A1D03D480D
:102A1000267894F90150A47815F099FB002898D0F5
:102A200006714571847194E72478374815F08FFB5F
:102A300000288ED004718CE725783448646815F03E
:102A400086FB002885D00571C0F8054081E7257810
:102A50002F486468F3E72F482578646815F077FB02
:102A600000283FF476AF0571A0F8054071E72A48C9
:102A70002578646815F06BFB00283FF46AAF057198
:102A8000447166E7637825480D2B96BF244A0125DB
:102A9000D55C247815F05BFB00283FF45AAF047135
:102AA000457156E7637800210D2B98BF1C4A1D48DD
:102AB00098BFD55C6368A27888BF0125267815F099
:102AC00057FB08B1067145716378012B3FF641AFA2
:102AD0008DF8043001220021124801AB247815F052
:102AE00047FB00283FF435AF01230471437130E701
:102AF00024780D489AE700BF80C8020078C8020019
:102B00007CC8020060C8020068C802006CC80200ED
:102B100064C802005CC8020058C8020054C8020021
:102B20003CC8020050C802004CC802001422002118
:102B3000014818F0A6B800BFEC27002070B5054684
:102B40000EF002FA1A4C064663795B070ED4142184
:102B50002046184A15F0EDF92046217915F099FA2A
:102B600020B13046BDE870400EF0FEB9A3790C33B9
:102B700023442DB91A79FF2AF3D001321A71F0E7F4
:102B8000012D05D15A79FF2AEBD001325A71E8E7BD
:102B9000022D05D19A79FF2AE3D001329A71E0E73C
:102BA000032DDED1DA79FF2A1CBF0132DA71D8E7B2
:102BB000EC27002074C8020010B504460A4815F03E
:102BC0002EFA60B10021094815F0AFFA48B18279B8
:102BD000024414610179BDE8104015F05ABA022090
:102BE00010BD1A20FCE700BFB80B002070C802001F
:102BF00038B50546084800F02FF9044648B900F0FA
:102C000081F904461DB1054B1B689B792B7000F0C0
:102C100091F9204638BD00BF8CC80200082800206A
:102C20002DE9F84380460D480F4616461D469DF88F
:102C3000209000F011F978B9094B1C6884F80480E1
:102C4000C4F80570C4F80960A4F80D5084F80F901A
:102C5000BDE8F84315F0EEB9BDE8F88384C802007A
:102C60000C28002038B5054606480C4600F0F4F85C
:102C700038B9054B1B681D715C71BDE8384015F013
:102C8000D9B938BD9CC802000C28002038B50546CB
:102C900006480C4600F0E0F838B9054B1B681D717A
:102CA0005C71BDE8384015F0C5B938BD94C8020064
:102CB0000C2800202DE9F843804614480F4616469C
:102CC0001D46DDF8209000F0C7F80446C0B9104B4F
:102CD0001B68A3F80480DF8000F014F90D4B044654
:102CE00019680DB18B792B60B9F1000F06D08A7984
:102CF000B24208D84846073117F0DCFF00F01AF955
:102D00002046BDE8F8831D24F8E700BFB4C80200E0
:102D10000C2800200828002038B505460C46074836
:102D2000012100F0A9F838B9054B1B689D80DC80B3
:102D3000BDE8384015F07EB938BD00BFACC8020010
:102D40000C28002010B5134604460A460648012107
:102D500000F092F830B9054B1B689C80BDE810402C
:102D600015F068B910BD00BFA4C802000C280020EF
:102D700070B505460B480E4600F06EF8044678B96B
:102D800000F0C0F8084B04461B6825B1D3F80620B4
:102D90002A605A89AA800EB11B7B337000F0CAF8F2
:102DA000204670BDBCC8020008280020044A034623
:102DB000106810B102789A4200D170470069F8E7B4
:102DC0000428002008B515F0FEF8FFF7AFFE00223A
:102DD000014B1A6008BD00BF0428002038B5104D13
:102DE0000446104A284618F031FE4FF48270A0477E
:102DF0000D4B01461860287818B14FF4827218F014
:102E000028FE4FF48270A047084B014618602878CE
:102E100028B1BDE838404FF4827218F01ABE38BDB0
:102E2000F22D0020C4C802000C2800200828002031
:102E3000084A136833B94178036141F001014170D8
:102E400010607047197802789142FAD003F11002AD
:102E50001B69EFE70428002010B5044616F001FBBB
:102E600028B9034B22681C60024B1B681A6010BD16
:102E7000002800200C2800202DE9F84F046898460F
:102E80004FEA042A0AF4E06AC4F307234AEA030A71
:102E90000AEB0209B9F5807F83460F46154603D930
:102EA0001D263046BDE8F88F16F0DBFA06460028EE
:102EB000F7D1124B24F47F44C3F800B024F0C704C8
:102EC0000F4B44EA19244FEA09291B681FFA89F9B4
:102ED00044EA090443F8044B53442A464146184641
:102EE00017F0E8FE012F04D1FF2DD9D800F8015CBE
:102EF000D7E7022F08BF20F8025CD2E700280020A5
:102F00000C28002008B5074B1A68074B52F8040B31
:102F10001968064B49681B689847054B1B689888D9
:102F200008BD00BF0C28002000280020440C002011
:102F3000082800200022024B1A6016F094BA00BF45
:102F400000280020054B186808B1C3681BB1003881
:102F500018BF012070470069F6E700BF0428002071
:102F600010B5034C23681860FEF718F9206810BDEF
:102F700008280020F8B504460D46014600201746F3
:102F800015F022F8F2F7DCF8194E78BB194B1B68E4
:102F90001C603368187058709870D870204614F010
:102FA000EDFF18B165B94368220E2BB90F250DE06E
:102FB0005979914204D008331D68002DF8D1F5E706
:102FC0003846A84733681B684BB9012524F47F4075
:102FD00020F0C70040F40070FFF7C2FF8580326820
:102FE000012052F8041B14F0EFFFF8BD1425EDE7A3
:102FF000082800200C280020F8B50E460502C0F372
:10300000072305F4E0651D430E4B691E1B6804464B
:10301000043300F038075E54581811462AB10130C5
:10302000904202D0324617F012FE240C240435449C
:103030003C4344EA15242D02A8B22043BDE8F840E1
:10304000FFF78EBF082800204022094B83F8212378
:1030500083F8222383F8232383F8262383F8252368
:1030600083F8202383F82423502283F8222C7047EE
:1030700000E100E0044BD86910F480501CBF186ACE
:1030800000F00100704700BF0080E00F70B50446FB
:103090000D461B4A13686BB393F87D10586811F006
:1030A000040129D110608C22184693F8706017F043
:1030B000E8FD034680F870602268C0F85A20A288B4
:1030C000A0F85E20A27980F860202868D864AA79E8
:1030D000A98883F85220FF2283F8752083F8762090
:1030E00040F6FF72A3F86E20064AA3F8501011684C
:1030F00013605960184670BD1A1D0346CBE700BF28
:103100001428002010280020054A0346106800B942
:103110007047B0F86E209A42FAD04068F7E700BFD7
:1031200010280020054A0346106800B9704790F83F
:1031300070209A42FAD04068F7E700BF10280020BC
:1031400010B9024B1868704740687047102800207B
:103150000023114A2DE9F0418C211360804602467C
:1031600001200CF09FFC044620B905460B4E306050
:10317000A84502D82046BDE8F08101200CF010FDE2
:1031800007468C220021013517F07BFD87F870502F
:1031900037603E1DECE700BF1028002014280020F7
:1031A000012310B58B4090F87110044621EA030109
:1031B00049B280F87110002949D114F0B8FE2046B8
:1031C00014F029FE102104F1180018F008FC204624
:1031D000FFF740F804F1380018F099F9204616F08E
:1031E0003FF9214A13681BB19C42596830D11160E4
:1031F000A36859050BD51A0509D443F40063A189C6
:1032000094F87000A36004F17802FFF757FB0023E5
:103210002046636018F09CF815F016F84FF48072A1
:10322000B2FBF0F2424394F870300344B3FBF2F186
:1032300002FB1133DBB2591EC9B2FD29F5D884F85F
:10324000703000236360094B1A6852B91C6010BDCE
:103250001A465B68002BCBD09C42F9D1636853605F
:10326000C6E7131D5268F0E710280020142800203C
:1032700010B5084C206830B9BDE81040064B186006
:1032800001200CF05DBC436890F871102360FFF7DB
:1032900087FFEFE7102800201428002090F87430F2
:1032A00003F00B03013BDBB20A2B9ABF014AD05C4F
:1032B00000207047D2C802001FB5014690F8703058
:1032C0008DF80430FFF7EAFFB1F862308DF80C009A
:1032D000ADF80630B1F8643001AAADF80A30B1F8A3
:1032E00066300748ADF80830B1F86C3040F2031191
:1032F000ADF80E3018F040F805B05DF804FB00BFE3
:10330000C027002007B590F870308DF8051001AA8D
:1033100040F2072103488DF8043018F02DF803B06F
:103320005DF804FBC027002038B50A4B04461B6833
:103330000D462BB143699B0702D515F0DAFA30B17F
:103340002A4620680421BDE8384016F037B8A36942
:103350009D6138BD18280020024B1868003818BF3E
:10336000012070471828002013B50446019120B9A8
:1033700001A818F0CCF8212012E008460029FAD064
:1033800018F04AF980B20028F2D0094B20461B6899
:1033900001994BB1984728B920460199FEF762F987
:1033A00002B010BD0020FBE715F0BEFFF3E700BF41
:1033B0001828002038B5436A0446590415D4134A26
:1033C00003F4004392F82B20012A0FD1826A920461
:1033D0000CD4002B01460CBF5320142014F06FF8BE
:1033E00018B9636A43F00803636238BD002BFCD14F
:1033F000074D20462946FEF7F3F80028F5D1286846
:10340000AA88AB792060A280A371EAE74827002050
:10341000572700202DE9F041164D85F82A0038B3D2
:1034200000EBC000C1000023012204200CF03AFB95
:10343000044650B904200CF0B3FB4827A04628608E
:1034400095F82A30A34203DC00242046BDE8F08131
:103450002E68142207FB04660021C6F8188006F1C6
:10346000340017F00EFC304615F071F80134E7E730
:103470002860E9E748270020074B93F82A2082427A
:1034800081BF1B6800EBC00003EBC003586A8CBF10
:1034900000F00100002070474827002008B50146D1
:1034A000FFF7EAFF40B1054B01EBC1011B6803EBDD
:1034B000C103586AC0F3C02008BD00BF48270020E0
:1034C0002DE9F04F0746384A93B0106851680FABAA
:1034D00003C39068354A1860146807EBC70304EB10
:1034E000C304E37B12AA02EB430333F80C1C636AA8
:1034F00094F82E80DA0494F82F6047D40126B04661
:1035000041F0100194F80D90C3F3404A5B0348BFAB
:103510004AF0020A8BB289F00809B8F1010F94F859
:1035200031500B9304F1070BD4E90723C9F3C00909
:1035300094F9324009D0B8F1020F06D0B8F1040F67
:1035400014BF4FF000084FF00308012E05D0022EE3
:1035500003D0042E14BF002603263846CDE90C23E1
:10356000FFF79CFFDDE90C230121CDE90760CDE9E0
:1035700000513846CDE90548CDE903BA0B99CDF89D
:10358000089001F019FA13B0BDE8F08FA26A950611
:1035900048BF41F02001500648BF41F04001DA0326
:1035A00048BF41F00401ADE7DEC802004827002013
:1035B000002170B50B4B93F82A601C688E4202DC28
:1035C000FF25284670BDCDB22846FFF755FF28B12C
:1035D000E37B012B02D1636ADB06F2D4013148346C
:1035E000ECE700BF48270020014B93F82A00704702
:1035F0004827002070B504461546FFF73DFFB8B1D7
:103600000E4A04EBC4041368E60003EBC4035B6AD0
:1036100013F010040FD0C3F300330B70136833445E
:10362000DB7B5A1E042A04D8033B18BF01232B70EE
:1036300070BD0023FBE72046FAE700BF48270020C3
:103640003F4A70B5146800EBC00304EBC304636A1F
:1036500006465B0704D500231A46194601F08EFA88
:10366000636A9D0706D53046FFF72AFF636A23F099
:1036700002036362636A18070CD5A27921463046BB
:10368000C2F3C00201F018FA0546E8B9636A23F0F4
:1036900008036362304615F0FBF80546A0B9626A7C
:1036A000D10611D5D30404D5304613F004FF40B140
:1036B0001BE01206E37B09D4E37B626A023B012B29
:1036C00015D9616A48071FD4284670BD03F0FB0373
:1036D000012BF6D03046216901F014FA636A2561A6
:1036E00023F0800363620028E6D00546ECE7D305AB
:1036F000E7D53046616901F023FA00236361636A0C
:1037000023F480736362D2E7E37BA28D012B03D1A4
:10371000A2B1802A28BF802211F0400F94F83030E7
:103720004FF0010118BF0123304601F027FA0028AD
:10373000DBD1636A23F004036362C5E74022EBE751
:10374000482700202DE9F04100244827104D95F826
:103750002A30A34201DCBDE8F081E6B23046FFF733
:103760008BFE98B107FB04F828684044436ADA06E8
:103770000CD55B040AD4FFF71DFE2B68304643448A
:103780005A6A42F006025A62FFF75AFF0134DEE736
:10379000482700202DE9F04FDFF8489200EBC003E6
:1037A000D9F8004089B004EBC30404F1100A804644
:1037B00050460E46174617F0AAFE04F114031846A9
:1037C000029317F0A4FE002018F00EF8054600281A
:1037D00000F00381012F40F2726718BF1F27012EEE
:1037E000A6735CD0022E0CBF0626042602212846B2
:1037F00014F0D1FE0121284614F0CDFE31462846B2
:1038000014F0C9FE284617F007FF012386B2B91B42
:103810000A22009389B242F60723284614F00BFFD0
:1038200004230644B6B2B91B0093122242F60423C5
:10383000284689B214F0FFFE0644B6B2BB1B012B2A
:10384000069503932DDC002399F82B20002A00F025
:10385000A480504617F05BFE636A256143F0800246
:103860006262DB0400F1AB8099F82B00002840F085
:10387000A68017F0B9FF0790002800F0A080394615
:1038800014F094FE002800F0A4800298079D17F021
:103890003EFE636A656143F4807363628FE00526D0
:1038A000A4E7002017F0A0FF07900028CBD0BB1E94
:1038B0009B1B02211FFA83FB00F07CFF8345064619
:1038C00011D22BF001018AB2411A07A8049217F015
:1038D000EEFE049A164602223EB90798F0B907A8F0
:1038E00017F015FEAFE70322F6E7711C0698C9B280
:1038F000049214F050FE049A0698114614F04BFE00
:10390000079906A817F04CFF002017F06DFF0790ED
:10391000002836D0ABEB06031FFA83FB5B46022B75
:1039200038BF02239A1E92B20F2A31D91021049275
:1039300000F040FF049A034682421FD222F00F019A
:103940008AB29346411A07A817F0B1FE5B460622D9
:10395000591C0698C9B20493059214F01CFE059AEE
:103960000698114614F017FE079906A817F018FFDD
:10397000049BB21C13449BB23EB965E740B10722D9
:10398000E6E707A817F0C3FD334602339BB25BE7B7
:1039900007A817F0BCFD3346EEE7039A2846D11A74
:1039A00089B214F003FE0646504617F0B0FD636A74
:1039B000256143F080026262002E3FF452AF606ADC
:1039C00010F010000AD0404609B0BDE8F04FFFF7F4
:1039D00037BE07A817F09BFDF1E71A2009B0BDE834
:1039E000F08F00BF4827002070B5054614461E46DC
:1039F000FFF742FD30B3144B05EBC505186800EB2B
:103A0000C500426A93050BD44FF6DF73A1F1200580
:103A10009D4217D8A4F120059D4213D8A14211D888
:103A2000C3698B4202D1036AA34204D0C0E90714E0
:103A300042F0020242629DF81030868580F83030F4
:103A4000002070BD2120FCE748270020044A00EB3D
:103A5000C003116801EBC301CA7B14F045BE00BF6F
:103A600048270020F8B505460C46FFF705FD28B3AA
:103A7000052923D8124E05EBC5023368D70003EBA6
:103A8000C203186917F0C8FD1F2817D833683B44D4
:103A9000586917F0C1FD1F2810D8012C0ED0231F24
:103AA000012B0BD93168224639444B6A284623F44E
:103AB00082534B62BDE8F84014F016BE2120F8BDD9
:103AC00048270020002270B50546114890F82A408A
:103AD0000368944201DC1A2016E0596ACE0714D418
:103AE00093F83960760710D4D0F80F00094C1860AD
:103AF000A688A07941F00901D4B298719E80204631
:103B00005962FFF7DDFC2C7070BD01324833E0E7ED
:103B1000482700205727002070B5FFF749FDFF28F0
:103B2000044615D00B4D03B2286803EBC30300EB2A
:103B3000C300DE00436A23F01003436214F0FDFC6F
:103B40002968204631443431BDE87040FEF754BC4A
:103B500070BD00BF4827002083782DE9F041122B6B
:103B60000F463CD10B689A790C321344DD781E79EC
:103B70000DB145F480553046FFF77EFCD0B1DFF83B
:103B8000648006EBC603D8F8004004EBC304636A04
:103B900023F01003636295B922463146A06908F10B
:103BA0002E0300F0D9F822222946A56108F12E0043
:103BB00017F067F83846BDE8F04117F0A8BC20467A
:103BC00014F0BBFC636A5A0603D523F0400363621A
:103BD000F0E7304604F13401FEF70EFCEAE7BDE8F9
:103BE000F08100BF482700200020094B10B5586223
:103BF000FFF7A6FA04461CB9BDE81040FFF738BB32
:103C0000204641F2160114F0A9FD6468F3E700BFF5
:103C100048270020A0F11B03E02B10B5044618D85C
:103C2000042142F2240014F083F86FF06F03437113
:103C30004223A0F8034083710748F9F7B7FF14F057
:103C4000BBF8407920B114F0B7F8407940F48050C7
:103C500010BD2120FCE700BF4160020037B50446DB
:103C60000D4614F0A2FD6988204614F0E2FA6A7E3F
:103C70002B7E204643EA0223A4F862306A7F2B7F22
:103C800043EA0223A4F86430EA7EAB7E43EA0223CF
:103C9000A4F866301B23A4F86C302D4BDA8B1B8CF8
:103CA000A4F86820A4F86A30022384F8723014F073
:103CB0003DF9204614F0A8F894F87330022B15D182
:103CC00014F082F870B194F9753001330AD10521EE
:103CD0002046A36843F48053A36003B0BDE830409E
:103CE00014F0BABD0021204614F0A6FA00212046A7
:103CF00000F02AFA4FF6FF73288C984225D000F086
:103D0000C3F9009400F0AEF96A46ADF8040040F241
:103D10000621104817F030FB002240F20221204615
:103D200017F0E6FA2046FFF7C7FA204614F072F8BB
:103D3000204600F015FEA368012123F480432046AD
:103D4000A36014F091FD03B030BD0020D9E700BF9F
:103D500048270020C0270020F7B504460F46164626
:103D600068465A79991D1D46FDF718FC2CB969461D
:103D70003046FFF78BF90446A0B140F2032384F8E4
:103D80007670A4F8723033682946C4F85A30B38884
:103D90002046A4F85E30B37984F86030FFF75EFF08
:103DA00003B0F0BD032140F2064013F0C1FF6B8861
:103DB000A0F803300D2343710148F9F7F7FEEFE750
:103DC000255F020007B590F870304FF4887101AAA2
:103DD00003488DF8043017F0CFFA03B05DF804FB08
:103DE000C02700202DE9FF4103780446302B0E4602
:103DF00039D006D8052B25D0082B41D004B0BDE81A
:103E0000F0813E2BFAD183780C2B4BD8022BF5D9BD
:103E1000033B092BF2D801A252F823F0B53E010072
:103E2000EF3F0100FD3D0100FD3D0100873F010026
:103E3000FD3D0100FD3D0100FD3D0100FD3D010096
:103E4000DB3F0100B0F80300FFF75EF928B16179AC
:103E500009B141F4805114F081FC304604B0BDE852
:103E6000F04117F054BBB0F80300FFF74DF90028FC
:103E7000F3D0A17809B141F4805114F0C8FCECE70B
:103E8000B0F80300FFF740F90028E6D0627990F817
:103E9000743022B143F0010380F87430E9E703F095
:103EA000FE03F9E7212B00F0B780292B1FD0202B30
:103EB000D3D0A3E78088FFF727F90028CDD0E27898
:103EC000002ACAD1E179A27942EA0122A0F862204F
:103ED000E17AA27A42EA0122A0F86420227A617A89
:103EE00042EA0122A0F86620FFF7E6F9B5E7C778B5
:103EF000851C3C2F02D1FFF70FFEAEE790F806803D
:103F0000B8F1000F23D1544A546AC2F82480CFB1CB
:103F10002946204647F4805714F047FCE76084F8B0
:103F2000728040F20121204601AACDE9014717F035
:103F300023FAA368414643F480632046A360FFF759
:103F40002FF98AE729462046FFF788FE85E74FF6D6
:103F5000FF73408C98420BD000F096F840B1FDF70B
:103F6000D7FA2B460246FF210020FFF7F5FE74E743
:103F70003A4B223455F8042BA54243F8042BF9D1CF
:103F80002A881A8069E7B0F80300FFF7BDF8002817
:103F90003FF463AF40F20911B4F8053090F8702097
:103FA000A0F86C308DF80420ADF80630227AE37961
:103FB00043EA0223ADF80830A27A637A43EA022387
:103FC000ADF80A30227BE37A43EA0223ADF80C30E5
:103FD00001AA234817F0D0F93FE78088FFF794F84B
:103FE00000283FF43AAFA179FFF78CF935E78088D4
:103FF000FFF78AF800283FF430AF90F870300E21B8
:104000008DF80430D4F8063001AACDF80530D4F884
:104010000A30CDF80930DCE78088FFF775F8002812
:104020003FF41BAF90F870304FF403718DF80430FB
:10403000E37801AA8DF80530A3798DF80630E3798D
:104040008DF80730237A8DF80830637A8DF80930BF
:10405000A37A8DF80A30BCE7482700207627002095
:10406000C027002050B10C22064B1B68C31AB3FBBB
:10407000F2F3807A40EA032080B270474FF6FF7077
:10408000704700BF480C0020024609490B7A0968B6
:10409000FF2B01D10020704703EB430301EB8300AA
:1040A00031F82330C3F30B039342F4D0C37AEFE724
:1040B000480C002008B5054B054A1978054817F04B
:1040C000C5FCF722044B1A8008BD00BF602E0020FB
:1040D000EAC80200F32D00206C0E002010B5044643
:1040E00070B30068836CA34222D163688364224664
:1040F000144917F009F904F10C0017F029F904F13B
:10410000440017F004FAFFF727F958B1A06948B145
:10411000143017F0FCF9A069183017F0F8F9A0690D
:104120000BF050FF2046BDE810400BF04BBF13468C
:10413000002BDCD05A68A242F9D162685A60D6E7F7
:1041400010BD00BF83890200F8B5054648200E4621
:1041500017F081FC294F0446387818B148222146CF
:1041600017F077FC8CB1FFF7F7F898B11C2017F027
:1041700072FC0146A061387810B11C2217F069FC6E
:10418000A3692BB920460BF01DFF00242046F8BD83
:1041900000221A700321284614F04EF8AB6C224618
:1041A0006360AC6417232681002663811449284686
:1041B0002560267766640BF0E9FB00F01DFF3246B0
:1041C000014604F10C000BF0E1FB02232374FFF71E
:1041D000C3F80028DAD00B4B19881729D6D9204606
:1041E00014F0B7F80028D1D11221204614F08EFB2C
:1041F000636943F002036361C8E700BFF32D002049
:10420000838902006C0E0020F8B5054610B3002922
:1042100020DB114C2468247E8C421BDD3F2919DCF5
:10422000032701F0030600EBA10191F8314076006D
:10423000B74002F0030224EA0704B240224381F8A7
:10424000312013B1002114F015FC2846BDE8F840D8
:1042500014F06DBCF8BD00BF2428002070B51646D0
:1042600000221A7032800A7A0D46072A4DD8DFE8FC
:1042700002F004090D111A1E304AE86830F8023BBA
:10428000338043E0EB68981D5B88F9E7EB68981D85
:104290009B88F5E7697B14F03AFC02221C4B1880DE
:1042A0001846328032E002231A4833802EE01A4C3E
:1042B0002B7BE88923702B88E11C013363702B88EA
:1042C00001331B12A37000F0DBF90330308020466D
:1042D0001CE0124CA889EB89020AA3701B0A20700B
:1042E0006270E37000F040FA58B1C3681A88022A7D
:1042F00007D19A782271DB786371062307483380EF
:1043000004E00423FAE780221A70002070BD00BF89
:104310000D2E0020FAC80200FA2D0020F42D0020F6
:10432000054A064B1860136843F001031360828B43
:10433000034B1A80704700BF1C280020242800204F
:10434000422D002000232DE9F04FDFF8C09191B0FD
:10435000D9F80070054617F00807CDE90633CDE916
:1043600008330AD0664B03F1100253F8041B934242
:1043700045F8041BF9D1002011E00320F2F78EFE6E
:1043800017F069FB804648B10620F2F787FE17F068
:1043900062FB064630B940460BF014FE1A2011B0FD
:1043A000BDE8F08FCDE90477F7F784FA044668B1E9
:1043B00040460BF007FE30460BF004FE40F207408B
:1043C000214613F000FD40F20740E8E74FF4A05209
:1043D0004C4BC6E90323F369002B42D14FF4105331
:1043E0003380802310227380304604AB06A90FF07F
:1043F00041FD0446A0B94046424A04990FF07EFEB2
:10440000044668B98346404BBAB21B68D9889142CA
:104410002FD810222946404605AB0FF0A1FE0446D6
:1044200040460FF0C8FD40460BF0CCFD30460FF083
:104430000DFF30460BF0C6FD04980FF0D2FB002CA8
:10444000BCD12F4B05F1100255F8041B954243F8DF
:10445000041BF9D1D9F8003043F00803C9F8003043
:1044600089E73B463A464FF4105130460FF0FFFEC5
:10447000B7E71A68BCB2210102EB04142046ADF87C
:104480000EB00191009214F03AFF8246204600F0EF
:104490003FF930B3DDE90021AAF5205080B20328AE
:1044A00002D9BAF5245F1ED1525A00202146ADF838
:1044B00028200DF10D030DF10E02ADF82AA0FFF733
:1044C000CDFEBDF80E2001460BA816F0F3FBBDF89B
:1044D0000E20404604320AA90FF020FE04460028B0
:1044E0009ED101378FE70AF55640FF3080B204288D
:1044F000F7D8525AADF82AA0ADF82820E7E700BF58
:104500000F2E00200002C003242800201C280020B9
:10451000134B01461B6870B513F0040306D000224C
:10452000104B1C68E38990B2834209D80E4A146884
:104530000022E58990B2854209D84FF6FF7005E068
:10454000A56835F8125001328D42ECD170BDA668D5
:1045500036F8126001328E42ECD1034498B2F5E78E
:104560001C2800202028002024280020094B1B683C
:104570005B070AD5084B1A68D389834203D993682D
:1045800033F810007047C01A80B2044B1B689B6858
:10459000F6E700BF1C280020202800202428002047
:1045A00038B5046805460C222046084916F03FFB42
:1045B00050B90222064904F10E0016F038FB18B972
:1045C00002200C342C6038BD1020FCE7FDC802002E
:1045D0000BC902002DE9F743102801910BD00228E6
:1045E00004D04FF6FF7003B0BDE8F083019B18883C
:1045F000FFF78EFFF7E701A8FFF7D2FF0228F5D0FB
:104600001028EED11B4B019F1E6816F0040608D03F
:104610000024194BD3F80080B8F81660A5B2AE425A
:104620001AD80025154BD3F80080B8F81690ACB214
:104630004C45D6D2D8F81000102200EB05103946B0
:1046400016F0F5FA01350028F1D1A0196FEA4040C3
:104650006FEA504080B2C6E7D8F81000102200EB95
:104660000410394616F0E3FA01340028D6D145F497
:104670000040B8E71C280020202800202428002023
:10468000020408B51DD5124BC0F30E001B685B0772
:1046900013D5104B1A68D38A98420CD2136903EBD6
:1046A000001000F1100350F8042B984241F8042B3D
:1046B000F9D1102008BDC01A80B2074B1B681B69D6
:1046C000EDE7FFF753FF0870000A48700220F1E79A
:1046D0001C280020202800202428002070B5044633
:1046E00042F60306094B1B681D68A5420AD2204604
:1046F00029B914F004FEB04206D1103402E014F0DF
:1047000008FE08B1204670BD103CEEE724280020CA
:10471000437ADA0702D5C3F380007047034BC2889F
:104720001B881A4214BF012000207047422D002030
:104730000A4B1B68DB0708D570B1094B1B68DB8887
:10474000834234BF00200120704728B1054B1B88ED
:10475000834294BF00200120704700BF1C28002026
:1047600024280020442D002070B50246FFF7E0FF0A
:10477000E8B10F4B1968CD88954209D302F18050FA
:104780000B680138040103EB00101B5B93420ED051
:10479000002398B2854201D8002008E00E681C0171
:1047A000345B06EB0310944203F10103F1D170BDB9
:1047B000242800202DE9F34100250E46A846174F76
:1047C00001903A68ABB2D18899421DD91468ABB256
:1047D00004EB0314B4F90430002B1CDA2046FFF775
:1047E00097FFC0B1E1680B889E4214D13246019810
:1047F000023117F0A4F8E36882B21B88934207D015
:10480000114601A816F053FF404602B0BDE8F08102
:1048100043441FFA83F80135D3E700BF2428002062
:1048200008B5002142F20E0013F082FABDE80840FC
:104830000148F9F7BBB900BF1160020038B590F824
:1048400072300446032B154606D1FFF7E9FF01231A
:10485000002084F8723019E0C9B9012B2DD9032149
:1048600040F2064013F064FAB4F86E304571A0F8D7
:1048700003301348F9F79AF913F09EFA8378002B66
:10488000E5D013F099FA807840F4805038BDA3B198
:1048900002214FF6044013F04BFAB4F86E30A0F842
:1048A00003300848F9F782F913F086FA4379002BB0
:1048B000CDD013F081FA4079E6E70220E6E700BFA9
:1048C000255F02005B5F0200F8B507460E4642F224
:1048D00013000E2115461C4613F02AFAB7F86E3065
:1048E000A0F80560A0F80330BDF81830A0F8075014
:1048F000A0F80B30BDF81C30A0F80940A0F80D302E
:10490000BDF82030A0F80F300648F9F74FF913F042
:1049100053FA807820B113F04FFA807840F4805039
:10492000F8BD00BF9D5F020070B506460D4642F21D
:104930007A000421144613F0FBF9A0F803604571D6
:1049400084710648F9F732F913F036FA407920B14C
:1049500013F032FA407940F4805070BD9D6302003C
:1049600010B50446022142F2300013F0E1F9B4F828
:104970006E30A0F803300F48F9F718F913F01CFA5D
:10498000437963B913F018FAC088FEF7BDFB0446FB
:1049900028B113F011FA017A2046FEF7B3FC13F0A8
:1049A0000BFA407920B113F007FA407940F48050B7
:1049B00010BD00BFD1DE00002DE9F04115460646CE
:1049C0000F4642F2360019211C46DDF8248013F010
:1049D000AFF92B0AC371230A83729DF818308571D1
:1049E00003739DF81C30447243739DF820302D0CE6
:1049F000240CC67087800572C4728373D8F80030A7
:104A0000C0F80F30B8F804308676A0F813309DF85F
:104A1000283043759DF92C3083759DF83030C3756F
:104A2000002303769DF8343043769DF83830C37602
:104A30000648F9F7BBF813F0BFF9407920B113F03D
:104A4000BBF9407940F48050BDE8F08179DC00008A
:104A500038B505460C464FF61940052113F068F9A4
:104A6000C57044600648F9F7A1F813F0A5F940793C
:104A700020B113F0A1F9407940F4805038BD00BF57
:104A8000D15C020038B505460C464FF61A400521A8
:104A900013F04EF9C57044600648F9F787F813F033
:104AA0008BF9407920B113F087F9407940F48050B8
:104AB00038BD00BF015D020070B50D4606460121FC
:104AC000DAB1FFF7C5FF0446A8B9072142F2350065
:104AD00013F02EF9C6702B684360AB880381084839
:104AE000F9F764F813F068F9437923B113F064F926
:104AF000447944F48054204670BDFFF7C3FFE2E7D9
:104B0000915E02000A4610B50421044642F23700C5
:104B100013F023F9032303710023C47043718371DD
:104B20000648F9F743F813F047F9407920B113F03C
:104B300043F9407940F4805010BD00BF855D02000C
:104B40000A4610B50421044642F2380013F005F974
:104B5000032303710023C470437183710648F9F77E
:104B600025F813F029F9407920B113F025F940799F
:104B700040F4805010BD00BFD15D0200F8B506467C
:104B80000F4642F23900062114461D4613F0D0F8B4
:104B900001238471240A0371C7704671C4710572C0
:104BA0000648F9F703F813F007F9407920B113F03C
:104BB00003F9407940F48050F8BD00BF1D5E02004B
:104BC0000148FDF703BA00BFCD4B01002DE9F04FBE
:104BD000867987B00C3605900546805BC0F30B00E4
:104BE000FEF792FA044618B905A816F090FC4EE0BC
:104BF00090F87230022BF7D1AB5B059AC3F30B012F
:104C000003F44053B3F5805F9060A95342D15379C8
:104C10006FF300035371836B002BE5D0042105A8CB
:104C200004F1380616F01CFD3046059916F0FFFC1D
:104C3000A06B002301465A1CA9BBDBB2012B01D992
:104C400016F066FDA06B16F0E7FC03281FD9D4F818
:104C50003890484699F8067016F0DEFC0C3709EBE0
:104C6000070539F80770A0F10408474522D9524FCB
:104C7000D4F838A007F1100957F804BB5346424650
:104C800029462046D8474F4510D00028F4D007B019
:104C9000BDE8F08F383016F03AFC059A537943F0AE
:104CA00001035371BAE713460968C4E70028EED13F
:104CB00030469AE7A06B16F0AFFC04378742F7D373
:104CC0006988A1F140033F2B0BD80421304616F030
:104CD000C7FC2046A26B698814F0BAFB0023A363CB
:104CE000D5E705290BD0062961D00429E0D130464B
:104CF00016F0B6FCA16BA06CFEF736FBEEE729467A
:104D0000204614F0A3FB02460028D1D12B79122BA8
:104D100006D0132B36D02046697914F06FFBC7E715
:104D200094F87330022BF6D040F67A4029898B1F15
:104D30009BB2834224D86A89931F9BB283421FD8B7
:104D400091421DD8AB89B3F5FA7F19D240F6764C63
:104D5000EF89A7F10A0080B2604511D8B4F86A0063
:104D60000290B4F86800CDE900702046FFF7ACFD72
:104D7000021E18BF01222046697914F0FBFA97E75A
:104D80000122F8E794F87330012B03D120466979AA
:104D900014F034FBA3681A048AD523F40043A360FB
:104DA0002B89012B84D12046FFF70CF880E72046A1
:104DB000A16B13F010F891E710C90200184640F2F9
:104DC0000A4322F000429A422DE9F04120D8B2F580
:104DD000806F01D800203EE06FF480642244092AED
:104DE000F8D801A353F822F02F4E01003B4E0100EA
:104DF0005B4E0100A94E01007D4E0100C54E010031
:104E0000E74E0100EF4E0100D54D0100074F0100B4
:104E10006FF4A0615318042BDCD8A2F20252032ACB
:104E200079D8DFE812F08A009200B700CB0005784D
:104E30004488644813F08BF93EE005784468826941
:104E400000F108030021604813F092F910B10571D8
:104E5000C0F805400120BDE8F08106784588047956
:104E6000826900F108030021584813F081F90028F5
:104E7000F0D00671A0F80550C471EBE7047907780B
:104E8000A4F11B03594259414688C58800F1080224
:104E900089004F4813F091F90028DBD00771A0F882
:104EA0000560C4710581D5E7057844884269031D12
:104EB0000021484813F05CF90028CBD00571A0F818
:104EC0000540C7E706784588848800F1080200217C
:104ED000414813F072F90028BCD00671A0F80550C3
:104EE000A0F80740B6E7057844683C48A2E7047894
:104EF0003A4813F02CF90028ACD007234371002363
:104F000004718371A6E70478354813F020F900286E
:104F1000A0D004719EE7077846880579C48800F11F
:104F2000080200212F4813F048F9002892D0077199
:104F3000A0F80560C57104818CE70778468805797B
:104F4000C488294813F003F9EFE787684588047996
:104F500006787FB1C78800F108020021234813F0CA
:104F60002CF900283FF476AF0671A0F80550C47103
:104F700007816FE73B463A4639461C4813F0F8F87C
:104F800000283FF467AF0671A0F80550C47107729E
:104F900047725FE790F8008047880679C5880489E2
:104FA000134813F0D4F800283FF454AF80F804807D
:104FB000A0F80570C671058144814BE70578446807
:104FC0000C4837E750C902004CC9020048C902002A
:104FD00040C9020044C902003CC9020038C90200AD
:104FE00020C9020034C9020030C902002CC90200E5
:104FF00028C9020024C9020000487047BD4D0100C5
:105000002DE9F04F144687B09B46C36B06460D460C
:105010005B69012202A960689847F36B012203A92A
:105020005B692846984702A814F0D5FD074648B1A9
:105030000023A37563754FF0FF33A360002007B012
:10504000BDE8F08F03A814F0D3FD0123A375237EE0
:1050500004EBC303DD611F846368AB420ED12060A3
:1050600003A814F0E7FD4FF0FF332075A360237D04
:10507000043B022B25D80023A375DFE723681A1A07
:1050800003A853425341A37514F0D4FD237D8342FA
:1050900003A818BFA77514F0AFFD074602A814F0C7
:1050A000ABFD874203A81CBF0023A37514F0ACFD21
:1050B000074602A814F0A8FD87421CBF0023A37571
:1050C000D5E703A814F098FD80B1F36B022204A980
:1050D00028465B69984704A814F09DFD0346207D8F
:1050E000032839D8DFE800F03838040903A8F3E7CB
:1050F000237ECC2204EBC3031A8401F0C9FA109B6F
:10510000187003A8277E14F06BFD04EBC70787F81F
:10511000220003A8237E04EBC303B3F8209093F886
:10512000227014F069FD804603A814F06DFD8246DC
:10513000B8F1000F15D0F36B022204A928465B6971
:10514000984704A814F02CFD6075637D6BB90023AB
:10515000A3754FF0000838E0227E04EBC2021384EE
:10516000CBE703A814F007FDEEE794F81680B8F13A
:10517000000FEED0B9F1000F09D1DFB10123627E3B
:10518000E375002A44D19F4218D1677614E0736C0E
:1051900005EB0A02594285EA020008421CBF0021C1
:1051A000A175591E0A409B1A9945D0D8A37D002BA2
:1051B000E3D1CEE7E37D43B94FF000084B465246BA
:1051C0002946304614F083FAA060A27D12B123690B
:1051D0004B4423611349237E097899421ED9013338
:1051E0002376BBF1000F1BD0D2B1E37DC3B1B8F180
:1051F000000F15D1032F13D0A1684B1C10D0109BAA
:105200002246304600930123FFF7FAFEA07507E01F
:10521000012FDAD0032F08BFA376CDE70023A375B3
:10522000A07D0CE748C402002DE9F04F0E468BB07C
:105230009846002304464FF0FF31104617468DF87C
:10524000133001F00FFAB6F5801F3BD3B21C53D1D7
:10525000E56A6B1C57D1616A204614F07EF9054659
:10526000B31CDFF8189118BF01230193636A05A9E5
:10527000626C4FF0000B0293236802FB053AE36B6C
:1052800005225B695046984705A814F05DFD14F0AF
:1052900080FD504614F088FD824601464B1C05D027
:1052A000636C81EA0A025B42134232D029462046EF
:1052B00014F053F9029BAB424DD0BBF1000F4DD11E
:1052C0000546D3E7314605AA04F1080014F039FC7D
:1052D0000146481C10D0384601F0C4F90DF1130303
:1052E00001223946204614F06EFA28B19DF8133099
:1052F00088F80030002003E0237C002BA8D11D4853
:105300000BB0BDE8F08F2368ED1A636CB5FBF3F5C5
:10531000A6E7484601F0A6F90DF11303019A4946A4
:10532000204614F050FA034690B1B21C03D0D9F8CD
:105330000020B2420CD19DF8132049460393384611
:105340000D4B88F800201A6815F0B4FC039B9B46AF
:10535000D9F80810A2E7BBF1000FD0D0B6F5801F36
:10536000C8D298F8003031467A6804F1080001F09C
:10537000BDF8BFE70BE000F04CC40200E41F0020C2
:105380002DE9F3410E46044617469846816A194DA9
:10539000E36A8B422AD04B1C18E0284601F062F9E0
:1053A0000DF1070301222946204614F00CFA30B112
:1053B00043469DF8072029462046B847B0B1A96862
:1053C0004A1C05D0012E0AD0E36A9942E5D10DE0CE
:1053D0006968204614F04EF9012E0146D8D16B6859
:1053E00081EA0302636C5B421A42D1D002B0BDE88D
:1053F000F08100BF102000202DE9F041036B9046A2
:10540000826B90B007680E469A42426C01A904462E
:1054100088BF8363436A02FB0377C36B05225B6922
:105420003846984701A814F08FFC012801463070D7
:1054300056D0656C06A9E26B2368606AD2F814C086
:10544000052205FB00300025E04706A814F07CFC8F
:10545000012823D001218DF834800E958DF83C1061
:10546000D4E90A32CDE90B4593422AD119462046A8
:1054700014F000F9236B626C1433E0629B1A23630F
:105480000C9B53B99DF83C303BB1626A616C236858
:10549000E06B01FB023114F00FFC0C9DE36B052265
:1054A00001A938465B69984701A814F04DFC30709B
:1054B000236B2846A26B9A4288BFA36310B0BDE855
:1054C000F081237C33B90BAA1C4904F1080001F0D8
:1054D0005DF8D5E70BAB1A4A2046FFF751FFCFE73F
:1054E000237C23BB2246174904F1080001F04EF843
:1054F000616A204614F052F8616A421C204614F09A
:105500001BF8054620B9236B626C1344143B2363DC
:10551000A16A204614F0AEF82368A062C01A636C3A
:10552000B0FBF3F06062204614F0E8F8B6E7002321
:10553000054A2046FFF724FFDAE700BF2D5D010092
:10554000A95C01004F980200EB97020073B50D466D
:10555000D11E1C461B7E4A424A419A4226D12968E6
:105560002368994222D3636899421FD8114E0DF1E6
:1055700007033246FFF758FEC0B972686B689A425B
:1055800014D19DF80730DA1E53425341227E9342D4
:105590000CD1636901336361D4E90323934205D2DB
:1055A0002968A26842F8231001332361012002B068
:1055B00070BD00BFB81F00202DE9F04F8BB09A4698
:1055C000DFF854B180469DF850300D4616460293E0
:1055D000DBF810305345C0F09880DBF80430D1463A
:1055E0000193B9F1000F00F08C80D8F83C30012213
:1055F00007A901985B69984707A814F0F9FADBF846
:105600000030984240F0848007A814F0FDFA042886
:10561000074614D107A814F0FEFA019B029A04462B
:105620003B44002A3ED1864212D9361A14460199CB
:10563000404614F01FF8A9EB04090190D1E7D8F80F
:105640003C30022208A901985B69984708A8E2E764
:10565000841B9F19544528BF5446032CAAEB040A07
:105660004FEA94021CD9D8F83C302946384604F059
:1056700003065B69984724F003031F441D44002E72
:10568000D5D0D8F83C30012208A938465B69984744
:105690003246284608A9354415F00CFB0026C6E71B
:1056A0002646ECE700F003020344074603922A185B
:1056B00005930492049BDD1B059BD81B039B9F4213
:1056C0000FD1002FB3D0D8F83C30012208A95B6974
:1056D00098473A4608A9284615F0A9FA78B93D44F2
:1056E000A5E7D8F83C30012208A95B699847042255
:1056F00008A9284615F09BFA08B9043FDAE7DFF855
:105700001C9048460BB0BDE8F08FDFF81490F8E726
:10571000DFF81090F5E700BF8C1F002012E000F0CA
:1057200011E000F022E000F02DE9F0410F4688B0D2
:1057300016469846044660B390F83450FDB10121F6
:1057400013F0D0FE0E9B0021CDF804800496CDE925
:1057500002379DF83C308DF81C30237CCDE90511D3
:105760008BB901AA0C4904F1080000F00FFFE06BAF
:10577000DDE90553002E08BF1D4614F076F82846D3
:1057800008B0BDE8F08101AB044A2046FFF7F8FD00
:10579000EDE70546F3E700BF199802004D550100FB
:1057A0002DE9F04F99B00F46044609920A69416C01
:1057B0000E93D31D1439B3FBF1F3013302EBC30293
:1057C000036B9342C0F00F820023DFF824940D9303
:1057D000E36A48461946079300F044FFD7E90336C9
:1057E00004930E9B022B4ED1CC2E40F08C81099B52
:1057F000002B42D03946204614F095F8656C079A84
:105800006B1E14901340ED1AE36B012216A9786801
:105810005B69984716A814F0EFF900280CBF042321
:105820000823782E06933FD9012300254FF0080A5C
:1058300005933B6805990E98C9F80030C9F81060C7
:1058400014F0FCF94FEA9A03DDF81CB089F8140053
:10585000109300230B930F9308930C93616C4A1ED3
:105860000BEA02028B1A002E3AD05544AB4242D8C2
:10587000236B5B1A13442363ADE0049B1B681493F2
:1058800008230693D0E7656C782E079A05F1FF335D
:1058900003EA0203A5EB030516D8FB7D7BB9099B40
:1058A000002BB1D104230693331DAB4210D9A6B10E
:1058B000082DB9D804250023AA460593B9E7099B0A
:1058C000002BA1D10823EEE7099B002B9CD1D7E741
:1058D000002505954FF0040AABE704250596F9E786
:1058E0005345C5D30BEB0A03B0460393089B002B2B
:1058F00018BF032313E0A3EB0A03B0460BEB0A0225
:105900009E42039228BF98469E42EFD9D9F81020B4
:105910000123964289F8173071D1C9F804B0089371
:1059200099F81730002B6CD099F818200899D31CDF
:10593000013209EBC30389F81820C3F804B0A3F8B7
:1059400008809972B8F1000F14D00E9B022B5BD126
:105950000B9B7BB90F9B4344032B0BD9E36B0122B9
:1059600014A903989B6998470546002840F03D819B
:1059700001230B93089B16A80193059B00934346B4
:1059800099F81420396800F023FEE36B109A16A9E9
:105990009B6958469847051E0D9B18BF5B465246AB
:1059A0000D9359464346204613F091FE236B08F1B0
:1059B0000302C9F80800A3EB0A0322F003029B1AB2
:1059C0002363002D40F011810F9BA6EB0806DDF844
:1059D0000CB043440F935946204613F04BFE00256C
:1059E0008346002E7FF43AAF814A04F108003968FB
:1059F00093685268E3620E9B00F078FDDEE00223BC
:105A00008DE7C9F804B09DE7099B002B30D1049BBA
:105A1000B8F1030F43440A9327D9E36B4FEA980286
:105A20009B69DDE9030198470546002865D118F018
:105A300003025FD028F00305049B2B440493039BCF
:105A40001D444FF0FF33049915A8159315F032F952
:105A5000E36B2846012215A99B6998470A9B0546D6
:105A60000493002D86D0039B99E7039D4246E8E707
:105A7000039B0A9307F120031193FB7D78689BB188
:105A80003D7E00230C9AD9B28D4211D9119903F1B0
:105A9000010C31F83310914226D907EBC303069964
:105AA000D8690A44104403E00C9B069A1344184436
:105AB000E36B012215A95B699847159B012213A985
:105AC00013930C9B0A9804330C93E36B9B699847E0
:105AD000039B0A9A054643449B1A042B07D978B9BD
:105AE000134604330A93C8E7521A6346CBE70A9B6E
:105AF0000393B6E70A9B04933CE70A9B0493B2E73F
:105B00000A9B0393AFE73B4E04F10803039323681A
:105B1000079A606CA2EB030ABAFBF0FA00FB0A30AA
:105B200014F042F9E16A8046204613F0A3FDA26A10
:105B300082424AD0626CD9F80830511E2568E06272
:105B40000B40216B891A0B4423630D9B5D1BB5FB36
:105B5000F2F5AA4536D1079BB3EB080A12D0E36BE6
:105B60004FEA9A0241469B699847E36A079A83463F
:105B700053440398DA46E362236B9B1A434423633E
:105B800013F0B0FF2368616CE06B01FB053114F08A
:105B900080F8204613F0B1FC204613F0AFFD2063DF
:105BA000BAF1000F11D03A69616CD31D1439B3FBFF
:105BB000F1F3013302EBC3029042A8D2304619B090
:105BC000BDE8F08F4FF0000ADCE73A69616CD31D45
:105BD0001439B3FBF1F3013302EBC302236B93429D
:105BE000BFF4F6ADEAE7044EE8E72E468CE700BFC7
:105BF000E41F002023E000F006E000F02DE9F34769
:105C00001E46436904468846B34217469DF82890CD
:105C10003DD300258DF80750D4F830A0204613F06E
:105C200038FC82450AD2236AB5EB430F06D2002224
:105C30000DF107012046FFF7DFFB30B39DF8073079
:105C4000012B05D100220DF107012046FFF7D4FBFF
:105C5000B9F1030F06D0256B3146204613F004FC42
:105C6000854218D30D4D4FF0FF31284600F0FAFC65
:105C70004B46002229462046C5F80080C5E9037638
:105C800002B0BDE8F047FFF78BBD0135C4E704481B
:105C900002B0BDE8F0870348FAE700BFB81F002054
:105CA0000FE000F006E000F0032A2DE9F34106467C
:105CB0000D4617461C4606D1237A012B23D001201E
:105CC00002B0BDE8F081DFF860800DF107030968DC
:105CD0004246FFF7A9FA60600028EDD19DF8072041
:105CE000237A032AE8D0D8F804106A689142E3D1F5
:105CF000012B2969D4F80CC007D10CEB01037269A0
:105D0000934202D92074207CDAE708313B46012215
:105D100030466144E1602946FFF742FD606000289B
:105D2000CAD00020CCE700BFB81F00202DE9F34106
:105D3000089C032A1746266806D1237A012B24D013
:105D4000012002B0BDE8F081DFF890800DF107037B
:105D500030464246FFF768FA60600028EDD12568BA
:105D6000D8F80400A96AD5F844C04840227ACCF19A
:105D700000031840E1D1012A09D1E268D8F81030B7
:105D800013447269934202D92074207CD9E72868B1
:105D9000EB6A1B1A081AB3FBFCF3B0FBFCF083425E
:105DA0000BD1706CF36A421E1340326B121A2846F4
:105DB0001344336313F05EFCE862D8F81020E36804
:105DC00008320649206813440122E3603B46FFF78E
:105DD000E7FC60600028B0D00020B2E7B81F0020C8
:105DE0002DE9F04F4FF0FF334FF6FF72002500F121
:105DF0000806044687B0C3620F4605620563C0E922
:105E00000923304613F06EFE204613F076FB28BBC4
:105E10002046394613F0F1FB204613F06EFB28BBF9
:105E20008A4D204613F09DFCECE0E26B01A923684B
:105E3000606CD2F814C0052200FB0530E04701A8D1
:105E400013F082FF012828D12946204613F0A6FB33
:105E5000421C2946204613F06FFB0135E3699D4241
:105E6000E3D3204613F049FB0028D1D000254FF0A2
:105E7000FF394FF6FF73CA46A846C4E90853E369E1
:105E8000984514D3A5EB0905012D37D8636A4FF661
:105E9000FF72934247D16E4DC3E713F07FFF002896
:105EA000DBD02946204613F079FB0246D1E7236870
:105EB00001A9E26B606C5769052200FB0830B84706
:105EC00001A813F041FF834601A813F014FF074611
:105ED000584613F05EFF70B15745236ABA4638BF83
:105EE000C4F82480B94503F1010328BFB946BD4277
:105EF000236238BF3D4608F10108C0E74FF6FF7343
:105F000000256362E3699D42C0D2676C0522206868
:105F100001A9E36B07FB050001355B69984701A800
:105F200013F0E9FEEEE7E26B01A9676C20685569A2
:105F3000052207FB0300A84701A813F0DCFE626AF4
:105F40002368606C434D00FB023013F02DFF4FF0CF
:105F5000FF33A0622A46E3626FF001010DF10303F3
:105F60002046FFF761F9002850D1AD682946204648
:105F7000E56213F09EFA206320B9E16A204613F02F
:105F800079FBE0622946204613F074FB0546A36ABC
:105F90009D423DD165692046626CE91C143AB1FB13
:105FA000F2F105EBC1050335B5FBF2F5023513F04F
:105FB000D8FB8046A8423DD2616A204613F0CDFA54
:105FC0000027064604F1400A474512D3626C01A936
:105FD000236802FB0639E36B05225B694846984754
:105FE00001A813F088FE534602464946E06B13F0C1
:105FF000DDFE01373146204613F0AFFAAF420646C8
:10600000E2D3154D284607B0BDE8F08FA56AADE78D
:106010002946204613F04DFA236B074629460344D0
:106020002046236313F026FB0546002FAFD1C4E9B9
:106030000B07ACE73046002513F054FD0023074A58
:1060400020461946FFF79CF9EBE600BF03E000F09D
:1060500016E000F0B81F002013E000F0B597020032
:10606000634A00232DE9F04117680E460446136089
:1060700018B9604D2846BDE8F08190F834500DB352
:1060800009680268914240F0AA80716842689142B2
:1060900040F0A580B1688268914240F0A080F1682C
:1060A000C268914240F09B8031694269914240F060
:1060B0009680B169C26B914240F0918072691D4631
:1060C0008261D7E750222946D0F8388014F0D9FDF4
:1060D000336804F10800C4F8388023607368636093
:1060E000336963617369D6E90212A36113F00CFD91
:1060F000B36904F14000E3639B68984794F8432038
:1061000020B1E561002AB4D03B4DB3E7656C002DAA
:10611000F7D06668B6FBF5F3E361002AA9D0B54273
:10612000F2D82268B2FBF5F105FB1122002A58D102
:1061300005FB1363002B54D1204613F0AAF9A36981
:10614000043303449E424ED3636940F63472CC3B21
:1061500093424AD8B5F5007FD6D30321204613F0E9
:10616000C1F9E36BD4E900011B689847E36B05466E
:106170000220DB6898471DB1002384F834301EE00C
:1061800039462046FFF72CFE1C4B0546984204D1A9
:1061900039462046FFF724FE0546636C143B002D6C
:1061A000EAD1226A204602FB03F613F072F9A369D2
:1061B000043303449E4206D284F83450104DE06B01
:1061C00013F053FB56E70F4A012384F83430136869
:1061D0000133D4E9000113600AF0E4FDEFE70A4D52
:1061E00048E70A4D46E7064D44E7094D42E700BF40
:1061F0002C28002009E000F004E000F013E000F09B
:1062000002E000F02828002008E000F001E000F0A3
:1062100005E000F02DE9FF410F4690461E46054679
:1062200098B390F8343093B3B1F5801F31D21A4C43
:10623000022113F057F90DF10F0322463946284683
:10624000FEF7F2FF024678B101234246394628465E
:1062500000933346FFF7D2FC0446E86B13F005FBCE
:10626000204604B0BDE8F0819DF80F30012BEBD142
:106270002169B142E8D10093414633462846FFF7F1
:106280009BF904460028DFD1E7E7044CE8E7044C1B
:10629000E6E7044CE4E700BF8C1F002009E000F0B3
:1062A00007E000F00AE000F02DE9FF410C46164639
:1062B0001F46054688B390F8343083B3B1F5801F8C
:1062C0002FD2DFF87C80012113F00CF921460DF16B
:1062D0000F0342462846FEF7A7FF044670B99DF813
:1062E0000F30012B11D1D8F81030BB4213D1024628
:1062F000009031462846FFF75FF90446E86B13F03B
:10630000B4FA204604B0BDE8F081074C074A022BDE
:1063100008BF1446F2E7064CF0E7064CF1E7064CDE
:10632000EFE7064CEDE700BF0BE000F00CE000F0FB
:1063300011E000F009E000F007E000F00AE000F0F2
:106340008C1F00202DE9F04385B00C4617461E46F1
:10635000DDF830800546A0B390F834309BB3B1F53A
:10636000801F32D2DFF88090012113F0BBF8214664
:106370000DF10F034A462846FEF756FF044688B93A
:106380009DF80F30012B14D106EB0803D9F810202B
:106390009A4214D300904346324639462846FFF7C6
:1063A0000BF90446E86B13F060FA204605B0BDE82F
:1063B000F083074C074A022B08BF1446F2E7064C4D
:1063C000F0E7064CF1E7064CEFE7064CEDE700BFBF
:1063D0000BE000F00CE000F011E000F009E000F04C
:1063E00007E000F00AE000F08C1F00202DE9F341E7
:1063F0001F4600230C46164605463B6050B390F8F6
:1064000034304BB3B1F5801F28D2DFF8648001210E
:1064100013F068F821460DF1070342462846FEF7BF
:1064200003FF0446A0B99DF80730032B10D0022BC0
:106430000AD10123336004233B60E86B13F015FAA3
:10644000204602B0BDE8F081D8F810303060F3E7A4
:10645000034CF2E7034CF3E7034CF1E7034CEFE79F
:106460000BE000F009E000F007E000F00AE000F0C7
:106470008C1F002030B50C4685B0054628B390F837
:10648000343023B3B1F5801F23D2022113F02AF850
:106490000DF10F03104A21462846FEF7C5FE0346BC
:1064A00088B99DF80F20032A0DD0032221460092BF
:1064B00002462846FFF7A2FB0446E86B13F0D5F925
:1064C000204605B030BD054CF7E7054CF8E7054C14
:1064D000F6E7054CF4E700BF8C1F00200BE000F04E
:1064E00009E000F007E000F00AE000F02DE9F041DB
:1064F0004668002E46D005684FF0000CA846AE4610
:1065000055F83C400CF1010CC4F31307013401D0E1
:10651000B94218D0B4450EF1080EF1D12F4600242F
:1065200003E0B44207F1080713D055F834C0013432
:10653000BCF1FF3FF5D1C1F313017A6041EA035189
:106540003960BDE8F08141EA0353CEE90032BDE88D
:10655000F081032B16D0002403E0B44208F10808B0
:1065600010D055F834700134C7F30757032FF4D116
:10657000C1F31301C8F8042041EA0353C8F80030FE
:10658000BDE8F08101230372BDE8F0812DE9F043FD
:10659000476883B0C7B106468846914600243368F1
:1065A000304653F8345003EBC4030134C5F30752AB
:1065B000C5F31301013505D05B68CDF80090C047E5
:1065C00010B17768BC42EAD303B0BDE8F08300BFE6
:1065D00073B5012A044622489DF8185000EAC111FB
:1065E00023F07C4007D9961E012E28D9073303F0EB
:1065F0007F03194308E09DF81C300A43DB0603F0D3
:10660000C053134343F060410023C4E900108DF8E8
:106610000730B5B1202221460DF1070013F01BFB16
:106620001A220DF10700211D13F015FB63689DF878
:106630000720082043EA8263636002B070BD114303
:10664000E2E71B220DF10700214613F004FB23684B
:106650009DF80720042043EAC2632360EDE700BFF2
:1066600080FFFF0738B5094B0D46002104461A6824
:1066700014F007FB00234FF0FF322361A260E38296
:106680002383A376C4E9002538BD00BF4CC40200B3
:106690000138C0B205289ABF014B185C0120704731
:1066A00054C902002DE9F0410E46596888B00746EA
:1066B0001546490A0024012922464FEA510104F1F6
:1066C0000104F8D8DC78520399784FF000082403CD
:1066D0001B88C9020DF1070004F48054C3F30A03B8
:1066E00001F4006192B28DF807800C4302A92344A3
:1066F0009C18254B1B22039325F07843ED436FEA4A
:106700000444029313F0A7FA9DF8072025F078457A
:10671000029B02A90DF10700029543EAC2631B2206
:106720008DF807806FEA1444049313F094FA9DF8EF
:10673000072007A9029B06F11000079443EAC263F1
:10674000012205934FF0FF330693BB699847044637
:10675000BB6905A9012206F108009847404518BF0A
:106760000446BB6904A90122301D9847404518BF63
:106770000446BB69012203A930469847404508BF3B
:10678000204608B0BDE8F08101009AB21046044AE4
:106790001368591E033102D8002111601847704751
:1067A000540C0020034B1868034B002808BF184600
:1067B000704700BF3028002008CA0200014813F0CB
:1067C0005ABC00BF3828002013B50B4C02292260A8
:1067D00005D10A4813F04FFC002002B010BD0A4654
:1067E00000930146064B054813F027FC003818BFFC
:1067F00001204000F1E700BF540C002038280020A1
:106800008D670100014813F049BC00BF3828002003
:106810000021014813F064BC3828002008B5064B5D
:106820001B68013305D0FFF7EDFF80F00100C0B217
:1068300008BD0020FCE700BF540C0020F8B50D4651
:1068400010B900242046F8BD0E4F3E68002EF8D146
:1068500000F0A2F804460028F3D0386000F0E8F811
:10686000204613F0EEFA38B130463E6000F0E0F812
:10687000204613F0E1FAE4E7002DE3D02046A847D4
:10688000E0E700BF34280020024B1868003818BF2A
:10689000012070473428002038B50C4601F088FFED
:1068A000A3780B4A13705A1E55425541A8420CD08A
:1068B000012B04D02846BDE8384001F05BBF2046DC
:1068C00001F02AFF0028F5D038BD0020FCE700BF0A
:1068D0001F2E00200021024B08465B68184700BFAE
:1068E000680C002010B50446FFF75CFF0C4B1A1A29
:1068F00053425341A34201D1012010BD094B1B68F3
:106900003BB9094A064B002C08BF1346074A1360DF
:10691000F2E713F0A0FC0028F3D00020EDE700BF61
:10692000E0C902003428002008CA020030280020F4
:1069300010B513F081FD044618B9034B01215B68C3
:106940009847204610BD00BF680C002010B513F01A
:106950007CFD20B9BDE81040014B1B68184710BDF5
:10696000680C002010B513F0E7FA20B9BDE810401C
:10697000014B1B68184710BD680C0020431E0333F1
:1069800006D8044B984228BF1846642838BF6420B4
:10699000704700BF40420F00F8B505460AF0BEFA46
:1069A00007460F4B1E6826B938460AF0C3FA34462C
:1069B00011E0B4688CB194F810C01CF0010F0CD138
:1069C0004CF0010C95E80F0084F810C084E80F002B
:1069D00038460AF0AFFA2046F8BD3668E3E700BF54
:1069E0005C0C002038B505460C4641B10B6833B14C
:1069F0001B68013303D0CB680BB18B684BB902F035
:106A0000AFFEBDE838404FF492724121002000F003
:106A1000C9B9084602F00EFF0023044A85F8103178
:106A2000C5E93043C2E9003338BD00BF98120020E9
:106A300010B5044618B9054B054A136010BD00F0A7
:106A4000E5FED4F8CC30002BF6D1F4E7219E02000D
:106A5000580C002010B50C4600F016FF054B002125
:106A600003205B6898471CB102F036F80128FBD17F
:106A700010BD00BF680C002008B502460868FFF78B
:106A80007DFF08604868FFF779FF48608868FFF776
:106A900075FF8860C868FFF771FF0B69C860581CF4
:106AA00003D00B48834228BF03460B614B69581C37
:106AB00003D00748834228BF034688694B61FFF72C
:106AC0005DFFBDE808408861104601F0A9BD00BF28
:106AD00040420F002DE9F84FD0F8C43006460F466B
:106AE00013B1038B8B4244D0D6F8C0B0BBF1000F7A
:106AF00042D0DBF80830002B3ED0DBF80C10002928
:106B00003AD0D6F8D4A0BAF1000F38D04FF000092F
:106B10004D46C84601E0DBF8083005EBC50203EB43
:106B20008204E3890135BB4214D8238ABB4211D3C6
:106B3000B4F91220B6F92430934250DD304696F86D
:106B40000411EFF783FC737D81468342A04606D98A
:106B5000DBF80C108D42DED3B8F1000F39D00023E2
:106B6000424630461946D0473783C6F8C48086F877
:106B70000D910020BDE8F88F0320BDE8F88FD146C5
:106B800047F6FF755446524604EBC40803EB8808E9
:106B9000B8F80E30BB4216D8B8F81030BB4212D34A
:106BA000B8F91220AA4202D14FF0FF09DCE73046C3
:106BB00096F80411EFF74AFC737D81468342D3D9DE
:106BC0004246DBF80C100134A14204D9DBF808304E
:106BD000DAE70120CEE7002AFBD09046C4E7A046C2
:106BE000BDE700BF2DE9F04782B00446894616464E
:106BF00001F020FF002847D13B4D2B68D4F8C0A0FE
:106C0000D4F8C4700BB153454FD04FF00008C5F80D
:106C1000089001F061FF01283AD12B68DAF80010E2
:106C20003A6813B1186888424AD0204613F0D1FB65
:106C3000C5E900A7D4F8D4508DF80760002D46D0E0
:106C40000022204611460DF10703A847204601F017
:106C5000A3F90546B8F1000F00D08EB1B5FA85F062
:106C600040F2DE323321400900F09CF831462046E4
:106C700001F09AFB1D4B0546394620461B68984794
:106C8000284602B0BDE8F0870023174D6B60B4E7DB
:106C9000012000F0F9FD164B002103205B689847A6
:106CA00001F01AFF0128FBD1B7E76B68002BACD0CD
:106CB000BB42AAD1AB68994514D04FF00108A6E7B2
:106CC000696811B109689142B2D05968ADE7617D38
:106CD00094F80D313246994228BF1946204601F0FA
:106CE000E1F8B3E70025CBE798120020580C00200C
:106CF000680C0020F8B50E4605460AF00FF931463B
:106D000007462846FFF7E6FE044620B138460AF05B
:106D100011F92046F8BD01F06DFE224631462846A5
:106D2000FFF760FF044638460AF004F92046F8BD34
:106D300013B50446694613F037F9204613F0BEFA3E
:106D4000FF28024606D020469DF80010EFF790FC81
:106D500002B010BD0048FBE70080FFFF4FF4007356
:106D600007B50A490DF10602ADF8063013F038F9FF
:106D7000BDF80630B3F5007F05D1022808BF00201A
:106D800003B05DF804FB0120FAE700BF50280020A3
:106D9000024B1960024B1860FEE700BF600C002038
:106DA000502A002008B550B90548064B01601A600A
:106DB000054B1A68054B1A601868FFF7E9FF08BD14
:106DC000600C0020542A002034280020502A002083
:106DD000054B1B680BB918467047834201D01B69ED
:106DE000F8E70120704700BF5C2A0020094A1368B9
:106DF0000BB918467047834207D11B690120136005
:106E0000054A1368013B1360704703F110021B69C8
:106E1000EEE700BF5C2A0020582A00202DE9F74F3A
:106E200006460AF091F8DFF82881012398F800B0AF
:106E3000DFF820910190BBF1000F06D089F80030F7
:106E400003B0BDE8F04F0AF08FB83F4F88F800302C
:106E500089F800B013F092F908B113F08DF93D688C
:106E60003A495DB9DFF8F0A0DAF800200024AA4220
:106E70003B682FD84FF0FF3134483BE06B7D8BB13E
:106E80002B68B34202D09A1B8A420BD96A6813441A
:106E90002B60AB68003A18BF0122003B18BF0123EA
:106EA0006A75AB752D69DCE7907D20B1107D884255
:106EB0009CBF014614461269002AF5D1002CD9D096
:106EC000D4E90001A275411AD4E90232204698475C
:106ED0000135C9E71A46FF21EEE75A7D4AB11A6823
:106EE000B24224D0921B824221D8914201D3114652
:106EF0001C461B69002BF0D15CB12046FFF776FFE2
:106F000038B13B683C602361DAF800300133CAF8DD
:106F100000303B685A7D6AB913F02CF9064699F89F
:106F20000030002B94D1019888F8003088E71C4687
:106F30000021DEE7186800F0D3F8044613F01AF9D0
:106F40000646002C84D1EAE75C2A0020FCFFFFBF44
:106F5000212E0020202E0020582A002038B505467A
:106F600008B31822002113F08CFE09F0EDFF024651
:106F70002846FFF72DFF20B1104609F0F5FF02204B
:106F800038BD0A4B1C6854B909491D600B6810468E
:106F900001332C610B6009F0E7FF2046F0E704F1B4
:106FA00010032469EFE70120EAE700BF5C2A002014
:106FB000582A002038B50446FFF70AFF09F0C4FF3D
:106FC00005462046FFF704FF637D23B9284609F0F4
:106FD000CBFF032038BD00236375064B1B68A3421B
:106FE00003D113F0C7F8FFF719FF284609F0BCFFDB
:106FF0000020EFE75C2A00202DE9F84FDDF828900B
:10700000984604460D469246FFF7E2FEDDF830B0A2
:1070100009F09AFF074613F0ADF806462046FFF741
:10702000D7FE637D23B12046FFF7C4FF0023A3757D
:10703000BAF1010F23D175B9B8F1000F21D1B9F11F
:10704000000F03D05A4631462046C847384609F05B
:107050008BFF002019E035440D4BAA1B9A4210D833
:10706000012363759DF82C303046C4E90058C4F8FC
:1070700008902375C4F80CB0FFF7D0FEE6E7AE42E7
:10708000EAD1384609F070FF0120BDE8F88F00BF53
:10709000FCFFFFBF2DE9F04107468846FFF798FE49
:1070A00009F052FF3D68064613F064F87B7D7BB122
:1070B00085420DD0094B2C1A9C4209D8304609F064
:1070C00053FFB8F1010F08BF25462846BDE8F081FF
:1070D000304609F049FF0025F7E700BFFCFFFFBF7E
:1070E00008B50023044A194600F086FD10B10128B6
:1070F00018BF032008BD00BF3FA102000E232DE9E9
:10710000F74F06460F46144600254FF00609DFF8F4
:1071100054801370EBB209FB03F3D8F80010CA18BF
:107120005079012807D92078A0F10E035842584120
:1071300003B0BDE8F08F31F903B01179B2F902A0C4
:1071400030460022019112F0DEFF019908B90135A5
:10715000E0E72170B7F900305B45F8DB5345F6DC1A
:107160000020E5E7640C0020014913F009B800BFD6
:10717000E98C0100014913F003B800BFBD8C010088
:1071800070B5164E032804460D4633781ED023FAF8
:1071900004F202F00102AA421DD053B10122A24022
:1071A000A54023EA02032B43DBB233704BB101202D
:1071B00070BD2DB10A4B01201B6898473378EDE76D
:1071C0003570074B00201B689847F0E79A07DED020
:1071D00003F0FC03E9E7002070BD00BF232E002070
:1071E0009C2A0020F8B505460C4609F097FE104F82
:1071F00006463B7833B1012D04D01CB90D48F3F796
:1072000017F83C7021462846FFF7BAFF0A4B0446A0
:107210001B783BB93B782BB913F00CF910B1074B35
:107220001B689847304609F085FE2046F8BD00BF30
:10723000242E0020702A0020232E0020680C00201D
:10724000054A0B46117831B100211170034A012122
:107250005268187810477047242E0020680C0020D0
:1072600038B5074D04462B78834207D001F01EFC49
:1072700020462C70BDE83840F2F75EB938BD00BF3B
:10728000222E002038B5044680B109F047FE0121C6
:1072900004460846F2F7DEF801210B4A08460BF0D7
:1072A0009BFE2046BDE8384009F044BE09F036FE9A
:1072B000054621460120F2F7CDF801202146024A79
:1072C0000BF08AFE2846EDE74ECA02001B4B02294E
:1072D00010B5187002D0032904D010BD184B1B78CC
:1072E000002BFAD1FFF7D0FA0028F6D04FF0005269
:1072F000144BC3F88020BFF34F8FBFF36F8F01F0A3
:10730000ADFB0028E9D001F017FA0028E5D10E4BBB
:107310001C6834B123689847BDE81040002001F094
:10732000B9BB12F086FE094B18600BF0E9FE084B62
:107330001860204601F09AFBEEE700BF8F0E002098
:10734000222E002000E100E0BC2A0020982A002024
:10735000942A002038B504460D46FFF795FA80B10F
:107360004FF00052124B1A6001F078FB48B9012D22
:1073700007D8012001F08EFB0E4B1B6823B15B6820
:1073800098470D4B1C7038BD0BF0BAFE0B4B1A68BA
:10739000801A1860F3F770F84FF47A72084B1B6884
:1073A00002FB003012F047FE012001F05FFBE8E72E
:1073B00000E100E0BC2A00208F0E0020942A00206B
:1073C000982A0020F0B585B009F0A8FD304D04469C
:1073D0002B7823B12F48F2F72BFF00284BD1F3F77E
:1073E0000BF802AA03A913F00FF80346002833D0C4
:1073F00013F01EF8029B98421ED10020264B0399E1
:107400001B68264E9942307022D90027C91A0123E1
:1074100020482B70224A3346CDE900770BF016FE48
:10742000002830D11F4A1378D90718D4204609F014
:1074300081FD002005B0F0BD12F0F8FF029B9842DC
:107440001FD0002318461449144A09681370039189
:107450000121FFF795FEE9E720462B70E7E7317839
:107460000029E3D103F0FE031370002BDED10E4B95
:107470001B689847DAE7204609F05CFD032005B059
:10748000F0BD0220BAE7032320462F703370F3E7E4
:10749000242E0020702A0020902A00208E0E00202A
:1074A00041720100232E00209C2A002070B509F0B3
:1074B00035FD164D04462B780BBB154A1549137044
:1074C000154B164A16481A60164A174E5A60F2F7BC
:1074D0009DF816491648F2F799F8164B802033604C
:1074E000ECF7C4FE052804BF134B3360134B5B6FEE
:1074F0009B0542BF0222124B1A6001232B70F2F748
:10750000DFFD204609F016FD002070BD252E00206D
:10751000242E002054CA0200680C0020C57301000C
:10752000602A0020E57101009C2A00205CCA02004C
:10753000682A00206172010085720100004000503D
:10754000902A002037B50C46234D59B90A46072129
:1075500005F08CFE214BAC645C6003B0BDE83040AC
:1075600005F0A2BE0722114605F080FE07221C4B43
:107570000121DA60237901A885F848306379019305
:1075800013F0B9F9019BC2B2D34000F00F0040EAFA
:10759000031085F84900A27985F84A20E27985F838
:1075A0004B202068E86401939BB1012102888B4243
:1075B00008D82379013B13440A4A136205F074FE8C
:1075C00003B030BD30F811500131AA4228BF2A461D
:1075D000EDE71A46EDE700BF003F00B0483F00B0BE
:1075E000006000B8004000B810B5054C237823B106
:1075F00003F018FC0020207010BD0320FCE700BF42
:10760000272E002008B503F0DBFB0122014B0020F0
:107610001A7008BD272E0020431C07D06FF0FF0210
:10762000034B10405A62A3F580535862704700BF65
:1076300000E000B810B504234FF03A4101240A4A93
:10764000D1F81801C2F81831C2F814314C634FF464
:1076500000511163410742BFC2F81431A2F58052B4
:10766000C2F8183110BD00BF002000BA00F01803A6
:10767000182B0AD003070AD440F2011310F01000AF
:1076800018BF1846034BD86770470020FAE701205F
:10769000F8E700BF003F00B0344B2DE9F7431E6808
:1076A00001F4007900F00103174653EA0902054688
:1076B0000C462ED04FF0000803B300230022012017
:1076C0000021CDE9008804F005FC4146304603F076
:1076D0002FF9414670830120FFF7BCF9716B06F169
:1076E000D80003F09FF922490868FFF795FF4FF093
:1076F000FF330B60337C43F004033374B9F1000FA4
:1077000007D00121304612F053FC24F400740543E5
:107710000C43D6E94A232A40234052EA030103D00E
:107720001449304609688847FB070FD51249134AA8
:1077300008680021136811600121114A117003B11A
:107740009847104B002102205B68984717F00E0FF6
:1077500008D040F2F3123B21002003B0BDE8F04313
:10776000FFF720BB03B0BDE8F08300BF3428002042
:10777000700C0020740C0020B02A0020B42A0020D5
:10778000292E0020680C0020F7B504461046D4E9E5
:107790004AC7DDE908268CEA020587EA06010540AA
:1077A000194085EA0C057940C4E94A51002523F4C3
:1077B000004106EA010320F0010043F40073024097
:1077C00043F00203CDE9005504F084FB237C9A07C3
:1077D00017D5D4F82C319B0513D54FF488112046CA
:1077E00012F0E6FB237C65F341032374D4E94A23BA
:1077F00002400B4052EA030103D0034920460968C6
:107800008847002003B0F0BD740C002038B1036835
:10781000044A002B08BF1346034A13607047014B0C
:10782000FAE700BF25A20200740C0020024B986EFC
:1078300000F00F00704700BF003F00B00F2938B5BF
:1078400005460C460ED801F047F901280CD1074A2D
:107850002846936E23F00F032343936612F008FE2D
:10786000002038BD0120FCE70220FAE7003F00B00D
:10787000014BD86E704700BF003F00B0014B0020A5
:10788000D9667047003F00B003282DE9F7434CD874
:10789000274B13F80080274B1E5C274B13F80090F2
:1078A00009F03CFB074604F0E3FC054640B1002329
:1078B0000022CDE9003301200023002104F00AFB5F
:1078C00004F0DEFC48B100230022CDE900330020A3
:1078D00000234FF4004104F0FDFA26B3174BDC6C93
:1078E00004F00804164B3146DC64404604F0D6FE32
:1078F0004A463146404604F05DFF124BDC6465B1F8
:10790000114B1868416BD83003F08CF80F490868A8
:10791000FFF782FE4FF0FF330B60384603B0BDE83F
:10792000F04309F007BB3446DCE703B0BDE8F08361
:107930006CCA020068CA020064CA0200004000B8B3
:10794000006000B8005000B834280020700C0020FF
:107950000F4A136C13F0A00F15D1506C10F00400F7
:1079600013D10C4BD3F8EC3E23F07F4323F0FF03FD
:107970005BB1D368C3F30362092A07D0B2F10C00EC
:1079800018BF01207047002070470120704700BFDA
:10799000000002B8003000B070B504460D4616462F
:1079A0002BB1FFF747FE2946204601F08FFA4FF032
:1079B0003A420124D368D26A03F0070306339C409D
:1079C000C2F30C03E41AA4B2B44228BF34462946D9
:1079D0002246024801F0C4FB204670BD0C0000BAEC
:1079E00070B50D46064620B9194B1B68A3B103209C
:1079F00011E001F071F8012828D1164B93F90040ED
:107A0000C4F12704641BC4F11C03002BB8BF5B4204
:107A1000232B0CDD012070BDA1F10B03002BB8BF9F
:107A20005B42232BF6DC0B4B19700020F3E7B57497
:107A300009F074FA084AE402136A04F4FF2423F4F8
:107A4000FF231C43146209F075FAEEE70220E2E717
:107A500034280020262E002000C000B8094B08461C
:107A60005A6A91020BD4D3F80021D20708D4D3F874
:107A7000803013F4706F14BF012000207047012084
:107A8000704700BF004001B8F8B50D46436B02EAED
:107A9000010423EA0103234343633D4A01F00B033E
:107AA00023EA0401D1642340A2F580526F07064601
:107AB000D36410D50121FFF7D1FF60B104F090FD30
:107AC0004FF4007314F0040F14BF324A324A536269
:107AD0000422324B1A64E90606D514F0100F14BFC5
:107AE00000221B222E4B5A652A061DD5230616D5C9
:107AF0004FF40012274B1A62012203F58053C3F89A
:107B0000002109F00BFA0E210746032002F0D6FEF1
:107B100040F20122224B3846DA6209F00BFA214684
:107B200006F1D80002F07EFFEF0503D5E00529D568
:107B300002F094FEA90503D5A20526D502F09AFE0F
:107B400015F0600F09D0D6F8C810304612F06BFB64
:107B50008022144B9867144B1A612B0510D504F042
:107B60003FFD124A14F4006FD2F8EC3E14BF43F00C
:107B7000006323F00063C2F8EC3E0422074B1A6452
:107B80000020F8BD02F064FED4E702F06DFED7E7F6
:107B9000006000B8005001B8006001B8002002B8D1
:107BA000004000B8003F00B0000002B8003000B054
:107BB000014B1868704700BFAC2A002037B501237D
:107BC00000240022CDE9003400231046194604F0B9
:107BD00081F9022002F0ECF9054D064B21461C60AC
:107BE00002206B6898472B6803B0BDE83040184707
:107BF000680C0020B42A00202DE9FF4102290C4620
:107C000015469846039005D1FFF7D8FF002004B031
:107C1000BDE8F08109F082F9184E074633683BB1A0
:107C2000AB4205D009F086F9002301203360EEE76E
:107C3000134B0022C3F8008001233560CDE90033E7
:107C4000002300251046194604F044F90D4B02208C
:107C50001D7002F0ADF922462B4603A9022002F066
:107C6000C5F90446084B039A1A60084B1B689847ED
:107C7000384609F05FF9002CC8D1D5E7B42A0020B6
:107C8000B02A0020292E0020AC2A0020680C0020F9
:107C9000044B5B6E5B054EBF0120034B187800F070
:107CA0000100704700C001B8292E0020014B186A5E
:107CB00002F016BE004001B8014B186A12F0FBBC7E
:107CC000004001B8437C5A1F012A01D9082B05D175
:107CD0004B7C2BB1012B05D0022B05D012F0CEBA74
:107CE00002487047024870470248704720A10700C9
:107CF00048E8010040420F0070B50E4609F00EF949
:107D0000054600F00DFF044620B1284609F012F99F
:107D1000204670BD04F064FC104B3278D3F8EC3E82
:107D2000022A23F0F00315D0101F424242415200B4
:107D300043EA02137278022A0ED0111F4A424A41C6
:107D4000520043EA8213054AC2F8EC3E0422044B77
:107D50001A64DAE70122EBE70122F2E7003000B013
:107D6000002002B870B50E4609F0D8F8054600F0BC
:107D7000EDFE044620B1284609F0DCF8204670BD2F
:107D800004F02EFC104B3278D3F8EC3E022A23F09C
:107D90000F0314D0101F4242424152001343727825
:107DA000022A0ED0111F4A424A41520043EA82037E
:107DB000054AC2F8EC3E0422044B1A64DBE70122B8
:107DC000ECE70122F2E700BF003000B0002002B86B
:107DD0002DE9F8430E780446042E0D4690F80481F0
:107DE0000BD100275FFA87F9484601F091FD08B1F1
:107DF0004E4602E00137042FF4D1304601F088FDF1
:107E0000002845D094F80431B34208D1AA88A36C65
:107E10009A4204D16A88B4F806319A4235D084F87F
:107E20000461AB883046A4F808316B88A4F80631A9
:107E3000AB8804F58275A364FF23A37512F0BFFB22
:107E40006075284601F024FD18BB284601F056FD58
:107E5000F8B9D4F8C43053B194F80411414506D0B0
:107E60002046B3F91220EEF7F1FA84F80D0120460E
:107E700001F090FD0949A4F808010123084AD1F84E
:107E8000FC1004F1D80003F013FE0020BDE8F883D5
:107E900001200E2384F80431F8E700BF004F00B042
:107EA000A43F00B070B5054690F804010C460E28BA
:107EB0001DD0FF291DD01AB14FF0FF320E4B1A60B2
:107EC00012F07DFB064695F8040101F055FD844251
:107ED00028BF0446E4B2B44238BF3446E0B2A875C5
:107EE00001F04CFEA0F1FF035842584170BD022042
:107EF000FCE70120FAE700BF780C002010B590F8ED
:107F0000043104460E2B3ED0D0F8C4304175BBB3CB
:107F1000D0F8D420DAB990F80D318B421DD300226D
:107F20002046FFF7BFFF88B9184B1B7813F0FD0FF1
:107F30000BD1204601F02EFD15490123154AD1F839
:107F4000FC1004F1D80003F0B3FD002010BDB0F91F
:107F50002420B3F912309A42E1DD0022204694F841
:107F60000D11FFF79FFF0028F0D1C4F8C400204690
:107F700011F0ABFF01462046BDE81040FEF7BABE47
:107F8000FF238375E1E70220E0E700BF700E0020C9
:107F9000004F00B0A43F00B0C36B012B01D1002003
:107FA000704770B505464D498EB012F045FBD5F8C7
:107FB000C46001462C8BC5F8C80026B1336813B1E4
:107FC0005B68002B5CD108F0A9FF08F0B3FF012328
:107FD000D5F8C8108DF80E30B389D6E90120E31A20
:107FE0009BB200FB03223E48ADF80C3003680292BE
:107FF000994207D0284612F016F9802239493A4BA7
:1080000088671A61394C384E00F066FD0128FBD1B3
:10801000236CDA07F8D4336CDB01F5D4D5F8C8103B
:1080200028460D919DF80E20029908AB03F034FA12
:1080300018BB08A901A803F047FCF0B92A8B2C4B08
:108040005A642B7C60F341032B7412F048FAD5F884
:10805000C43002465B691968431EDBB2FD2B0491F4
:1080600014D9CC1C12D9234B01311B6815D0D81C54
:1080700010D8284604A904930AE002200EB070BD6F
:108080001A68032A9FD99B6A5B0EA3E7284604A9B6
:1080900012F00FFA00200EB070BDD91C04D828468B
:1080A00004A9049312F005FAD5F82C319B0504D4E9
:1080B0002B7C43F002032B74ECE74FF4803128460D
:1080C00011F076FFD5E94A2302400B4052EA030142
:1080D000E0D00949284609688847DBE7FC4F00B033
:1080E000A02A0020003F00B0000002B800C002B883
:1080F000008001B8840C0020740C002038B590F882
:10810000105104463DB308F009FF1F22124B013DF8
:108110005A621540114A12495562D4F814518D66BD
:10812000D4F81851CD66D1F80011C9070FD54FF01A
:10813000FF31C3F80411216CC2F804114FF0F04173
:10814000C3F81011E37CDB060B40C2F81031BDE828
:10815000384008F0EFBE38BD006001B8005001B8EB
:10816000004001B82DE9F74F06461546084619B9F3
:10817000012003B0BDE8F08F002AF9D0032904D80C
:10818000002101F035FA0028F2D0B0F90010837810
:1081900000290488077990F805B0B0F806C003F00C
:1081A0000702C0F2CE80A2F10708D8F1000141EB2E
:1081B0000801052A297394BF0021C3F30011C3F3FA
:1081C000801069739909287401F00201C3F3C0009B
:1081D0000143C3F340136974AB74EF74736BA5F878
:1081E00014C0D80600F19980063A012A00F2958061
:1081F000554B4FF001095B6D4FF03A431A6DDB6C44
:10820000083C03F00703063309FA03F9002309F1D8
:10821000FF3942F0005804EA090418F804A00134B8
:1082200004EA0904AB60631D03EA09035A1C02EA6D
:10823000090218F8037018F80220BAF1800F737C55
:1082400018BFAAF1320A47EA02270CBF6FF07F0A73
:108250004FFA8AFA3FB2A3B30020D6F8D0300BB160
:10826000514698470134E87385F80EA004EA0904E2
:1082700018F80410013404EA090418F80430013431
:1082800004EA090441EA032118F80430013404EA3D
:10829000090441EA034118F8043041EA036117F484
:1082A000804305D0294BDB6EB3FA83F35B095B0097
:1082B00030466A7C03F0BEFC06232860AB710020C8
:1082C00057E7F90425D5D6F8C830ABB11A68022AA9
:1082D00012D993F82400C7F30B03DB0008B1B3FBFA
:1082E000F0F39B45B8D8002BB6D0CBEB0B20B0FBFE
:1082F000F3F0C043C0B2B0E729463046FFF7E2FCD6
:108300000190304611F0AAFF019BB3FBF0F0C0B220
:10831000E1E718F804004000ECE700230020EB73CD
:108320000B4BDA69C2F30723120448BF63F0FF0363
:108330005AB212F1800F1CBF323B5AB2AA730346E5
:10834000BBE7022015E700BF004000B8003F00B0C7
:1083500000C000B870B54FF03A434FF480640A4D46
:10836000D3F818610020C5F81841C5F8144104F08D
:10837000FDF94FF400532B67730542BF034BC5F85B
:108380001441C3F8184170BD002000BA001000BAB3
:10839000082310B1024A13647047024AFBE700BF8A
:1083A000001002B8002002B8F8B504460E4611B914
:1083B000037C5A0647D44FF6FF73A18BD4F8C870DC
:1083C000994204D0344B1B680BB120469847334D7B
:1083D0002B68BB4254D0324B1B683BB11FB13A688B
:1083E000002A4FD0BF6839462046984707272046C5
:1083F00001F0D0FA002E39D004F056FF0620294BA8
:1084000094F9122093F900302749C3F127039B1AEE
:108410000A6ADB0222F4FF2203F4FF2313430B62F8
:10842000D4F8C820214B2A60986701F00FFC002582
:1084300001211F4A1F4B1170204683F8845012F00F
:1084400017F82846F8BD4FF6FF71144DD0F8C870E4
:108450002A6866F3861397428183037417D0104B02
:108460001B68002BBAD101F095FA072712493B4649
:10847000124AD1F8FC1004F1D80003F019FBBBE755
:108480000127B4E71746204639469847AEE701F082
:1084900081FA0127EAE700BFA82A0020A02A0020CD
:1084A000A42A0020262E002000C000B8006000B8DA
:1084B000282E0020003F00B0004F00B0A43F00B0C5
:1084C0002DE9F8430D4600F007FB0128044630D1A2
:1084D000194F3B7883B92846ECF75EF9054610B989
:1084E000ECF7D4F92C463B781BB10121022003F0B4
:1084F00057FA2046BDE8F8830021022003F050FA25
:1085000012F069F80646DFF83490DFF83480D9F8C5
:10851000F4331B07DFD412F05EF8801B404541F6B0
:10852000A2224FF045018CBF00200120FEF73AFC4B
:10853000EDE70224DDE700BF2A2E0020000002B88C
:108540003F420F0008B558220021064812F099FB5F
:108550001022FF21044812F094FBBDE8084004F00B
:10856000A3BE00BFF03E00B0343F00B0002373B59F
:1085700083746923C0F8E03074234FF0FF350E2672
:10858000A0F8F43064230446C0E93933C0E93B3332
:10859000C0E9075580F8046185644575C58203F01C
:1085A00077FE2046FFF7CEFF94F912102046FFF722
:1085B00017FA6023114A40F6FF71D3644FF03A4234
:1085C000116311670E4A2946D36440220D4B2046A1
:1085D0001A64626BFFF758FA002240F20223104639
:1085E0001946CDE9006603F075FC01F0A5F92046B7
:1085F00002B0BDE87040FEF7B1BB00BF004000B85C
:10860000005000B8002002B8044BD3F8EC3E13F041
:10861000806F14BF23200020704700BF003000B0DF
:108620000246F8B5B0F8084100F1D805FFF7ECFFB5
:108630000B688E68013304BFD2F8E0300B604B68E2
:10864000013304BFD2F8EC304B60771C37D1D2F83D
:10865000E830CF688B607E1C38D1D2F8E4600F69B7
:10866000CE60013704BFD2F8D8700F614F6901376F
:1086700004BFD2F8DC704F618F69013704BFD2F8B4
:10868000F0708F618F6947BBC0F1640408688C612A
:10869000C2F8E8304B68C2E93806C2E93B340B69DE
:1086A0002846C2F8D8304B690F49C2F8DC30D1F8FF
:1086B000FC1007230D4A03F0FBF90020F8BD04F17C
:1086C00069031B1AB34238BF3346C2E704F174068C
:1086D000361ABE4238BF3E46C1E76934241ABC424E
:1086E00038BF3C46D2E700BF004F00B0A43F00B007
:1086F00038B50446074D21462868621C003818BF6B
:10870000012002F04DFB2B680020003B18BF012325
:10871000A37038BDB82A002038B5054C054B417808
:1087200000782568236002F08DFA00B1256038BD1D
:10873000B82A002078CA020070B508F0EFFB0546A1
:108740000B4E00F0C9F9012804D0284608F0F2FBCE
:10875000022070BDF36813F0706FF2D1F46814F06A
:108760008054EED1284608F0E5FB2046F1E700BF33
:10877000000002B80A4B10B51B68044673B1094BE0
:1087800048B10121084A1A60022003F009F90020CB
:10879000064B1C7010BD01461860F5E70220F9E792
:1087A000B82A0020BC2A002070CA02002A2E00200D
:1087B000014B1878704700BF2A2E002038B508F00A
:1087C000ADFB4FF6FF710A4A13888B4203D108F0C4
:1087D000B1FB032038BD074C074D1B046566A4F5AB
:1087E00080546366118008F0A5FB0020F2E700BF0B
:1087F0006E0E0020006001B80000FFFF2DE9F3417C
:1088000005460F461446FFF7A3F890B1DFF8E08164
:1088100003F0B2F8D8F81430DE0740F1CF8008F04A
:108820007DFB0646032001F0E7FC38B1304608F036
:1088300081FB0226304602B0BDE8F081D8F8143042
:1088400013F0060FF2D1304608F074FB5C4B4FF486
:1088500000612846D3F8EC8ED3F8CC6E04F01AFDF4
:1088600038B14FF400720121564B08461A64FEF7E6
:10887000F1F839462846FEF73DFA514BC3F8CC6E65
:10888000C3F8EC8E06460028D4D12B7CD80601D440
:10889000002C55D0C4F3400003F068FE022314F40A
:1088A000807F1FBF484A002113644FF03A420BBF3C
:1088B000444A91611364536303F092FE4FF4806362
:1088C00014F0040F14BF414A414A14F0400F5362A0
:1088D0004FF004023B4B20461A644FF0400314BF94
:1088E0003C4A3D4AC2F88830FEF7C0FE284611F0E7
:1088F000ECFC38B14FF4807314F0010F14BF324A0E
:10890000304A1364A10643D54FF6FF726B8C934235
:108910000FD0324A3249526E100CC2F301120132AA
:10892000B3FBF2F30880294A29492E481B04486604
:108930005366003C18BF01242B7C64F304132B7492
:10894000284611F092FDF0B1284611F0BEFCD0B1DE
:108950004FF40031284604F09DFC431C03229BB2D7
:10896000214801A911F0F1FD9DF8042002F0070350
:10897000052B9DF8053014D112070CD443F48073F5
:108980001A4AC2F8D43040F2366000F035FF51E7A1
:10899000FFF714FFCDE713F0040F09D19DF806305F
:1089A000ECE703F03002202A05D113F0010FF4E7C1
:1089B0004FF48073E4E79DF80630E1E7032639E7DA
:1089C000003000B0002002B8001002B8005001B81A
:1089D000006001B800D000B800E000B8004001B865
:1089E0006E0E00200000FFFF0C0000BA003E00B039
:1089F00000C001B808B50C4BD3F84C315A1C12D04A
:108A00005B0010D4094B1B78012B0CD9082B0AD022
:108A10000320FEF739FF4FF08062054BDA64012234
:108A20005A6102229A6208BD0080E00F900E002079
:108A3000001002B84FF40022034B186C03F50053EA
:108A40001A64C0F3C0407047000002B8014B024AEC
:108A50001A607047A42A002045750100024B58692E
:108A600000F00100704700BF00C001B8084B5A6910
:108A7000D10707D508B901F077BA5B69DA0706D4E0
:108A800001F064BA5B69DB0701D40028F8D17047B4
:108A900000C001B84FF0806310B1024A53617047C3
:108AA000014AFBE7001002B8002002B8202350B1B1
:108AB000064AC2F8F433064B196C11F0020104D1D6
:108AC000032002F06DBF034AF3E77047001002B8BD
:108AD00000C002B8002002B80F4BDB68C3F3036389
:108AE000013B0B2B0FD8DFE803F006060C06060649
:108AF00006080A080808022070470420704705206D
:108B0000704703207047054B5B6913F0060F0CBFDD
:108B100001200420704700BF000002B800C001B867
:108B2000094AD368C3F303630B2B08D06FF490504A
:108B3000184100F0010080F0010040007047106C07
:108B400010F48030EDD17047000002B80C4AD368B1
:108B5000C3F30363062B07D8042BD8B20BD8C31E6C
:108B60005842584140007047072B06D1D2F84401C3
:108B70000028ECD17047022070470020704700BFEA
:108B8000000002B8F0B5CF072BD5002A14BFAA25E4
:108B900055250E461E24154F01F0030383F00103F3
:108BA0003B449B7806F0070C17F80CC0013C63446B
:108BB0004FEA5606F6D10E4E73436FF481769B0C46
:108BC000334482B991FAA1F195FAA5F54A082D0F1F
:108BD000490042EAC57201F00204C474C0E91023DE
:108BE000F0BDAA25D5E7034AF7E700BF8CCA02000B
:108BF00036FC1000B756351230B547F6FE74164BEA
:108C0000C3F83042456C04EA4504144DC5F83042BF
:108C10000F245C66CC071CD5DAB901246C664FF0D2
:108C2000FF34C3F80441056C0C4CC4F804514FF0F8
:108C3000F045C3F81051C37CDB062B40C4F810315B
:108C400032B14FF03A430222C0F88010C3F8F4204A
:108C500030BD0224E2E700BF006001B8005001B857
:108C600013B5437C0446033BDBB2072B96BF104A87
:108C70000021D15CFEF702FE012001F0E1F84FF483
:108C8000F0620C4BDA644FF40072A3F58053DA649F
:108C9000637C053B012B08D80421074B01229B6E06
:108CA0000DEB0100019300F021FB02B010BD00BFED
:108CB00084CA0200006000B8004001B8012310B56A
:108CC00080F8F6302823C0F8DC30042304464374CF
:108CD000044B196811F0C3F82046FFF7C1FF0020CC
:108CE00010BD00BFD0CA0200012310B580F8F630D5
:108CF0002823C0F8DC30022304464374044B19686F
:108D000011F0ADF82046FFF7ABFF002010BD00BF0B
:108D1000D4CA0200012910B5044604D90239012938
:108D200014D9032011E00B4B19680523012284F8A4
:108D3000F6204FF4BC726374C4F8DC20204611F0B6
:108D40008EF82046FFF78CFF002010BD024B1968FB
:108D50000623EBE7CCCA0200C8CA0200012310B503
:108D600080F8F6304FF4BC73C0F8DC3008230446BA
:108D70004374044B196811F072F82046FFF770FF36
:108D8000002010BDC4CA020038B5184B04461D6847
:108D900045B1EB6833B1286801F0A0FCAB681868F6
:108DA00001F09CFC124B1B682BB1DA681AB19B686E
:108DB000186801F093FC0F4B1B682BB1DA681AB1ED
:108DC0009B68186801F08AFC0B4B1B682BB1DA68B2
:108DD0001AB19B68186801F081FC2046FFF784FFF8
:108DE0002046BDE83840FFF73BBF00BFD4CA0200B1
:108DF000D0CA0200CCCA0200C8CA0200F8B5D0F836
:108E0000143104468B420D46164603D190F81031BA
:108E1000202B0ED0324629462046FFF7B3FE2023F2
:108E200084F810310023C4F81451C4F81831FFF746
:108E300065F94FF00077074B32461F6429462046FC
:108E4000FFF7DAFE8022044B1A6103F500531F641A
:108E5000F8BD00BF001002B8000002B8072330B50B
:108E6000124D134CEB63134B69B1442140F04000A9
:108E7000596398630123E3634FF4804392B1C4F8CC
:108E800004310A4A07E0596399634FF48043084A62
:108E9000E163C4F80431C2F80831C2F80C31C2F8F9
:108EA000103130BDC5F80431EBE700BF006000B8F9
:108EB000005000B8004000B8034BD3F8F80780F02A
:108EC0000070C0F340607047000002B810B5407CED
:108ED000A0B1304BD3F8B82012F0060F01D004280F
:108EE0000DD94FF470622C4BDA604FF48072A3F509
:108EF0008053DA600022274BC3F8B42010BD02F083
:108F0000020412F0040202D00B789B0637D4002C26
:108F100039D00B7803F00F03072B34D14B78022B99
:108F200031D98B7813F03E0F2DD0CC7814F0040F8C
:108F300029D014F0010F0CBF04230A23A40748BF53
:108F40000633CB5CFBB1002A14BF022201220428A5
:108F500040F6FF7003F01F0108BF4900013940EAE5
:108F600001310E4801654FF470600B491202C86070
:108F7000A1F58051CA60074AC2F8B430BEE7002CA0
:108F8000C7D18B7823B90023044A13650122EAE78D
:108F90000222DCE7003E00B0006000B8004000B8EC
:108FA0000A68064B12F0802F1CBF42F20101C3F881
:108FB0002812C3F88822C3F88C227047004001B8F9
:108FC000F0B585B06C460E460B4B074615460FCBE9
:108FD00084E80F00094BD3F84822009226B16B1E9B
:108FE000DBB2FD2B88BF32602A462146384611F09D
:108FF00060FA05B0F0BD00BF94CA02000080E00F27
:1090000030B50823054685B080B9094AC2F8FC335B
:1090100051B96C46074B0FCB84E80F00064B2A462C
:1090200021461868FFF7CCFF05B030BD034AEDE7D5
:10903000001002B8A4CA020034280020002002B8A0
:1090400038B5044601F060FA01213A20EAF702FE41
:10905000E0782179154A40EA0143C2F8DC34E57929
:10906000A37943EA0543C2F8E03423781BB1002317
:10907000042207F0F3FF63782BB100230422E17987
:10908000A07907F0EBFF2278012352B1084AC2F819
:10909000D8346278022332B1054A0020C2F8D834AD
:1090A00038BD044AF3E7034AF7E700BF00C00350A6
:1090B00000D0035000E003504FF03A43D3F814219E
:1090C000D2031ED54FF480320E49C1F81421A1F508
:1090D0008051C1F818215A6DD1B2C2F30722C3F8EA
:1090E000A410C3F8A4200422C3F8A4200022C3F8CB
:1090F000A420C3F8A420C3F8A420C3F8A420C3F874
:10910000A4207047002000BAF8B50D464FF03A444D
:109110001746064607F002FF01230421074A63634E
:10912000E76026616561C2F81411054AC2F884310E
:1091300007F000FF0DB102236363F8BD002000BA01
:1091400000E100E0054B012218604FF03A435A67F6
:1091500040F6FF72D96418651A677047C42A002068
:109160002DE9F04105460124006800F007000630B3
:1091700004FA00F3A868EC685E1EA04262D000EA20
:10918000060E6C6810441E430640A3EB0E000EEB67
:10919000040C8242644618D9D31A0EEB030298B12C
:1091A000431E052B04D94B1CACEB0303022B59D8EF
:1091B0000B460844ACEB010E03EB0E0113F8014B18
:1091C00083420C70F8D101466C688AB1531E052B9E
:1091D00001F1010302D9E01A022812D80A44611EE3
:1091E00000E0013313F8010C934201F8010FF8D1AC
:1091F00007F094FE0223AE60AB62BDE8F04107F0D9
:1092000099BE0B46204622F0030E8E4453F804CB41
:10921000734540F804CBF9D122F00303D01A92072A
:1092200001EB030C04EB0307E2D0CA5C0128E25413
:10923000DED09CF8013002287B70D9D09CF8023037
:10924000BB70D5E7042A35D90878043AA861487874
:109250000431A86111F8020CA86111F8010CA86191
:10926000A8688CE70B4620F003070F44ACEB010E17
:109270001C684EF803400433BB42F9D120F00303CD
:1092800010F0030F01EB030EA0EB03040CEB03073C
:1092900028D011F80380012C0CF8038022D09EF80E
:1092A0000130022C7B7018BF9EF80230084418BFB2
:1092B000BB7088E7013A032A12D8DFE802F00F15E5
:1092C00007020B4613F8012B1946AA610A4612F849
:1092D000013BAB61114611F8013BAB610B78AB610F
:1092E000BDE8F08108446EE70A46F3E738B50B465F
:1092F000154601464FF03A4470B101221048C4F8B7
:10930000F4201A46FFF72CFF25B14FF03A43042210
:10931000C3F8F420002038BD73B1D4F8D8209A42A5
:1093200084BF0122C4F8F4204FF03A42C2F8D4308E
:109330000223C2F8F430E7E70123C4F8F430E3E78E
:10934000CC0000BA10B507F0E9FD4FF03A43012216
:109350005A67C3F8B420C3F88C20154A1549C3F8DE
:1093600090200722C3F8B020134B04461A80002334
:10937000124A13804FF4A022C1F81421A1F58051A4
:10938000C1F818210E4A13600E4B1B6C5B020AD504
:109390004FF480020C4B18680C4BD8301A6450F80C
:1093A000A41C01F03FFB2046BDE8104007F0C2BD01
:1093B00030140020002000BA482D0020462D002047
:1093C000C02A0020000002B834280020002002B883
:1093D00007220D4B01211A8000220C4B1A804FF0FE
:1093E0003A43C3F8F410C3F8CC204FF40052C3F84A
:1093F000D000C3F8F020F022054B9A64A022A3F518
:1094000080539A64FFF79EBF482D0020462D002010
:10941000006000B82DE9F041044688B107F07EFDF8
:109420003D4E3E4A3388032C03F0780105463C4FFD
:1094300003F07F0C11445DD13C6824B907F07AFD3C
:109440000320BDE8F08124F00104386820F0010019
:10945000A04254D100223A6022888C426FEA4242F4
:109460006FEA5242228040D12E4CDFF8D0C02788CC
:10947000ACF180083A46083A92B201F10800604522
:1094800028BF4046082A04D9B0F900E0BEF1000F19
:1094900040DB228088780C884FF03A413B449B1A8D
:1094A000DBB2C4F30C048C653380C1F89830C1F88A
:1094B000B0204FF480221C4B00F00700C3F81421A9
:1094C00001221A4BC3F88421FFF7F6FD04280CD1C2
:1094D0004FF48002164B1B6C164B1868164BD83095
:1094E0001A6450F8A41C01F09DFA284607F022FDEA
:1094F0000020A6E7601E012898BF0C46A5E7094892
:1095000062440088A21A48BF803208389042A3DC27
:10951000284693E70146AEE7462D00203014002090
:10952000C02A0020482D0020002000BA00E100E001
:10953000000002B834280020002002B8B014002037
:109540001249134B0A881B8812481344083292B2FE
:109550000A804FF03A41C1F8B0204FF480210E4A02
:10956000073BC2F81411012103F0780303449878F3
:109570000A4A00F007000428C2F8841103D1084900
:10958000CA681203FCD4074A13607047482D0020B4
:10959000462D002030140020002000BA00E100E039
:1095A000000002B8C02A002010B5054C206828B180
:1095B000C30701D4FFF72EFF0023236010BD00BFB7
:1095C000C02A00204FF48033084AC2F81831A2F5AF
:1095D0008052C2F814314FF03A43D3F8AC30C3F3A1
:1095E0000C03782B01D8FFF767BD7047002000BA45
:1095F0002DE9F84304460E4607F090FC514B814696
:109600001A885148514D02F07801032C2D8802F040
:109610007F03014417D14E4C24688CB92A44073A81
:1096200002F0780284180344E31A48BF8033AB4247
:1096300010DB484607F07EFC00242046BDE8F88396
:1096400024F00104EFE7012C02D0022CEBD1083DFD
:109650000C46E8E7002E44D08C4246D14FF03A4207
:10966000D2F858804FF03A410127CA6C02F0070245
:1096700006329740D1F8AC20C2F30C029A4247DD83
:10968000B4F900302588002BD3DBA378C5F30C0593
:1096900003F007037A1EA5EB08053A43052B337048
:1096A00005EA02052CD82DB2E84340F236420421E7
:1096B000C00FFDF777FB7580E378264A3374126894
:1096C0007B1E03EA0803D118B160A9B213FA85F52D
:1096D000BD4291BF0023FF1AB780F2609CBFB180EA
:1096E000F360484607F026FCA7E7A4F1080282428F
:1096F00038BF04F17802B2F80080C8F30C08B1E773
:10970000154B5B6D003B18BF0123A5EBC305CAE7F2
:109710004B6D7A1EA3EB08033A431A400F4B15B268
:10972000DB6862B9C3F30363D91E4B424B41DB00D4
:1097300033700A4B72809B6CC3F30723BDE7082389
:10974000F6E700BF462D002030140020482D0020F1
:10975000C02A0020C42A0020004000B8000002B83F
:109760001022024B1A70FFF745B900BF900E00207F
:10977000054A1378102B04D018B123EA01031370A3
:109780007047FFF7EDBF00BF900E0020124B13494A
:10979000D3F84C215B6823F0404323F440031B0CB7
:1097A0001B048B4215D10E4B13400E4A93420BD132
:1097B0000D4A0E4B904208BF13461B1A58424FF0F9
:1097C00001015841FFF7D4BF094A934201D1094A28
:1097D000EFE7064BF1E700BF0080E00F0000160244
:1097E000007FF01F00026000E17DF95F690345EC36
:1097F000000460009839F49640B1054B1A88824203
:1098000004D2002018800421FFF7B2BF0120FAE73C
:109810004A2D002010B5044610F0FEFF00B1A08ACA
:10982000034BBDE8104018800020FFF7E5BF00BFE4
:109830004A2D002010B5104CD4F84C315B0004D4F4
:1098400001F0A6FD0221FFF793FFD4F84C31591C1B
:109850000FD05A000DD4094B1878012809D9A0F16E
:10986000080358425841A622BDE810403121FDF7B7
:1098700099BA0120F7E700BF0080E00F900E0020AA
:10988000024A137843F0080313707047900E0020CB
:1098900038B5134D0446297819B92022114811F022
:1098A000F0F96188104A23785180002113700F4A23
:1098B000022BC2F8CC104FF0FF010D4A0D4B117076
:1098C0004FF007010C4A4FF00000C2F8FC130CBF28
:1098D00004220122C3F8FC2301232B7038BD00BFF2
:1098E0002B2E0020E03F00B0700E0020004001B899
:1098F000930E0020001002B8002002B8034B1A6833
:1099000002609B8883800020704700BF700E00209B
:1099100010B5044600F0F8FD064BD3F8F83724B92B
:1099200083F40033C3F3404010BDA31E5842584196
:10993000FAE700BF000002B84FF63F7208B50A4BC5
:10994000D3F8FC37934206D0084AC3F301131370CF
:10995000E022074B1A7000F031FE41F66A03B0FBBB
:10996000F3F0044B186008BD000002B8940E00200C
:10997000950E0020C82A002020B1022804D1034BF4
:1099800018787047024BFBE700207047940E0020C8
:10999000950E00202DE9F74F846C4C22022C38BF25
:1099A00002246A49013C0B6AD1F8CC506849C3F3E0
:1099B0008213DA400B680646A34290F804B1654B67
:1099C000DFF8ACA1DFF8AC91DFF8AC8102F0010266
:1099D00014D11878904211D19AF8000058450DD151
:1099E000F06C58B1A84209D1B57D99F800008542C4
:1099F00004D1B8F8040003B0BDE8F08F0C6098F80B
:109A000000101A700846FFF7B7FF002A00F08680A2
:109A100004234FF07F4100254F4AC2F8B8304F4B26
:109A2000C3F8B810B37D1B06C2F8B8304FF08052AF
:109A3000494BC3F8B42000F0C1FD40F27123B0FBE4
:109A4000F3F0192160431828B0FBF1F14FEA054407
:109A500070D8002C78D0B4FA84F2C2F12002C2F19E
:109A60000F03012B38BF0123D440A14201D2013B97
:109A700064086A1C03F01F0152008A40384F121B11
:109A80009208C7F8B0201A0242EA03121343019366
:109A900005EB052305EB0325324B40F6C70218689A
:109AA0002B21003818BF0120FDF77CF9FA222D4B3D
:109AB00002FB04F01B6840F6FF72B0FBF3F00A23D0
:109AC0005843294B00F57A74C3F8C420019AA3F5D2
:109AD0008053C3F8C420A3F58053C3F8CC50D3F807
:109AE000CC3000F58C50C7F8FC30F5641F4D1430B5
:109AF0002C6001F087FF4FF47A72C7F8A400C7F812
:109B0000F8002B68B4FBF2F0B3FBF2F3A8F80430D2
:109B1000B37D8AF800B089F800306CE7002914BFE3
:109B200010252025B37D834294BFED182D1805F034
:109B3000FF057BE7B1FA81F234B1B4FA84F3D21AAB
:109B4000002A8CDC0F2390E70F2392E7004001B836
:109B5000780C00202C2E0020001002B8002002B843
:109B6000003F00B0C82A0020006001B8CC2A0020C5
:109B7000920E0020910E0020700E002010B5114BA7
:109B800001461B78104C0E2B02D1FF20207010BD17
:109B9000184610F014FD02461846FFF7EDFE884205
:109BA00028BF0846C0B2904238BF10462378C0B2E2
:109BB0008342ECD0054B20701868FFF7EBFE20784D
:109BC000E5E700BF700E0020930E0020342800202F
:109BD00010B50446FCF758FE78B1154B1B786BB9ED
:109BE00064B1144B1B784BB1134B1B78013B012B19
:109BF00004D84FF40042114BDA6410BD104BDB6CFB
:109C00001B04FAD407F08AF9044602F0E9FC4FF489
:109C100000420C4B2046BDE81040DA6402220A4B99
:109C2000C3F87C240422054B1A6407F083B900BFF3
:109C30002D2E00202E2E0020D02A0020002002B839
:109C4000000002B8001002B800D003504FF4802288
:109C5000014B9A64704700BF005000B870B50546CC
:109C600000F052FC01213A20E9F7F4FF424C434B4B
:109C700000201D70FFF7ACFF2378013B012B0CD8AF
:109C80000122217CE37B8A4030214B4342F21001C8
:109C900003F1A04303F570335A500022384BC3F848
:109CA0007C24ADB94FF6FF71364AC2F88410F82112
:109CB000A2F58052C2F88410C3F87C54324B4FF0A6
:109CC0008042DA644FF48022304B00209A6470BDE9
:109CD000636883B300F072FC626800EB5203B3FB6D
:109CE000F2F3013B1B0243F0F80326782549022ECC
:109CF000264A22D0032E4FF6FF7521482AD0012E86
:109D000033D143F00203C1F88450C2F884300723F2
:109D1000C0F87C343021E37B01204B4341F2100139
:109D2000227C03F1A04300FA02F203F570335A508B
:109D3000FFF74EFF17E0F823D7E74FF6FF7043F029
:109D40000103C1F88400C2F8843006220C4BC3F82A
:109D50007C24DFE743F00503C1F88450C2F8843067
:109D60000423C0F87C340A4BA9E7C1F88450C2F838
:109D700084300023F5E700BFD02A00202E2E0020DB
:109D800000C00350006000B8002002B8005000B8C6
:109D9000001002B8F8B5214F06463D4604460FCEE6
:109DA0000FC533682B6000F0AFFB01213A20E9F7C3
:109DB00051FF00221A4BC3F87C24A17A627A42EA4E
:109DC0000142C3F88824217CE27B42EA0142C3F8C5
:109DD0008424207B617B40EA0142C3F880243B78E5
:109DE000032B19D8DFE803F01202060C002304222B
:109DF00007F034F900230422217CE07B07F02EF9E0
:109E000001230422A17A607A07F028F9054B18781B
:109E1000BDE8F840FFF722BF0120F8BDD02A00209E
:109E200000C003502E2E0020034BDB6C002BBCBF68
:109E3000024BC3F888007047000002B8004000B829
:109E40004FF0006338B1064AD364064B4FF400323A
:109E5000C3F884207047044AD364044BF6E700BF7C
:109E6000001002B8005000B8002002B8006000B82E
:109E70002DE9F0472D4B2E4C4FF47A76A36000F07D
:109E80009DFB4FF4FA73B0FBF6F67343074629487F
:109E9000190E1B021818284A4FF0000341F1000167
:109EA00003F0C0FEA0F580730546236320B9662247
:109EB0002B21FCF777FF01254FF47A724FF0000A4F
:109EC0006A4353465008310203F0ACFE1B4BB7F512
:109ED0007A7F19601A4B4FEA056889460446186074
:109EE0004FEA152505D276222B215046FCF75AFF62
:109EF00001264FF47A73A8FB030103FB05117308D5
:109F0000C01841F100010023324603F08BFE0D4BD7
:109F1000023419600C4B49F10009A408186044EAA6
:109F20008974034B013C9C63BDE8F087021101007A
:109F300000C001B820A1070040420F00F02A002015
:109F4000EC2A0020E82A0020E42A00201022044BFA
:109F5000C3F884215A600122024BDA60704700BFC7
:109F600000E100E000C001B81022064BC3F88421D4
:109F7000C3F88420BFF34F8FBFF36F8F0422024BCF
:109F8000DA60704700E100E000C001B810B5044697
:109F9000A242A2EB0000A3EB010104D2034B013962
:109FA0009B6B0133184401F0030110BD00C001B8E0
:109FB00038B501250A4B02019D504FF480730446C9
:109FC000084A8340536606F0A9FF074AA540137864
:109FD00023EA05031370BDE8384006F0ABBF00BFAD
:109FE00000E101B800E001B82F2E00202DE9F84F64
:109FF000164605468A461F4606F090FF022E00F0E0
:10A00000B080804606F0A0FF694B6A4AD3F82090E2
:10A0100092F88D405A6EE4B2520744BFD3F82090B4
:10A02000013406F0A1FF644B644A1B681168A3FB6E
:10A03000093213F100434FEA847301FB093343EB08
:10A04000020304F00302DAF80040012E04BF0134D9
:10A05000E418A3EB040308BFCAF80040B3F1804F33
:10A06000C0F093804FF0004000235549D1F800C064
:10A0700024F04041ECFB01035248A40F006800FBB0
:10A0800001334B495048896B8B4281BF0134013108
:10A090005B1A04F00304A41A994584BF444A04F1EE
:10A0A000FF3404F0030488BF926BA3EB090C445502
:10A0B000A4B1FC0742BF41F61F71444A5167B9077A
:10A0C00042BF424A424951677A0742BF0021384A9B
:10A0D00091673C0742BF0021354A91654FF0110A54
:10A0E0004FF0010E324A05F11004240102EB051B6A
:10A0F000CBF80C3142F804A0136A3649A3EB0903EC
:10A100000EFA05F4D2F864900A78E4B2224363456B
:10A110000A7025D34FF48073AB4019EA030F1FD1A7
:10A12000425D002A40D10EB32B4AF807536607D58B
:10A1300041F61F7140F20110244B5967506759676F
:10A14000B90706D5214B224A234924485A67486754
:10A150005A677A0742BF0122214B1A613B071AD482
:10A16000404606F0E7FE0120BDE8F88F1D4A2D01AC
:10A1700042F805E042F89C3C06F0D0FE15490B7809
:10A1800023EA04030B7006F0D5FE404606F0D2FE2B
:10A190000020BDE8F88F2120FFF746FE4FF4803203
:10A1A000034B4046DA60DCE70B4A40465366D8E78B
:10A1B00000C001B8003E00B0E42A0020E82A0020D8
:10A1C000EC2A0020F02A0020302E002000E001B808
:10A1D00000001F1F2F2E002000D001B80000010139
:10A1E000000002B800E101B8024B1878003818BF2F
:10A1F000012070472F2E0020034B1030000118580B
:10A2000000F00100704700BF00C001B8044B01F02E
:10A21000F071103041F0030100011950704700BF88
:10A2200000C001B838B506F08FFE084B084A1D6A19
:10A2300092F88D405A6EE4B2520744BF1D6A013451
:10A2400006F092FE284604F0030138BD00C001B8B4
:10A25000003E00B038B50B4B03EB0012103000018C
:10A26000D2F80C411D58FFF7DDFFAB0706D584423D
:10A2700000D90139204601F0030138BD844238BFBE
:10A280000131F7E700C001B808B52220FFF7CCFD87
:10A290004FF48022014BDA6008BD00BF00C001B856
:10A2A000064B1B68434303EB8171054B1B68A3FB03
:10A2B000003013F1004341EB00007047E82A002012
:10A2C000E42A00200C4A20F04043014610B500204B
:10A2D00014684FF00042E4FB0320084A890F12681B
:10A2E00002FB0300064B9B6B984204D901330131FA
:10A2F000C01A01F0030110BDEC2A0020F02A002052
:10A3000000C001B8F8B50646FEF7A8FB044608B140
:10A31000FFF72AFE00230B4D0B4FAB613046EB617C
:10A320002B6287F88D30FFF7CDFFC9B287F88D100B
:10A3300028622CB1FFF70AFE4FF08062034B1A64CB
:10A340000020F8BD00C001B8003E00B0002002B8F7
:10A3500070B50C68651C15D0C4F302669E42C4F348
:10A36000074530D1A4B294422DD804EB8506B24201
:10A3700029D2141BA50824F003040E59340F04D06D
:10A38000012C09D00022012303E06B1C51F823208B
:10A3900000230260037170BD0D4C34F8133042EAA3
:10A3A00003431A686B1C51F8234001EB83014B688F
:10A3B00022405E4036F07044EAD11B0F032B04BFED
:10A3C0008B681A43E4E7013501EB8501C1E700BF63
:10A3D000BCCA020070B51646054610B901242046D5
:10A3E00070BD0029FAD04268104B006803321B6828
:10A3F000920800F13040984704460028EFD1002E23
:10A40000ECD0EA68A86803323146920800F1304087
:10A4100010F009F904460028E1D1D5E904022146EB
:10A4200000F1304010F02DFCD9E700BF800C002077
:10A4300007B501A8EBF746FD9DF80530022B02BFDA
:10A4400040220B4BC3F8FC23C8220A4B5A650A4B27
:10A450000A4AD3F86032DBB2FF2B08BF03239B000C
:10A4600043F47F53C2F8F83303B05DF804FB00BF38
:10A47000001002B8008001B80080E00F000002B8B0
:10A48000002310B5194C012123643A206364A364AE
:10A49000E9F7E0FB0122164B5A6102229A62E36857
:10A4A000C3F303630D2B01D0002BF8D11123114A04
:10A4B000A36311491148FFF78DFF01F0D9FB104A42
:10A4C000936843B94FF08062094B5A61012203F54A
:10A4D00080535A6110BD0B49D268096803F13043BB
:10A4E000032AEFD943F8041B043AF9E7000002B845
:10A4F000001002B81CCB020020CB020004CB0200EB
:10A50000ECCA0200940C0020012341F6FF710D4AB1
:10A51000C2F8803291660C4A53600C4A53600C4A70
:10A520005360A2F580425360A2F54042536002F5A9
:10A53000C032536002F580425360A2F5004253607E
:10A54000704700BF0090005000D000B8001000BA63
:10A55000005001B838B50324FFF7D6FF114A124B5B
:10A56000124DDA64FFF764FF114BC3F8E04001239A
:10A57000EB6401F001FA4FF460736B614FF4007308
:10A58000EB640FF0ACFF0021FEF73AFD8022094B8F
:10A590001C64A3F580535C64074BC3F884215A60A4
:10A5A00038BD00BF0048F000000002B8001002B83B
:10A5B000005001B800A002B800E100E008B5E8F7DB
:10A5C0000BFA044B1B6FC3F300430133B0FBF3F0F2
:10A5D00008BD00BF008000502DE9F04F044687B051
:10A5E00003908A465AF8046B731C06D1039B2660BD
:10A5F000E01A801007B0BDE8F08FC6F30745012DC3
:10A6000038BF0125324BC6F3016233F81230B7B2BE
:10A6100047EA0347EB002F490493043323448B425A
:10A620004FEA167602D92C4B9C424ED907234FF0A5
:10A630000109D346D34003F0010309FA06F9029356
:10A6400009F0940304F1080801950593059B0BF1AB
:10A65000040B53B919F0420F19D119F0280F0BD17F
:10A6600048F8087C5BF8042C20E040F2AA72322102
:10A670000020FCF797FBF3E740F2AF72322102981B
:10A68000FCF790FB07F5805248F8082CEAE74FF4F6
:10A69000F76232210298FCF785FB07F50052012E84
:10A6A00048F8082CDED15BF8042CD243019B48F813
:10A6B000042C013B07F1040708F108080193C5D1F8
:10A6C000049B0AEB85011C448BE7002092E700BF46
:10A6D000B4CA0200DF4F00B0E04F00B0F8B5064644
:10A6E000E0B10024144B25461F46144953F8042BAF
:10A6F000AAB91348314600EB8500FFF76DFF30B96A
:10A7000040F661023621BDE8F840FCF74BBB0D4B2B
:10A710000135281847F8246023F81400F8BDB24228
:10A72000FCD001340C2C02D031F81450DEE740F696
:10A730006F0236210020E6E7F42A00204A2D00208F
:10A74000404000B04C2D002070B5044690B1A9B136
:10A750003A4A52F8043B834212D10023384A116C22
:10A76000C907FCD49B0003F5804340331360354B8D
:10A7700001221A6470BD01330C2B02D1324D2CE042
:10A78000012352F8041BA142F5D1304A32F81330AC
:10A79000E4E7C2F3016335F81300110C93B211F032
:10A7A000FE0F43EA0043606820D00434CAB2022A94
:10A7B000216808D9D4E90160033AC3E9001698601A
:10A7C0000C340C33F3E704D16268C3E90012083497
:10A7D00003E0012A01D1043419602268531CD8D146
:10A7E0000022174B1A6003F58053C1E7120F072AA6
:10A7F000EDD8DFE802F00704090D1013181DC0435F
:10A8000003F500531860E2E71A6842401A60DEE779
:10A8100003F58053F6E70FF0FBFED8E7012203F5BE
:10A8200080538240F2E7012203F500538240EDE7B6
:10A830001A6830EA0202FBD1C9E700BFF42A0020FF
:10A8400000C002B800D002B8BCCA02004A2D0020E5
:10A850000122014BDA647047001002B80122014B5B
:10A86000DA647047002002B84022014BDA64704776
:10A87000002002B84022014BDA647047001002B891
:10A8800008B50C4B1B68D3F8C83023B11A68022AEC
:10A8900001D9186A08BDFFF791FE074B02469B6D70
:10A8A00098B20028F6D0C3F30743D2085343B3FB52
:10A8B000F0F0EFE734280020004001B8064BDB68D9
:10A8C000C3F30363984206D1044A936E23F0F00366
:10A8D00043EA011191667047000002B8003F00B0E2
:10A8E00010B50446FFF7CCFF0F4AD2F838311B04ED
:10A8F0000E4B48BF40089B6C03F4C053B3F5805F18
:10A900000ABF936BC4F30113C3F34163012B02D05D
:10A91000022B02D010BD4008FCE7C4F3C42401346C
:10A92000B0FBF4F0F6E700BF004001B8004000B80B
:10A930002DE9F0470E460FF04EFE00248046DFF86A
:10A94000B4A0DFF8B49006F0E9FADAF80C30074664
:10A95000C3F30363012B0BD1711C35D00FF03BFE09
:10A96000A0EB0804384606F0E5FAA642EBD80DE065
:10A97000052BF1D00B2BEFD0023B012B09D901366F
:10A9800002D00FF028FE384606F0D4FA1848BDE889
:10A99000F087D9F80C3013F4603FDDD0D9F81830C7
:10A9A0001A04C3F3891512D4013602D00FF013FE36
:10A9B000384606F0BFFA2DB26FF4FF73A5F1C80058
:10A9C0009842B8BF1846E2E706F0B4FABBE7731C3A
:10A9D00003D00FF000FEA0EB08046FEA85556FEA84
:10A9E0009555384606F0A6FA15F5007FBDD0E3E789
:10A9F00000FEFFFF000002B800C000B80122024BB9
:10AA000098611A61704700BF000001B8044BD3F889
:10AA1000AC3010B1C3F30332027003F00F00704783
:10AA2000000002B8094B01F080011B6C03F48003A5
:10AA30000B4309D14FF40012054B1A62837F1BB1FF
:10AA40000122044BC3F80021704700BF000002B888
:10AA5000006001B8005001B810B506F05FFA084B6D
:10AA600004461B683BB1984728B1002200204FF4F0
:10AA7000806101F017FA2046BDE8104006F05ABA8E
:10AA8000242B00204FF604014FF60502044B012051
:10AA90001B6C9BB28B4208BF1346024A1366704779
:10AAA0000080E00F00C001B8074BD3F8483203F034
:10AAB0000303012B03D0022B03D00020704705F0C5
:10AAC00016BEE7F7F7BF00BF008000502DE9F74F33
:10AAD000DFF8ECB081460F46DBF808A0FFF7A2FBD9
:10AAE0004FF0FF35CDE9000100202C46064606F167
:10AAF00010031B015BF8033003F00308B8F1010FEA
:10AB000015D13046FFF7A6FB02460B46DDE90001F2
:10AB1000FFF73CFADBF8643006F10802D340DB07AC
:10AB200037D5002F3ED000252C463E6040460136EA
:10AB3000082EDCD150B3224F0AF44033B96B002207
:10AB40000131A4FB0141641941F10001B3F5003F5B
:10AB500030D17B6B0AF4405A013342F10006BAF55A
:10AB6000805F22D13D6B15F5807505FB06F642F13D
:10AB7000000203FB0266A5FB03323244594304FB87
:10AB80000212A3FB04341444C9E9003403B0BDE845
:10AB9000F08FA84271EB0403C8D207B13E600546AE
:10ABA0000C46C3E73D463C46C0E7320242EA136228
:10ABB0001B02E3E73B6B13F5807342F10002DDE714
:10ABC00000C001B8F8B506200FF00CFD04460FF0E8
:10ABD00002FD42F21073041B9C42054618D94FF047
:10ABE00080624F240B4B1A6441F26F770A4E0BE0E0
:10ABF0000FF0F1FC401BB8424FF0F70221468CBF2A
:10AC000000200120FCF7CEF8336C5B01F0D5F8BDD5
:10AC10001A24E9E7002002B8000002B808B50FF0D6
:10AC20006FFD0122054B93F8853002335B00DBB2E8
:10AC300002FA03F3024A536108BD00BF003E00B0B0
:10AC4000002000B80B2870B500F29580012900F2B1
:10AC500092804A4B83F8840083F88510484B5B68E8
:10AC60009D05C3F3402227D44FF038435A60454A2C
:10AC7000506E44026BD5444B5B6803F00303022B18
:10AC800065D00223C2F848320122404B9A604FF04F
:10AC900038435A60DA60996A0807FCD11969C90714
:10ACA000F8D540F2FF323A4B9A615A614FF4007284
:10ACB000334BC3F884215A60304C01213B20E8F724
:10ACC000C9FF94F8853094F88420324943F4402336
:10ACD00043F41063063241F82230FFF76FFC460858
:10ACE000C507FFF7E1FE002302463146284602F081
:10ACF00099FF090241EA1061C0F3C05040EA4100E7
:10AD0000254BA067186B10F5807005D14FF4E172E8
:10AD10002B21FCF747F802200246002300200121E6
:10AD200002F080FFE067FFF7BFFE40F6494358435B
:10AD3000000DFF2828BFFF20022838BF0220002175
:10AD400084F88C00012000F02BFE002070BD10F470
:10AD5000001006D0114B586800F00300023818BFED
:10AD600001204FF4A9721B21FCF71CF80122054BAE
:10AD7000C3F8482288E70120E8E700BF003E00B0A2
:10AD800000E100E00080005000000250001000B818
:10AD9000002000B80080035000C001B800400250FD
:10ADA00038B1064B93F88400087093F8853013701F
:10ADB000704707230B700123F9E700BF003E00B086
:10ADC00070B5FFF7FFFE0021022000F0E9FD0FF053
:10ADD00002FC04460F4D104ED5F8F4331B070BD57B
:10ADE00006F09CF8BDE8704002220C4BDA600122AC
:10ADF0000B4B1A7006F09EB80FF0EDFB001BB04233
:10AE000040F22A224FF045018CBF00200120FBF7C1
:10AE1000C9FFE1E7000002B83F420F0000C001B8DF
:10AE2000382E0020224910B50B78002B3FD001228C
:10AE3000204C94F8853002335B0002FA03F31E4A7B
:10AE400093614FF400721D4BC3F8842100230B70F3
:10AE50001B4B4FF43072186C3921C0F38060FBF744
:10AE6000A1FF4FF48041174B174AC3F894100C21EF
:10AE700094F885304B4303F138435B6BD4F8801072
:10AE8000994202BFD2F86C31C4F88830D2F86431EC
:10AE9000D4F8880008BFA4F88630B4F8861000F013
:10AEA000A7F8BDE810400121022000F079BD10BDD7
:10AEB000382E0020003E00B0002000B800E100E085
:10AEC000000002B800E001B800C001B810B50446A7
:10AED000FFF7EAFD6043044B00F5F42000F59070A5
:10AEE000B0FBF3F010BD00BF40420F002DE9F74F5B
:10AEF000FFF7ECFF0546FFF765FE06F00FF80021AF
:10AF00004FF0384ADFF8E4900646684689F80010AA
:10AF1000FFF7DCFD304BDAF82070DB6813F0706F60
:10AF20001DD12E4B5B6913F0060818D100284CD0B8
:10AF3000FFF744FB691DA1FB00B4FFF7B5FD2146F7
:10AF400002464346584602F06DFEDDE9004B090219
:10AF500041EA10610002A04271EB0B0105D33046BB
:10AF600003B0BDE8F04F05F0E5BFFFF79DFD220AF5
:10AF700042EA0B624FEA1B23A0FB02B200FB032450
:10AF8000FFF71CFB434602462146584602F04AFEA4
:10AF90000C220121124B013593F885307F1B5A4357
:10AFA00002335B00074402F13842DCB2576301FA16
:10AFB00004F40C4F99400C4B7C619961DAF8203015
:10AFC000526B2D1A9B1AAB42C9D30222034BDA6093
:10AFD000012389F80030C2E7000002B800C001B8C0
:10AFE000003E00B0002000B8001000B8382E00204D
:10AFF0002DE9F04F4FF00C0A0027B54A054692F8AC
:10B00000854088460AFB04F303F138431F6392F836
:10B010008420B04B87B0C3F8B4204FF40032AE4B5D
:10B0200046461A610222A3F58053DA604FF0384396
:10B03000AA4A1B6A92F82413AB46C9B2059192F84A
:10B0400029130134C9B20491012104F0010482F8EA
:10B05000247382F82973A21C0AFB04F4500001FA3D
:10B0600000F003F1FF390290019004F13844A3EBA2
:10B070000903002B40F3FF800137022F65D9DB2243
:10B080000D210020FBF78EFE4FF080539449934A28
:10B090004B66059B934C03F0F00382F82433049B2A
:10B0A00003F0F00382F82933894A4FF40033C4F8DF
:10B0B0006CB1C4F86461A2F886600026C2F8809082
:10B0C000C2F888B00B61834BC3F8B4600C2392F8CC
:10B0D00085205A4302F13842166305F01FFF3346BC
:10B0E00032464FF4807E276AD4F864C003F1100121
:10B0F0000901615801F00301012910D10EFA03F191
:10B1000011EA0C0F0BD104EB0316AF42D6F80C6119
:10B11000C0F0D880B54202D2B74280F0D680013369
:10B12000082BE3D1704D2C68012C40F2E3803AB13A
:10B130006749B1F88E301343A1F88E30664B5A66DA
:10B1400007B0BDE8F04F05F0F5BE4FF0000B604EC4
:10B1500096F885300AFB03F303F13843C3F830B0A7
:10B1600005F0DCFE4FF080515D4B039059664FF0C7
:10B17000384396F885201B6A00920AFB02F203F11D
:10B18000010902F13842C2F83490534A0233116780
:10B19000C4F830B0029A6363544B52485A61019A22
:10B1A000A3F580539A618368DB0340F18880D6F869
:10B1B0008030B26FA9EB0303A3FB0221036B03F5FD
:10B1C000807CF36FA1FB0360A2FB03E39B19ACFB44
:10B1D00003E640F100000CFB0066B2EB0E0261EBEF
:10B1E0000606120A42EA06624244B2EB1C2F4FEAFC
:10B1F0001C2603D3013340F10000921B043E96420B
:10B2000028BF16463749324A8E6192F88D20D1F810
:10B2100020C0EB18D2B2896B40F10000654584BFB5
:10B2200002F1FF32D2B2B1F1FF3F0ED04FF0000E6B
:10B2300001F1010C99427EEB000B08D20132B3EB15
:10B240000C03D2B260F10000F4E70244D2B29B4694
:10B250001F49244B02F0030281F88D20C3F820B06F
:10B260000222009B03980AFB03F303F138431A639D
:10B27000226305F05FFE4FF038431B6A009305F030
:10B280004DFE1B490A6922F004020A6130BF4FF0EB
:10B290008051019B154A936102F5E032116700224B
:10B2A000102122630D4AC2F8841105F043FE0D4AB5
:10B2B000009B526E12F0805F3FF4D9AEE4E6464642
:10B2C000AB46CDE7B542BFF427AF11438AB226E7BC
:10B2D000003E00B00080035000D001B800E100E063
:10B2E00000E001B800C001B8902A0020002000B89A
:10B2F00000ED00E011490B78142B01BF0023104E24
:10B300000B7033700B7801330B70002A3FF418AFC9
:10B310000C4EB6F88E301343A6F88E300A4B5A66A0
:10B32000074A13780133DBB2022B13707FF408AFA6
:10B33000002301342C600B70137001E73A2E0020BB
:10B34000392E0020003E00B000D001B80C4A10B5E4
:10B35000D2F84C3154680B4A0B49944201EA03017C
:10B3600006D103F4FE43B3F5807F08BF41F4A0612A
:10B3700006480FF0EEF92146BDE810400FF0E9B99C
:10B380000080E00F14001501E0FFF01FCF13468B83
:10B390002DE9F84F044610B90020BDE8F88F00F100
:10B3A0001703B3F5002FF7D21E4A002390461E4F15
:10B3B0003D789D4218D800264FF0240AFFF7C6FFBB
:10B3C00021680FF0ECF961680FF0E9F9D4F80C90FE
:10B3D000B14511D123698342DED1062D08D048F84A
:10B3E000254001353D7003E052F8041BA14201D114
:10B3F0000120D2E70133DCE70AFB06F3A26812EB77
:10B40000030B0CD00BF12301B1F5002F07D2D1585B
:10B410000FF0C5F904220BEB02010FF0B5F901366C
:10B42000D6E700BF282B00203B2E0020F8B50B46A6
:10B43000002213F8044B944225D91D68854224D17B
:10B4400006245A791D79124B88181E6804FB0503DF
:10B45000104F33F8063C7B43B3420ED900238A5A7F
:10B460007A43964202D804FB0300F8BD9D42FAD904
:10B47000013304FB03F2825AF2E740F25F423D21BE
:10B480000020FBF78FFC0020EFE708330132D2E702
:10B49000402B002040420F0000202DE9F84FA2FB76
:10B4A000018BBD4EBD4F18EB060699466BF10003AC
:10B4B000B74270EB030307D240F259220E21FBF78B
:10B4C00071FC0220BDE8F88FD9F814A00C4615468F
:10B4D000BAF1000F04D0DAF80030032B00F21D811E
:10B4E000AF4BB04A9F6BA3F58043D3F8EC30C7F362
:10B4F00014075900AC4B48BF47F400171B6ED2F835
:10B50000FCA05A074EBF4FF440039B0503F0E073C5
:10B510001F43A64BD3F8E4309E0748BF47F080771F
:10B5200047EA4567E7F7A4FA012D0646C9D1002886
:10B53000C7D09F4B984200F0FF8003F5122303F51C
:10B54000F863984200F0FE809A4B984200F07581B3
:10B55000002502462B4600204FF0007102F062FBEE
:10B560002B46013008FB03F3C7F3130100FB0B3339
:10B57000A1FB0662A8FB008001FB052203442033E7
:10B580009B09C9F80030F60C8B4B46EA4236F802AC
:10B590001C6058BF7642894B894D34441E602C6034
:10B5A000BAF1000F00F0B7800023F9018549C7F315
:10B5B00081528A5C194648BF6408002EB8BF7642A3
:10B5C00092066008C2FB0601224602F02BFBDAF865
:10B5D00000600E2E08D9744B714A916BDA69D3F86A
:10B5E0000C31D20600F1CF8017F4001714BFC4222B
:10B5F00040F207127449C0F31300A1FB04C14FEAE3
:10B60000511102FB01F1C9F80400DAF818004FF4F7
:10B61000FA73B1FBF0F118BF002701FB03F3A4FBA1
:10B6200002C2FA33A3FB003004FB072263459041BA
:10B6300038BF0131C9B241F4006CC9F808C0002913
:10B640007ED0DAF81C00A1FB00371CB1B4FA84F2FA
:10B650000E2A7EDDE203002F78D1B2FBF3F2530015
:10B6600003FB0113A3FB00874FEA044EC6454FEAD4
:10B67000144474EB070709D34F003B44A0FB03813C
:10B68000C64574EB010102F10102F6D2C2F30E02CB
:10B690004CEA023C4CF00063062EC9F8083040F238
:10B6A0009980DAF83030002B00F094800023C9F83C
:10B6B0000C30C9F81030E7F7DBF9DAF83010FFF793
:10B6C000B5FE044618B18378002B40F0D580E7F72B
:10B6D0007DF9DAF83010FFF7A9FE0446D8B1837877
:10B6E000CBB1407940F28B52003818BF01203D2188
:10B6F000FBF758FB207940F28C5200384FF03D01A7
:10B7000018BF0120FBF74EFB237962791B0243EA45
:10B710000213C9F810300020D4E6042BDAF82870A0
:10B720007FF400AFF8014CBF4FF4400307F0E07323
:10B7300027F0E0771F43F5E6002324481D4611E774
:10B740000120BFE6002322481D460BE70B460022DE
:10B7500088E7C2F10F0E02F1110807FA08F823FA80
:10B760000EF343EA0803AEF1200827FA08F843EA8B
:10B77000080327FA0EFE01334EF1000704FA02F225
:10B78000002FE3D169E701F4801103F4001319439A
:10B7900008BFC0F5801027E7006CCA88807C814A0A
:10B7A000008001B8004F00B0004001B8000002B8AE
:10B7B00000F04902005A6202482B0020442B00206E
:10B7C000402B0020D8CA0200D34D62100A3BB2DFE2
:10B7D000313641DCE7F74CF92C6894B3B4FA84F3C2
:10B7E000D3F1020358BFDC40354B9C4288BF64084C
:10B7F000C8B3B4FBF0F3642100FB134201FB02F277
:10B80000904203F1FF3253D85D085308013D1B02FB
:10B8100043EA0515C9F80C50E7F7DEF8E0B1B4FBD0
:10B82000F0F2642100FB124401FB04F4A0423DD875
:10B83000531E52085B08013A68E7002321481D4661
:10B8400090E66FF01F050028E4D140F2DD422B2185
:10B850000020FBF7A7FADDE74FF4A0622B21FBF7EE
:10B86000A1FA621EE4E7631EA51E5B086D08013B9A
:10B870002D0245EA0315E8E740794FF4AE6200383F
:10B8800018BF01203D21FBF78DFA207940F271525B
:10B89000003818BF01203D21FBF784FA2379627933
:10B8A0001B0243EA0213C9F80C3010E71446D8E72C
:10B8B0009D1E6D085308013B2D0245EA0315A9E7BB
:10B8C0003FBE4025D694BFD610B5044686B059B9C0
:10B8D000214B4168D3F8FC30827A204805930068F8
:10B8E0006B46FFF7D9FD69461D4B0A685A631A4B30
:10B8F000D3F8FC3033B34B6843B11A4B1A4AC3F840
:10B900000C214A68A3F58053C3F80C218B6843B11E
:10B91000144B164AC3F8EC208A68A3F58053C3F889
:10B92000EC20134AC868D2F8743123F4EE63034361
:10B93000C2F87431D2F86C31096923F4EE630B4319
:10B94000C2F86C31002022890A4B9A6203F5A033B9
:10B95000186406B010BD00BF004F00B034280020AE
:10B96000008001B8006001B8FFFF0F00FFF8FF0F73
:10B97000000002B8004000B8064B9A6E920607D548
:10B980005B6E002B4FF48043B4BF034A034AD36479
:10B990000020704700800050002002B8001002B85C
:10B9A000064B1A6C9207FCD4022240EA0120586030
:10B9B000034B1A640122034B1A70704700C002B88F
:10B9C00000D002B83C2E002040B10368012B05D9FD
:10B9D0000069034B002808BF1846704700487047AD
:10B9E000E0CA0200064B586E5B6AC0F30112000CFD
:10B9F00002FB000003F01F0301331844704700BF2F
:10BA0000004001B8084BC1171A68A2FB000302FBF3
:10BA1000013310F1807043F10003400E40EAC3107F
:10BA2000803820EAE0707047502B00200722194B25
:10BA300070B5DA63FEF7C2FD174BC408010B05466B
:10BA4000E005C018154A41F10001002302F0EAF8B0
:10BA5000134B144E18601448FFF7D4FF4042C6F849
:10BA6000DC0049F65800FFF7CDFFC6F8A8000F48E4
:10BA7000FEF728FC024660B1E301500818184FEAAF
:10BA800015714FF0000341F1000102F0CBF8C6F848
:10BA9000B40070BD000002B8B2E60E0065CD1D0016
:10BAA000502B0020003F00B07011010040420F00F9
:10BAB0002DE9F047064608469846FFF785FF1546EC
:10BAC000074616B308F0020918F004081FD1B9F1AF
:10BAD000000F1AD04FF47A7073685843002B40F06F
:10BAE0008680FFF78FFF28637369002B00F0858045
:10BAF0004FF47A72B86802FB0300A0F5FA50FFF722
:10BB000081FFE862B8F1000F53D1BDE8F0873069DA
:10BB1000002863D04FF47A735843BB68A0F57A606D
:10BB2000C01AFFF76FFFA862B08B002859D04FF4FE
:10BB30007A735843BB68A0F57A60C01AFFF762FFBA
:10BB4000E861324BF468D3F800A0002C4CD04FF4DD
:10BB50007A735C43BB68A4F57A64E41A7B68E41AE0
:10BB60002B4BE1171A68A2FB044302FB013314F1CB
:10BB7000807443F10003640E44EAC314803C254BF7
:10BB80002C62D3F8C430244C6B6223684BB150460E
:10BB90000EF06BFC28B12A4639462368DAF87C009F
:10BBA0009847B06900210EF091FE6863B9F1000F6B
:10BBB00090D1B06820BB47F23050FFF723FF686197
:10BBC0004FF47A703368584323B13B6803F51C5334
:10BBD00010331844FFF716FFA86196E749F6404076
:10BBE0009FE749F64040A9E749F64044B8E73B687B
:10BBF00003F51C531033184473E747F230507EE7C7
:10BC00004FF47A735843A0F5FA50D6E73428002051
:10BC1000502B0020003F00B04C2B002008B9FFF74C
:10BC2000E1BE034881420CBF2F20BC20704700BFFB
:10BC300048E8010010B508461C460EF0DAFC094B36
:10BC40000246D3F8FC00FFF7BFFE4368A018002BA4
:10BC5000054AA8BF4FF4FA721A44044B92FBF3F260
:10BC6000104410BD004F00B00CFEFFFF18FCFFFF9A
:10BC700070B588B06D46124C0FCC0FC594E80F001C
:10BC800085E80F00B02200210E480EF0FAFF2022B6
:10BC900000210D480EF0F5FFD82200210B480EF0D0
:10BCA000F0FF0EF012FE0A4B1B783BB16D46044EBE
:10BCB0000FCD0FC695E80F0084E80F0008B070BDE7
:10BCC000E03F00B0503F00B0E04F00B0783E00B021
:10BCD0002B2E00200A4B197801F0FF0229B1002118
:10BCE000197008499202C1F80421597801F0FF0245
:10BCF00029B1002159709302024AC2F808317047F5
:10BD00003D2E0020005000B8064BD3F8EC0E064B39
:10BD10005B6C1A0103D4054B9B6E1B0401D500F527
:10BD200080707047003000B0000002B8004000B8DA
:10BD300008B505F0F3F80E4B1A78A2B90D4A12684F
:10BD400012F4843F0FD10C4A1021D1641B7863B9DF
:10BD5000084B1B68DB0508D4074B2022DA64BDE8DA
:10BD6000084005F0E7B8054AEEE7044BF5E700BFE9
:10BD7000412E0020B0140020002002B8001002B8AC
:10BD800010B505F0CBF80E2104460320FEF796FD12
:10BD900040F20122034B2046BDE81040DA6205F074
:10BDA000C9B800BF004000B80022044B1A70044B11
:10BDB000197811B11A70FFF7BBBF7047402E0020F1
:10BDC000412E002008B505F0A9F84FF00042264B9F
:10BDD000C3F88020BFF34F8FBFF36F8F0122C3F8EA
:10BDE0008420BFF34F8FBFF36F8F0222C3F88420EC
:10BDF000BFF34F8FBFF36F8F0422C3F88420BFF3CC
:10BE00004F8FBFF36F8F0822C3F88420BFF34F8F8B
:10BE1000BFF36F8F4FF00052C3F88020BFF34F8FF6
:10BE2000BFF36F8F1022C3F88420BFF34F8FBFF38F
:10BE30006F8F2022C3F88420BFF34F8FBFF36F8F23
:10BE40004022C3F88420BFF34F8FBFF36F8F4FF4AE
:10BE50008062C3F88420BFF34F8FBFF36F8FBDE8BC
:10BE6000084005F067B800BF00E100E008B505F044
:10BE700055F84FF000420A4B1A6001225A60042222
:10BE80005A6008225A604FF000521A6010225A601D
:10BE900020225A6040225A60BDE8084005F04AB8A6
:10BEA00000E100E0012370B5074C2370074B1E68CA
:10BEB000074B3240D3E9005319402840FBF7ECFB15
:10BEC0000023237070BD00BF3F2E0020582B0020A0
:10BED000B01400202DE9F047DDF820A003EA0108A6
:10BEE000099B06460D4602EA000703EA0A09BAF171
:10BEF000000F40F05C81031F0B4300F01C810528FC
:10BF000071F1000380F0F28050EA010300F07281C9
:10BF1000431E0B4300F03281FFF754FFB64AD2E9CB
:10BF2000004323EA050324EA06043C4343EA0807E6
:10BF3000B24BC2E900471E6826EA0A0646EA09062D
:10BF40001E60FFF7F5FE14F02A4F14BF48F20203FB
:10BF50004FF40043AA4AB007D26EAA4848BF43F440
:10BF6000005383EA020122EA0302C266A64A0B409A
:10BF70008166D366C4F380421203210348BF42F4B2
:10BF80008072E30648BF42F40052A04BA50648BFAA
:10BF900042F400726006D3F80C3248BF42F480626B
:10BFA000210648BF42F40062994882EA030123EA6D
:10BFB0000203C0F80C32974B0A40C0F80812C3F8CD
:10BFC0000C22BA0507F4007300F11081924A1D4655
:10BFD000D2F8A41002F50052C2F8A410C2F8A010C2
:10BFE0004FF05022C2F8A4308C4ADFF86C8282F8FD
:10BFF0008830E30448BF45F48035A00348BF45F4CA
:10C000008015A10748BF45F4001514F4001F06D0A1
:10C01000D8F800000EF081FC08B945F40025E202D2
:10C0200048BF45F40035FB067D4B48BF45F480050D
:10C030001A6A7C4985EA020323F001031A400A6266
:10C040001D40CB61784B16F0010F1D62774B784A8B
:10C0500018BF1A46774B7D071B6F48BF42F000623E
:10C06000754882EA030123EA02030367734B0A401F
:10C0700041661A67724A04F00103916CA0F58030A2
:10C0800081EA030221EA0301816442641A406D4B94
:10C0900020029A64D8F8002048BF6B4B92F81D210B
:10C0A00058BF6A4B610748BF43F4806322B114F460
:10C0B000C06F18BF43F4807332074FF03A42BDE8B7
:10C0C000F047D2F8181148BF43F0004383EA010259
:10C0D00022F4A0225E481140C0F818111340C0F8A5
:10C0E00014215C4AC2F81831FFF7C0BEA0F5806386
:10C0F0000B4306D020F48063A3F500730B437FF459
:10C100000BAF04F00BFF3C49D1E9003223EA0603F0
:10C1100022EA050242EA08023B43C1E900324E4AE4
:10C12000126892F81D114A4A09B313F4C06F1ED069
:10C130004FF4807311E004F0F1FE2F4AD2E9003190
:10C1400023F004033B4341EA080157EA0807C2E928
:10C1500000314FF480633E4A0BD0C2F81431A2F58F
:10C160008052C2F81831BDE8F04704F0E3BE4FF446
:10C170008073C2F81831C2F81431F4E704F0CEFE2F
:10C180001D4AD2E9003123F001033B4341EA080193
:10C19000C2E900310123314A57EA08071BBF536443
:10C1A000A2F580529364936408BF5364DBE750EABE
:10C1B00001037FF4B1AEBAF1010F7FF4ADAE04F02C
:10C1C000ADFE0E4A136823F0010343EA090313602E
:10C1D0004FF48063184AB9F1000F04D05366A2F5FA
:10C1E00080521367BFE713675366BCE701234FF420
:10C1F0008025F9E6BDE8F087B0140020582B002018
:10C20000004000B8006000B8005000B8004001B81D
:10C21000006001B8005001B800400050003F00B07D
:10C22000000002B8002002B8001002B8041C00038D
:10C230000418000300C001B800E001B800D001B844
:10C2400000C000B800D000B80D0A0A09090A0A099E
:10C25000002000BA001000BA3428002000E000B826
:10C26000024B5868C0F3C000704700BFB0140020F4
:10C27000024B186800F00100704700BFB0140020A6
:10C28000024B5868C0F3C030704700BFB0140020A4
:10C2900010B50446FEF75EF9FFF794FD04F1800047
:10C2A000FDF796F8FEF7ECF8FDF7E2FDFDF74EFE20
:10C2B000FFF7BCFB13490723134AD1F8FC1004F124
:10C2C000D800FFF7F5FB4FF080710020FDF79EFFCF
:10C2D0004FF000720D4B4FF400110120C3F8002104
:10C2E000FDF794FFFEF7CEFB20B940F2E7221421C0
:10C2F000FAF758FD0EF0E7FABDE810400120FDF70F
:10C30000ADBC00BF004F00B0A43F00B000D001B8EA
:10C310008022074B1A64082203F580531A64054AE9
:10C32000D2F8C43E23F02003C2F8C43E704700BFD9
:10C33000001002B8003000B008B504F0EFFDFFF7C0
:10C34000E7FF0122024B1A61BDE8084004F0F2BD8C
:10C35000000002B8F0B583B014460646FFF70CFBA8
:10C36000FCF77CFB002800F09780524B5D6915F0CC
:10C37000060540F0918004F0D1FD23790746022B99
:10C3800000953ED1237B022B35D00320FDF734FFEF
:10C3900018B9494BDB685B047BD5A37B257B003B4D
:10C3A00018BF0123A2684549012D01920B705ED090
:10C3B0000023434A434C13702278002A62D10420A0
:10C3C000FDF7F6FD04203B4E2A46736F0DEB00018E
:10C3D00023F0F85323F4F81343F0506343F480330D
:10C3E00073670223FDF702FE00285CD00121302292
:10C3F000354B2170DA64384604F09CFD002003B010
:10C40000F0BD0320FDF7F8FE002842D12279D6F8CE
:10C41000E030012A226839D0D51A0021254B2B4A59
:10C4200000955A679967637B294A8B4214BF0B4674
:10C4300001231370274B274AD3F8C43E4FF0030063
:10C440000CBF43F0200323F02003C2F8C43EFDF7E5
:10C45000AFFD184B204A03205A6769460123227911
:10C46000FDF7C4FDD0B101221C4B1A708AE7237975
:10C47000022B9DD0009BD6F8E01000250B441344FE
:10C48000019395E72370FFF753FC98E79A42C4D3D2
:10C49000C2E7384604F04EFD0320B0E7384604F00A
:10C4A00049FD0120ABE70320FDF782FD074B38462D
:10C4B0007367EFE700C001B8000002B8432E002008
:10C4C000402E0020412E0020001002B80000010183
:10C4D000422E0020003000B0010C0100442E00204C
:10C4E0002DE9F34100240D46074604F017FD1B4BD0
:10C4F000DFF874801C70FFF70BFF194B0646C8F875
:10C500007430C8F878406879431E58425841FBF7A8
:10C510003FFF40F60143C8F878302A792968012A9C
:10C52000D7F8E83001D1994200D3CC1A0423032074
:10C530000DEB03010194FDF759FD48B98822094B21
:10C5400030461A6404F0F6FC012002B0BDE8F08128
:10C55000304604F0EFFC0020F7E700BF442E002037
:10C5600000000101002002B800C001B8F8B5194C64
:10C570000546207840F20642B0FA80F03E2140099C
:10C58000FAF710FC55B9607840F20642BDE8F84071
:10C59000B0FA80F03E214009FAF704BC4FF440663F
:10C5A0000D4F0E4DD7F8043140F20642C3F38123FC
:10C5B0002370C5F8046160783E21B0FA80F040092C
:10C5C000FAF7F0FBD7F80831C3F381236370C5F89D
:10C5D0000861F8BD3D2E0020004000B8006000B8A2
:10C5E000F8B5084C084D236C0423084F2B64236CCA
:10C5F0005B0300D4F8BD042602203E640EF008F868
:10C600002E64F4E7000002B8001002B8002002B85F
:10C61000A82238B51A4B1D6C03F500531A6410227A
:10C620009A60A3F5804302F100521A675A66FFF739
:10C6300051FB144B1B7813B90320FDF7B9FC002400
:10C64000114B9C67FFF7CCFF104A114BD2F8EC1E40
:10C650000B40C2F8EC3E04220E4B1A640E4BAA06A5
:10C66000C3F8CC4008D503F580739B6FB3F5817F89
:10C6700022BF8022024B1A61BDE83840FCF79EB809
:10C68000000002B8442E002000C001B8003000B005
:10C69000DF0000FF002002B8003E00B010B528B94E
:10C6A00079B94FF4C062154BDA6210BD49B9144B29
:10C6B000DB681B0E13F00E0FF3D1124B1B6CD90766
:10C6C000EFD4FFF75DFB0E4C0020FEF79FF9032827
:10C6D00001D0092805D1A36ADA07F5D4636CDB031E
:10C6E000F2D4FFF77DFF0122074B5A6102229A62C2
:10C6F000042203F580531A64D3E700BF006001B839
:10C70000000002B800C002B8001002B808B503214A
:10C710000920FEF7D3F82022014B1A6108BD00BFA3
:10C72000000002B80D4A10B5D2F8A030D2F8A4101B
:10C730000B40B3F1804F0CD34FF040400849094CF7
:10C74000C1F8A400D467C1F8A0004FF48021064AC4
:10C75000D161034AC2F8A03010BD00BF00400050B4
:10C76000006000500000FF01001002B838B5054617
:10C7700004F0D4FB0446FCF7E5FD35B1FFF714FBEC
:10C780002046BDE8384004F0D5BB084B1B78002B91
:10C79000F6D0074B1D78002DF2D1FFF705FB2A4696
:10C7A0004FF480400021FFF77DFBE9E7402E002099
:10C7B0003F2E00202DE9F84F5E4B06460D461446ED
:10C7C0001B6C002A40F0AF8013F0A00F14BF4FF095
:10C7D00001094FF00009FBF7F1FFA0234FF0000A19
:10C7E000DFF86C810320C8F84030FDF7E1FB04203E
:10C7F000FDF7DEFB504FFFF7D7FA504B4FF0040B1D
:10C800007B67C7F878A0FFF7EBFE4D4B4FF48071C4
:10C81000D3F8C42E42F02002C3F8C42EFF22C8F879
:10C820000820444A1161D3F8EC2E46491140C3F860
:10C83000EC1EC8F840B0C3F8CCAE7B6913F0060F0D
:10C8400004D0FDF721FD5846FDF7B2FBB9F1000F0A
:10C8500008D04FF400623C4B1A644FF40042A3F539
:10C86000E0339A6666B1394BDB6C180701D4FFF7E9
:10C8700087FAFFF74BFF0420FDF79AFBFFF72AFA30
:10C880002C4B5A69D1074CD5DA6812F0706FFBD186
:10C890002F4B304A1A64304A936E23F0F0039366AC
:10C8A00015B12046FFF762FF2C4BD3F84C315A1CD0
:10C8B00005D05B0003D42A4B1B78012B36D801220C
:10C8C000234B5A616CB3214BDA6E03F500539A6621
:10C8D00003F5D0331B6A1E4A23F00103D361214BB9
:10C8E000D3F80C1203F50053C3F8081203F50053F4
:10C8F000D3F8841003F5005399674FF03A43D3F807
:10C90000181103F50053C3F81411174B996C03F574
:10C9100000535964154903F5803359664FF60843AF
:10C920001364BDE8F88F4FF0000954E7082BC9D114
:10C93000C5E700BF000002B800C001B80000010157
:10C94000003000B0DF0000FF001002B8004000B867
:10C95000002002B810003000003F00B00080E00F5F
:10C96000900E0020004001B800C000B85000002F19
:10C970009D4B2DE9F04F9F6EDB6E85B01F409B4BAA
:10C980009F664FF03A43D3F81451D3F818311D4045
:10C99000974BC3F81451974BD3F80822D3F80C32B5
:10C9A00002EA0309944BC3F8089203F52043DA69BD
:10C9B0001B6A02EA0308914B914A08EA0303D36118
:10C9C000904BD3F80422D20605D4D3F80431C3F334
:10C9D0000016DB0652D504F0A1FA8B4B5A695E6E45
:10C9E0001B6F12F0060F06EA0306884A26F0007352
:10C9F00014BF4FF0010A4FF0000A23F400637407DC
:10CA0000536606D5824A92F88D300133DBB282F844
:10CA10008D3004F08FFA002F00F0E38017F400430C
:10CA200000F0D48004F07AFA0146FFF76DF904466D
:10CA3000DFF8D4B1DBF82020DBF820309A42FBD0BD
:10CA4000DBF820209342FBD0FFF75EF9A04217D11C
:10CA5000084604F06FFA6F4B1C606F4BD3F840B080
:10CA60001BF4E0520ED124F07F4424F0DF040CB913
:10CA7000FFF7CEFD4FF0807B002414E0B246CAE7FA
:10CA80000446D7E70192FFF7C3FD5D4B019A1BF403
:10CA900080541A6440F09C801BF4806F0CBF4FF0F0
:10CAA000805B4FF0806BB80715D55B4A5448126C19
:10CAB00002F460410164002900F08D80110400F14E
:10CAC0008D8012F4005F0CBF4FF000524FF00062F7
:10CAD00000244BEA020BC7F340377F004F4A2A403D
:10CAE000002A4BD015F4206F0AD040F6050206212B
:10CAF0000020FAF757F90020FFF738FE25F48025CB
:10CB0000EB0506D5FF213E4A4BF4C06B9160FFF761
:10CB100037F915F0090F0BD040F61A020821002052
:10CB2000FAF740F9FFF7F2FD4FF03A420121516365
:10CB300015F0106F0CD040F6230209210020FAF7FF
:10CB400031F9FFF7E3FD002211461046FCF7CEFB5A
:10CB500015F4202F0AD040F62B0207210020FAF707
:10CB600021F90020FFF702FE25F48025E80301D516
:10CB7000FCF728FD002DB8BF47F0080769070ED560
:10CB80004FF03A42126B12F4005F4FF4005217BF9D
:10CB9000174923490A634BF4000B08BF0A636A056F
:10CBA00048BF4BF0040B15F48023019300F0A180E3
:10CBB000FCF7C6FC0138062834D8DFE810F017016E
:10CBC0001A0117011D012001230123019B4653E790
:10CBD0004FF0804B50E74FF0007279E74FF0004282
:10CBE00076E7BB463C4679E7004000B8006000B8F5
:10CBF000002000BA004001B8006001B80000F7FF53
:10CC0000002002B800E100E000C001B800E001B877
:10CC1000003E00B0542B0020000002B8090B0B8925
:10CC2000001000BA40F65C0203210020FAF7BAF8BF
:10CC30004FF03A400121D0F88C20D0F8AC3002F00F
:10CC40000702063201FA02F2C3F30C0CA2EB0C024B
:10CC500092B2072A12D9754A126C53020ED4744B41
:10CC6000C26CC06E5B6D5BB102F007020632914090
:10CC7000C0F30C00091A89B2072901D84BF4007BD4
:10CC80006C4A1278002A34D04FF03A42D2F814217C
:10CC900012F4A02F2DD1684A684912789AB9F2048B
:10CCA00011D40A787AB14FEADB02654842EA44724D
:10CCB00082F00102D0F8EC0E02F00102520020FADC
:10CCC00002F2930715D10420FDF772F95D4A5E4820
:10CCD0005067FFF769F859490A7832B95B4A5C49ED
:10CCE00012680BEA02020A4201D14BF4804B26F48F
:10CCF0008056B9F1000F1DD019F4805F18BF4BF4B6
:10CD0000802B19F4807F18BF4BF4002B19F4005FBF
:10CD100018BF4BF0100B19F4007F18BF4BF0200B1D
:10CD200019F4806F18BF4BF0400B19F4006F18BF57
:10CD30004BF0800BB8F1000F3AD018F4802F18BFD9
:10CD400044F4007418F4803F18BF4BF4805B18F46F
:10CD5000801F18BF4BF4003B18F4001F18BF4BF0A6
:10CD6000020B18F4003F18BF4BF4801B18F4800F1F
:10CD700018BF44F0100418F4002F19D0304AD2F82C
:10CD8000C42E12F0C00F13D02849CA68C2F3036240
:10CD9000032A01D0072A05D14A6CD00602D48A6C36
:10CDA000110732D54FF400212A4A28F40028D16116
:10CDB000002E00F01581320540F187802648DFF80B
:10CDC0008490C2782549002A4ED04FF40063013A7E
:10CDD000D2B24B66C27032B9214A1278C2B140F663
:10CDE0000141204A5167002200216BE04BF4803B57
:10CDF0001EE74BF4006B1BE74BF4806B18E74BF41A
:10CE0000807B15E74BF0080B12E74BF4001BCFE7D4
:10CE1000D9F8782012F4A05F15BF4FF4807240F665
:10CE20000142C9F85820C9F87820DCE7000002B8B0
:10CE3000004000B8412E0020402E0020422E00204D
:10CE4000003000B000C001B800000101B0140020A3
:10CE5000088D0100002002B8302E002000E001B84B
:10CE6000442E002000D001B80320FDF7A1F8D9F826
:10CE70001420A34B12F0060F04BF41F61F72A14904
:10CE8000A14808BF4A674FF400619E4A5166D9F82D
:10CE9000142012F0060208BFC9F87820B3F88E20DB
:10CEA00012F400615DD022F40062A3F88E200278B3
:10CEB00002F0FF09002A58D1FDF7E6F9FFF7A8FBB9
:10CEC0004A4620214BEA020B0C43B30009D52E2021
:10CED000FCF7AAFF4FF000518A4A44F0080411679A
:10CEE0005166F00606D52B20FCF79EFF1021854ADF
:10CEF0001167516616F0306F05D1F1045DD5BAF1B6
:10CF0000000F00F0A780320111D52920FCF78CFF1B
:10CF1000FFF7A6F948B17D4A7D487A494A6602671B
:10CF200000F54050C068430422D444F0040416F0D5
:10CF3000007A28D00420FDF73BF82720FCF774FF87
:10CF4000FFF766FB4FF000716E4A5166714AD2F8E6
:10CF5000EC1E490678D4704A0221916044F0020424
:10CF600028E002784FF40052ACE74FF400423BE770
:10CF70000A6720204A66FCF757FF2D2044F00C0476
:10CF8000FCF752FFD3E716F0807FDFF8909146D090
:10CF90000420FDF70DF82820FCF746FFD9F878208B
:10CFA000002A39D1FFF734FB564A584944F00104AE
:10CFB000116751660021594A9165320405D5584AD6
:10CFC000126890474BEA000B0C43730508D555498E
:10CFD0008A78002A00F08E80013A8A700022174376
:10CFE0003A4658462146FEF75DFF019B0BB1FCF720
:10CFF000DBFA01224C4B05F00435C3F814514B4BBE
:10D0000018F4002FC3F884211EBF4FF40022424BB6
:10D01000DA6105B0BDE8F08FC9F878A0C4E7F00484
:10D02000C8D50420FCF7C4FF414AC9F87420FDF7B5
:10D030002BF9D9F8642012F0407FBBD12A20FCF7ED
:10D04000F3FEFFF7E5FA81E7D2F8C42E930685D404
:10D05000384A81E733490A7952B1013AD2B20A71AA
:10D0600012B92B4A3449516700224BEA020BA4E75C
:10D070000420FCF79DFF0320FCF79AFF274A2C4968
:10D08000516703F04BFF81460DF10F00FDF7BEFC29
:10D090002A4A824612780AB1FEF772FEBAF1030FED
:10D0A0000ED1DFF8A0A00020FDF7B0FC032807D1C7
:10D0B000DAF82820D007F6D4DAF84420D103F2D4E5
:10D0C0009DF80F20032A06D101211D4A4846117000
:10D0D00003F030FFC8E74FF03A42D2F8142112F4BF
:10D0E000A02FF1D1FEF760FE484603F023FF4FF476
:10D0F0008042BAE70220FCF75BFF01226FE700BF26
:10D10000003E00B000E001B8442E002010000020D6
:10D1100000D001B8003000B0002002B800C001B853
:10D120007C0C0020302E0020002000BA00E100E03E
:10D1300000000101001002B80000010D432E002084
:10D14000402E0020000002B80122024B1A62DA6170
:10D15000704700BF002002B8074A08B5D369116ABA
:10D160000B40064998B2DB07C86104D5D068C0F30C
:10D170000360FFF7E9FF08BD000002B8002002B815
:10D180000C4A08B5536C926C13400B4A5364DB078E
:10D190000FD50A4B4FF42A621878122100F00100D3
:10D1A000F9F700FEBDE80840002201200021FEF74B
:10D1B00079BE08BD00C000B800E000B8B01400207F
:10D1C000184B70B51C6C5A6C1440174A24F00201BD
:10D1D0001164E10705D540F6E72200201968F9F748
:10D1E000E1FDA2071CD502220F4B1A64A3F50053E0
:10D1F0005B68DBB2A3B9FDF715F804460D460B4E8C
:10D20000D6F8F433DB060BD5FDF70CF802460B46D7
:10D2100020462946FCF7BAFE652871F10001EFD3DC
:10D2200070BD00BF008002B800A002B8000002B8C4
:10D2300070B580260A4C0B4DD4F88430DB070AD435
:10D24000A36FD4F884201340074A936770BDFFF79B
:10D25000B7FFC5F88461D5F804311A06F7D4EBE7B7
:10D26000008001B800E100E000A001B870B51446EC
:10D270000D4603F053FE064BD3F8C46E74402C40A9
:10D280007440C3F8C44E03F055FE06EA050070BDB5
:10D29000003000B0034BD3F8C43E99430CBF0120CB
:10D2A00000207047003000B01E4BD3F8C43E13F08E
:10D2B00001001ED01C4B93F848001C4A40F08073BC
:10D2C000C2F8CC304FF480131949C1F8B430A1F53D
:10D2D0008051C1F8B830D2F80C31DBB2FF2B1FD02F
:10D2E000984294BF0020012040F6D3323C21F9F748
:10D2F00059BD1A06E1D40F4A92F8471121B1DB0655
:10D3000002D592F84401D8E74FF480120020084B70
:10D310000649C3F8B820C1F8CC00C3F8B420704760
:10D320000120E1E7003000B0003F00B0004000B84D
:10D33000006000B8003E00B081F0004102E000BF94
:10D3400083F0004330B54FEA41044FEA430594EAC5
:10D35000050F08BF90EA020F1FBF54EA000C55EA00
:10D36000020C7FEA645C7FEA655C00F0E2804FEAD1
:10D370005454D4EB5555B8BF6D420CDD2C4480EAB3
:10D38000020281EA030382EA000083EA010180EAE3
:10D39000020281EA0303362D88BF30BD11F0004F31
:10D3A0004FEA01314FF4801C4CEA113102D0404267
:10D3B00061EB410113F0004F4FEA03334CEA1333A2
:10D3C00002D0524263EB430394EA050F00F0A780BA
:10D3D000A4F10104D5F1200E0DDB02FA0EFC22FAB5
:10D3E00005F2801841F1000103FA0EF2801843FAA9
:10D3F00005F359410EE0A5F120050EF1200E012A9A
:10D4000003FA0EFC28BF4CF0020C43FA05F3C018D7
:10D4100051EBE37101F0004507D54FF0000EDCF150
:10D42000000C7EEB00006EEB0101B1F5801F1BD3F9
:10D43000B1F5001F0CD349085FEA30004FEA3C0CFD
:10D4400004F101044FEA445212F5800F80F09A80F3
:10D45000BCF1004F08BF5FEA500C50F1000041EBF7
:10D46000045141EA050130BD5FEA4C0C404141EBFB
:10D470000101013C28BFB1F5801FE9D291F0000FF6
:10D4800004BF01460020B1FA81F308BF2033A3F1A5
:10D490000B03B3F120020CDA0C3208DD02F1140C9C
:10D4A000C2F10C0201FA0CF021FA02F10CE002F1D7
:10D4B0001402D8BFC2F1200C01FA02F120FA0CFCD0
:10D4C000DCBF41EA0C019040E41AA2BF01EB045119
:10D4D000294330BD6FEA04041F3C1CDA0C340EDC17
:10D4E00004F11404C4F1200220FA04F001FA02F35A
:10D4F00040EA030021FA04F345EA030130BDC4F118
:10D500000C04C4F1200220FA02F001FA04F340EA0C
:10D510000300294630BD21FA04F0294630BD94F0BD
:10D52000000F83F4801306BF81F480110134013DA4
:10D530004EE77FEA645C18BF7FEA655C29D094EA15
:10D54000050F08BF90EA020F05D054EA000C04BF93
:10D550001946104630BD91EA030F1EBF002100207E
:10D5600030BD5FEA545C05D14000494128BF41F01D
:10D57000004130BD14F580043CBF01F5801130BD81
:10D5800001F0004545F0FE4141F470014FF000000C
:10D5900030BD7FEA645C1ABF194610467FEA655CBD
:10D5A0001CBF0B46024650EA013406BF52EA03355F
:10D5B00091EA030F41F4002130BD00BF90F0000F4D
:10D5C00004BF0021704730B54FF4806404F1320489
:10D5D0004FF000054FF0000150E700BF90F0000F42
:10D5E00004BF0021704730B54FF4806404F1320469
:10D5F00010F0004548BF40424FF000013EE700BF39
:10D6000042004FEAE2014FEA31014FEA02701FBFC8
:10D6100012F07F4393F07F4F81F06051704732F0FA
:10D620007F4208BF704793F07F4F04BF41F4002151
:10D63000704730B54FF4607401F0004521F00041AF
:10D640001CE700BF50EA010208BF704730B54FF039
:10D6500000050AE050EA010208BF704730B511F03A
:10D66000004502D5404261EB41014FF4806404F172
:10D6700032045FEA915C3FF4D8AE4FF003025FEAF8
:10D68000DC0C18BF03325FEADC0C18BF033202EB7C
:10D69000DC02C2F1200300FA03FC20FA02F001FAD6
:10D6A00003FE40EA0E0021FA02F11444BDE600BF79
:10D6B00070B54FF0FF0C4CF4E06C1CEA11541DBF28
:10D6C0001CEA135594EA0C0F95EA0C0F00F0DEF8F3
:10D6D0002C4481EA030621EA4C5123EA4C5350EAD8
:10D6E000013518BF52EA033541F4801143F4801329
:10D6F00038D0A0FB02CE4FF00005E1FB02E506F0BA
:10D700000042E0FB03E54FF00006E1FB03569CF00E
:10D71000000F18BF4EF0010EA4F1FF04B6F5007F14
:10D7200064F5407404D25FEA4E0E6D4146EB060686
:10D7300042EAC62141EA55514FEAC52040EA5E500F
:10D740004FEACE2EB4F1FD0C88BFBCF5E06F1ED8B9
:10D75000BEF1004F08BF5FEA500E50F1000041EBF0
:10D76000045170BD06F0004646EA010140EA02009D
:10D7700081EA0301B4EB5C04C2BFD4EB0C0541EABF
:10D78000045170BD41F480114FF0000E013C00F3D4
:10D79000AB8014F1360FDEBF002001F0004170BDF8
:10D7A000C4F10004203C35DA0C341BDC04F1140411
:10D7B000C4F1200500FA05F320FA04F001FA05F29D
:10D7C00040EA020001F0004221F0004110EBD3706A
:10D7D00021FA04F642EB06015EEA430E08BF20EA96
:10D7E000D37070BDC4F10C04C4F1200500FA04F339
:10D7F00020FA05F001FA04F240EA020001F00041CB
:10D8000010EBD37041F100015EEA430E08BF20EA3D
:10D81000D37070BDC4F1200500FA05F24EEA020E85
:10D8200020FA04F301FA05F243EA020321FA04F0B4
:10D8300001F0004121FA04F220EA020000EBD3706B
:10D840005EEA430E08BF20EAD37070BD94F0000F6B
:10D850000FD101F00046400041EB010111F4801F9F
:10D8600008BF013CF7D041EA060195F0000F18BF50
:10D87000704703F00046520043EB030313F4801F8C
:10D8800008BF013DF7D043EA0603704794EA0C0F46
:10D890000CEA135518BF95EA0C0F0CD050EA41065C
:10D8A00018BF52EA4306D1D181EA030101F00041D9
:10D8B0004FF0000070BD50EA410606BF1046194601
:10D8C00052EA430619D094EA0C0F02D150EA01360D
:10D8D00013D195EA0C0F05D152EA03361CBF10464E
:10D8E00019460AD181EA030101F0004141F0FE41ED
:10D8F00041F470014FF0000070BD41F0FE4141F471
:10D90000780170BD70B54FF0FF0C4CF4E06C1CEA70
:10D9100011541DBF1CEA135594EA0C0F95EA0C0F25
:10D9200000F0A7F8A4EB050481EA030E52EA0335E0
:10D930004FEA013100F088804FEA03334FF0805501
:10D9400045EA131343EA12634FEA022245EA11152E
:10D9500045EA10654FEA00260EF000419D4208BFDF
:10D96000964244F1FD0404F5407402D25B084FEA8C
:10D970003202B61A65EB03055B084FEA32024FF438
:10D9800080104FF4002CB6EB020E75EB030E22BF95
:10D99000B61A754640EA0C005B084FEA3202B6EB55
:10D9A000020E75EB030E22BFB61A754640EA5C0004
:10D9B0005B084FEA3202B6EB020E75EB030E22BF94
:10D9C000B61A754640EA9C005B084FEA3202B6EB95
:10D9D000020E75EB030E22BFB61A754640EADC0054
:10D9E00055EA060E18D04FEA051545EA16754FEAB6
:10D9F00006164FEAC30343EA52734FEAC2025FEAD4
:10DA00001C1CC0D111F4801F0BD141EA00014FF062
:10DA100000004FF0004CB6E711F4801F04BF014333
:10DA20000020B4F1FD0C88BFBCF5E06F3FF6AFAE4F
:10DA3000B5EB030C04BFB6EB020C5FEA500C50F1DF
:10DA4000000041EB045170BD0EF0004E4EEA113162
:10DA500014EB5C04C2BFD4EB0C0541EA045170BD69
:10DA600041F480114FF0000E013C90E645EA060EAD
:10DA70008DE60CEA135594EA0C0F08BF95EA0C0FDB
:10DA80003FF43BAF94EA0C0F0AD150EA01347FF423
:10DA900034AF95EA0C0F7FF425AF104619462CE7FA
:10DAA00095EA0C0F06D152EA03353FF4FDAE10465D
:10DAB000194622E750EA410618BF52EA43067FF4AE
:10DAC000C5AE50EA41047FF40DAF52EA43057FF43E
:10DAD000EBAE12E74FF0FF3C06E000BF4FF0010C49
:10DAE00002E000BF4FF0010C4DF804CD4FEA410CAD
:10DAF0007FEA6C5C4FEA430C18BF7FEA6C5C1BD07A
:10DB000001B050EA410C0CBF52EA430C91EA030FFA
:10DB100002BF90EA020F0020704710F1000F91EA57
:10DB2000030F58BF994208BF90422CBFD8176FEA25
:10DB3000E37040F0010070474FEA410C7FEA6C5CF3
:10DB400002D150EA013C07D14FEA430C7FEA6C5CFA
:10DB5000D6D152EA033CD3D05DF8040B704700BF26
:10DB60008446104662468C461946634600E000BF74
:10DB700001B5FFF7B7FF002848BF10F1000F01BD46
:10DB80004DF808EDFFF7F4FF0CBF012000205DF811
:10DB900008FB00BF4DF808EDFFF7EAFF34BF012096
:10DBA00000205DF808FB00BF4DF808EDFFF7E0FF2F
:10DBB00094BF012000205DF808FB00BF4DF808ED80
:10DBC000FFF7CEFF94BF012000205DF808FB00BFE7
:10DBD0004DF808EDFFF7C4FF34BF012000205DF8C9
:10DBE00008FB00BF4A0011D212F5001211D20DD568
:10DBF0006FF47873B3EB62520ED44FEAC12343F053
:10DC0000004343EA505323FA02F070474FF00000FC
:10DC1000704750EA013002D14FF0FF3070474FF0AB
:10DC20000000704753B94AB9002908BF00281CBF3B
:10DC30004FF0FF314FF0FF3000F082B9ADF1080C2A
:10DC40006DE904CE00F006F8DDF804E0DDE902231A
:10DC500004B070472DE9F04F099D0C46002B4DD1C3
:10DC60008A420F4684469646B2FA82F360D94BB197
:10DC700002FA03FEC3F120029F4000FA03FC20FADF
:10DC800002F217434FEA1E461FFA8EF44FEA1C4277
:10DC9000B7FBF6F106FB117701FB04F042EA0742FD
:10DCA000904208D91EEB020201F1FF3702D29042E6
:10DCB00000F231813946121A1FFA8CFCB2FBF6F0E1
:10DCC00006FB102200FB04F44CEA024C644508D920
:10DCD0001EEB0C0C00F1FF3202D2644500F21E81F3
:10DCE000104640EA0140ACEB040C002125B12CFAAF
:10DCF00003F30022C5E90032BDE8F08F8B4205D95D
:10DD00000DB1C5E9000100210846F5E7B3FA83F13A
:10DD100000294DD1A342C0F0F380904280F0F08002
:10DD2000064623460846002DE6D0C5E90063E3E732
:10DD3000002B40F0A3808A1A4FEA1E471FFA8EF686
:10DD40000121B2FBF7F407FB14204FEA1C4242EA20
:10DD5000004206FB04F090420FD91EEB020204F1D0
:10DD6000FF382CBF4FF001094FF00009904203D952
:10DD7000B9F1000F00F0CC804446121A1FFA8CFC57
:10DD8000B2FBF7F007FB102200FB06F64CEA024C50
:10DD9000664508D91EEB0C0C00F1FF3202D2664535
:10DDA00000F2B3801046ACEB060C40EA04409DE75D
:10DDB000C1F120068B4004FA01FE22FA06F720FA90
:10DDC00006FCF4408A401F434EEA0C0300FA01FEB1
:10DDD0004FEA17484FEA13491FFA87FCB4FBF8F0E3
:10DDE00008FB104449EA044400FB0CF9A1450ED994
:10DDF0003C1900F1FF3A2CBF4FF0010B4FF0000B24
:10DE0000A14503D9BBF1000F00F08B805046A4EB75
:10DE100009041FFA83F9B4FBF8F308FB134403FB6E
:10DE20000CFC49EA0444A44506D93C1903F1FF3827
:10DE300001D2A4457BD8434643EA0040A4EB0C043E
:10DE4000A0FB02984445CC46434602D306D1CE45BA
:10DE500004D20138B9EB020C68EB0703002D6CD03B
:10DE6000BEEB0C0264EB030422FA01F304FA06F69B
:10DE7000CC4000211E43C5E900643DE702FA03FEE1
:10DE8000C3F1200104FA03F200FA03FCCC404FEA8C
:10DE90001E4720FA01F11FFA8EF6B4FBF7F00A4391
:10DEA00007FB1044110C41EA044100FB06F48C42CC
:10DEB0000ED91EEB010100F1FF382CBF4FF0010914
:10DEC0004FF000098C4202D9B9F1000F2CD0404626
:10DED000091B92B2B1FBF7F407FB141142EA0142AD
:10DEE00004FB06F1914207D91EEB020204F1FF3850
:10DEF00001D291421ED84446521A44EA004120E71A
:10DF0000861A64EB030301200DE7F44402384AE764
:10DF1000023C724431E702397244CCE6F4440238E0
:10DF2000DFE602383C4472E702387144D0E7023B36
:10DF30003C4481E7023C7244DEE72946DCE600BF50
:10DF4000704700BF024B0A46014618680CF0E7BC58
:10DF5000A40C002008B5064B044613B10021AFF312
:10DF60000080044B1B6803B19847204604F0D5FBA2
:10DF7000000000009C2C0020024B0146186800F0B5
:10DF80002DB800BFA40C0020024B0146186800F019
:10DF9000E9BD00BFA40C002070B50F4E0C4605462D
:10DFA000316811B900F098FD30602146284600F034
:10DFB00093FD431C03D14FF0FF34204670BDC41CB9
:10DFC00024F00304A042F8D0211A284600F084FD72
:10DFD0000130F2D1EFE700BF5C2B00202DE9F041CA
:10DFE000CD1C064625F0030508350C2D38BF0C2541
:10DFF000002D01DBA94204D90C2333600020BDE8C9
:10E00000F081314F00F062F83B681C4644BB294662
:10E010003046FFF7C1FF431C044650D13C682146FF
:10E02000002941D1002C44D02368304604EB03087A
:10E0300000F052FD80453CD1216830466D1A2946DA
:10E04000FFF7AAFF013034D023682B4423603B68DC
:10E05000002B36D05A68A24229D100225A600EE025
:10E060002268521B1DD40B2A16D96119A3422560C0
:10E0700018BF5960636808BF396062514B60304611
:10E0800000F02AF804F10B00231D20F00700C21A4B
:10E09000B5D01B1AA350B2E7A3426268DED13A6042
:10E0A000EDE723466468B1E70C464968B8E71346D4
:10E0B000CEE70C233046336000F00EF89EE7056093
:10E0C000DDE75B60FFDE00BF602B002001480CF045
:10E0D000E1BD00BF452E002001480CF0DCBD00BFB3
:10E0E000452E00202DE9F04F8DB00C4616461F46F8
:10E0F000DDF85880054600F0B7FC03681846049325
:10E100000CF0E5FD002305900A93D8F8003094F850
:10E1100018A00733D4F800B023F0070303F1080276
:10E12000C8F800204FF0FF32D3E9008929F00043FE
:10E13000CDF8188007939C4BDDE90601C4E91289EC
:10E1400001F07EFF70BB4FF0FF32974BDDE9060117
:10E15000FFF72AFD30BB0022002340464946FFF767
:10E1600019FD10B12D2384F84330904A904BBAF139
:10E17000470F94BF9046984603234FF00009236150
:10E180002BF00403236033460BAA21462846009750
:10E190000CF07AFC013040F096804FF0FF300DB06B
:10E1A000BDE8F08F42464B464046494601F048FFE5
:10E1B00040B14B467F4A002BBCBF2D2384F843302F
:10E1C0007D4BD4E763685A1C26D1062363604BF469
:10E1D000806200232846226003930AABCDE901A3A5
:10E1E00009AB49EC108B00930DF1230361680CF02F
:10E1F000AAFBBAF1670F8046099915D1CB1C3BDB0E
:10E200006368994238DC0A9B994255DB2368216197
:10E21000D80745D54B1C42E00AF0DF02472AD6D189
:10E22000002BD4D10123D1E7BAF1470F07D1C81C85
:10E2300025DB63688B4222DB4FF0670AE3E7BAF124
:10E24000650F1FD80139524604F1500009910CF0B6
:10E25000E2FB0A9A81461318012A236102DC226834
:10E26000D20701D5013323619DF82330002B8AD0DA
:10E270002D2384F8433086E74FF0650AE2E74FF03C
:10E28000450ADFE7BAF1660FBDD1002963680BDDEF
:10E29000216113B92268D00702D501330B442361F1
:10E2A0004FF00009A165DFE713B92268D20701D555
:10E2B0000233F4E70123F2E70029D4BFC1F10202DF
:10E2C00001221344EBE723685A0507D42369424629
:10E2D00031462846B84701302BD15EE7BAF1650FC9
:10E2E00040F2DD8000220023D4E91201FFF748FC50
:10E2F000002833D00123314A31462846B84701303F
:10E300003FF44BAFDDE90938434502DB2368D8070A
:10E310000FD531462846DDE90423B84701303FF4E4
:10E320003CAF4FF0000908F1FF3804F11A0AC84564
:10E3300009DC23689B0700F10381E0680B9B98428E
:10E34000B8BF18462BE70123524631462846B84746
:10E3500001303FF422AF09F10109E8E7099B002BE6
:10E3600039DC0123154A31462846B84701303FF4CD
:10E3700014AFDDE9093959EA030302D12368D9074B
:10E38000D7D531462846DDE90423B84701303FF4AC
:10E3900004AF4FF0000A04F11A0B099B5B4253458E
:10E3A0000EDC4B4693E700BFFFFFEF7FD9FE020074
:10E3B000DDFE0200E1FE0200E5FE0200E9FE0200D1
:10E3C00001235A4631462846B84701303FF4E5AEAE
:10E3D0000AF1010AE1E7A36DDDF828A05345A8BFC3
:10E3E0005346002B994636DC4FF0000B29EAE979B9
:10E3F00004F11A02A36D0693A3EB09035B4531DC1C
:10E40000099B9A453ADC2368DA0737D4099BAAEBC3
:10E410000309069BAAEB03039945A8BF9946B9F1E6
:10E42000000F33DC4FF0000829EAE97904F11A0BF8
:10E43000099BAAEB0303A3EB090343457FF779AFDD
:10E4400001235A4631462846B84701303FF4A5AE6D
:10E4500008F10108ECE7424631462846B84701304A
:10E46000C2D19AE60123314628460692B8470130C8
:10E470003FF493AE0BF1010B069ABBE7DDE90423F1
:10E4800031462846B8470130C0D186E6069A4B4649
:10E49000314628464244B8470130C3D17DE6DDF815
:10E4A00028A0BAF1010F01DCDB0736D50123424673
:10E4B00031462846B84701303FF46FAE3146284612
:10E4C000DDE90423B84701303FF467AE00220023A2
:10E4D0000AF1FF3AD4E91201FFF752FBC0B95346E3
:10E4E00008F1010231462846B84701300CD154E604
:10E4F00001235A4631462846B84701303FF44DAE15
:10E5000008F10108D045F3DB4B4604F15002DFE689
:10E510004FF0000804F11A0BF4E701234246E1E74B
:10E5200001234A4631462846B84701303FF435AE0C
:10E5300008F10108E3680B995B1A4345F0DCFCE63F
:10E540004FF0000804F11909F4E700BF2DE9FF4777
:10E550000F7E914680460C46782F9A460C9E01F11C
:10E56000430207D8622F0AD8002F00F0DD80582F11
:10E5700000F0C38004F1420684F842703AE0A7F14B
:10E580006303152BF6D801A151F823F0E5E501004E
:10E59000F9E5010075E5010075E5010075E501008B
:10E5A00075E50100F9E5010075E5010075E501007B
:10E5B00075E5010075E501000FE7010087E6010040
:10E5C000C7E6010075E5010075E5010031E70100CE
:10E5D00075E5010087E6010075E5010075E50100BC
:10E5E000CFE6010033681A1D1B68326004F1420651
:10E5F00084F842300123A8E031682368081D3060A8
:10E600001E0601D50D6803E05D06FBD5B1F900508B
:10E61000002D616878DA2D200029A16084F843007C
:10E620002DDA6D425D480A231646B5FBF3F103FB74
:10E630001157C75D06F8017D2F460D46BB42F4D940
:10E64000082B0BD12368DF0708D52369616899423D
:10E65000DEBF302306F8013C06F1FF36921B226133
:10E660004B4603AA21464046CDF800A00CF00CFA18
:10E6700001306FD14FF0FF3004B0BDE8F08723F0D8
:10E6800004032360CDE721683368080653F8045B70
:10E6900002D4490648BFADB26F2F33603F4814BF64
:10E6A0000A230823002184F843106668002EA66020
:10E6B000BADB216821F004012160002DB4D1002EC5
:10E6C000B2D11646BCE7236843F0200323607827C5
:10E6D0003348236884F845701F06316851F8045B9D
:10E6E00002D45F0648BFADB23160D90744BF43F0E2
:10E6F000200323601DB11023D4E72848E9E72368ED
:10E7000023F020032360F6E724480A23CDE733688B
:10E710002568181D616930602E061B6801D51960D7
:10E7200002E06806FBD5198000231646236197E7AF
:10E73000336800211A1D32601E68626830460CF092
:10E74000ABFA08B1801B606063682361002384F822
:10E75000433085E72369324649464046D047013079
:10E7600088D023689B0714D4E068039B9842B8BF05
:10E77000184681E70123324649464046D0470130DA
:10E780003FF478AF0135E36803995B1AAB42F1DCE3
:10E79000EAE7002504F11906F5E700BFEBFE0200E9
:10E7A000FCFE0200002310B50446836081811946F7
:10E7B0004366C28108228361C0E90033C0E90433A3
:10E7C0005C300CF05EFA0D4B246263620C4BA3626A
:10E7D0000C4BE3620C4B23630C4B9C4206D003F1C1
:10E7E0006802944202D0D0339C4205D104F1580013
:10E7F000BDE810400CF04DBA10BD00BFA9AB02003F
:10E80000CBAB020003AC020027AC0200642B00205B
:10E81000024A034903480CF0A9B900BF980C002034
:10E8200025B00200A80C002041680C4B994210B59D
:10E83000044601D00CF0F6FBA168094B994202D0C6
:10E8400020460CF0EFFBE168064B994204D02046CD
:10E85000BDE810400CF0E6BB10BD00BF642B0020EB
:10E86000CC2B0020342C002010B50B4B04210B4C7A
:10E870000B4A20461A600022FFF794FF04F168005B
:10E8800001220921FFF78EFF04F1D000022212219C
:10E89000BDE81040FFF786BF9C2C0020642B0020B1
:10E8A00011E8010001480CF0F5B900BF462E002028
:10E8B00001480CF0F0B900BF462E002010B5044608
:10E8C000FFF7F0FF236A1BB1BDE81040FFF7F0BF70
:10E8D000044B2362044B1B68002BF5D1FFF7C4FFE8
:10E8E000F2E700BF29E801009C2C00202DE9F74346
:10E8F0001D46574B04460E461F68904627B13B6A9B
:10E9000013B93846FFF7DAFFB8F1020F06D0B8F1B5
:10E91000010F00F29980002DC0F29680636ED90736
:10E9200005D4A3899A0502D4A06D0CF0B3F9214651
:10E9300038460CF077FB616B41B104F14403994216
:10E9400002D0384600F00EF9002363630023A36170
:10E950006360A3891B0603D52169384600F002F9DC
:10E96000A389B8F1020F23F44A6323F00303A381C0
:10E9700060D001AB6A46214638460CF07BFBA38988
:10E980001843A0812DBB009D2846FFF7F5FA0646E7
:10E99000002851D1DDF80090A9453FD14FF0FF3557
:10E9A000B4F90C3043F00202A2810022A26004F10B
:10E9B00047022260226101226261626ED60704D49E
:10E9C000980502D4A06D0CF066F9284603B0BDE8A6
:10E9D000F083002ED8D03B6A13B93846FFF76EFF9C
:10E9E000B8F1010F266002BFA38943F00103A381A0
:10E9F000B4F90C3013F00802C4E904651ED0D9073D
:10EA000045BF00226D42A560A26048BFA561626E4D
:10EA1000D20701D49B0513D50025D6E74846FFF75A
:10EA2000ABFA06460028B9D0A3894D4643F08003CF
:10EA3000A381D0E70025B3E7A946F5E7A260E6E7A2
:10EA4000A06D0CF028F9E7E74FF0FF35BDE700BFF8
:10EA5000A40C00200B46034902460868816800F0B8
:10EA6000EBBB00BFA40C002000487047E40D002061
:10EA700038B50023054D044608462B6003F047FED9
:10EA8000431C02D12B6803B1236038BDA02C0020A9
:10EA900038B50446064D0846114600222A601A463B
:10EAA00003F05BFE431C02D12B6803B1236038BD29
:10EAB000A02C002038B50446064D08461146002219
:10EAC0002A601A4603F051FE431C02D12B6803B1A1
:10EAD000236038BDA02C002038B50023054D044626
:10EAE00008462B60E3F7ECFF431C02D12B6803B10F
:10EAF000236038BDA02C002038B50446064D0846DA
:10EB0000114600222A601A4603F047FE431C02D138
:10EB10002B6803B1236038BDA02C002070B50D4DCB
:10EB200000260D4C641BA410A64209D10B4D0026F3
:10EB30000B4C0DF005F8641BA410A64205D170BD66
:10EB400055F8043B01369847EEE755F8043B01368B
:10EB50009847F2E7D4110020D4110020D4110020EE
:10EB6000D811002038B50546002941D051F8043CA1
:10EB70000C1F002BB8BFE418FFF7A8FA1D4A136852
:10EB800033B9636014602846BDE83840FFF7A4BA83
:10EB9000A34208D9206821188B4201BF19685B681D
:10EBA00009182160EDE71A465B680BB1A342FAD958
:10EBB00011685018A0420BD1206801445018116010
:10EBC0008342E0D118685B68084453601060DAE75C
:10EBD00002D90C232B60D6E7206821188B4202BF94
:10EBE00019685B680918636008BF21605460CAE750
:10EBF00038BD00BF602B002070B5C66904460D46C5
:10EC000076B91020FFF7B8F90246E06120B9184B39
:10EC10006B21184800F0A0FCC0E901660660C660E0
:10EC2000E669F36883B1E369DB6853F82500B8B996
:10EC30000121204601FA05F6721D92000BF06FFECD
:10EC400060B1C0E901560EE02122042120460BF0FC
:10EC500066FEE369F060DB68002BE4D1002070BD44
:10EC6000026843F825200023C0E90333F7E700BF1B
:10EC70001AFF02009BFF020070B5C66905460C46EC
:10EC800076B91020FFF778F90246E86120B9094B00
:10EC90008F21094800F060FCC0E901660660C6608B
:10ECA0003CB1EB696268DB6853F82210216043F8DD
:10ECB000224070BD1AFF02009BFF02002DE9F041C7
:10ECC00001F1140C07460C461E460D690020DCF8C5
:10ECD0000030013099B2854202FB01614FEA1346D0
:10ECE0004FEA114389B202FB063301EB03414FEABD
:10ECF00013464CF8041BEADC0EB3A368AB4219DCE4
:10ED0000616838460131FFF777FF804628B902462F
:10ED10000C4BBA210C4800F01FFC226904F10C01D5
:10ED20000C30023292000BF0C5FF214644463846B3
:10ED3000FFF7A2FF04EB850301355E6125612046E4
:10ED4000BDE8F0818AFF02009BFF020010B50C466F
:10ED50000121FFF751FF024628B9054B40F245114A
:10ED6000044800F0F9FB01234461036110BD00BFBA
:10ED70008AFF02009BFF02002DE9F04F14460A694A
:10ED80000F4685B023699A42A2BF23460C461F4610
:10ED9000D4F810A0A368D7F8109061680AEB0906B0
:10EDA000B342B8BF0131FFF727FF30B90246454BE8
:10EDB0004FF4B171444800F0CFFB00F1140500227C
:10EDC00005EB86082B46434521D307F1140104F1D6
:10EDD000140204F1150702EB8A0201EB8903029386
:10EDE000131B153B23F003030433BA4238BF04233B
:10EDF0000193029B03918B420CD8002E03DD58F83F
:10EE0000043D002B5BD0066105B0BDE8F08F43F8F0
:10EE1000042BD8E7B1F800A0BAF1000F24D004F118
:10EE2000140EA9464FF0000C5EF8047BD9F80030B0
:10EE30001FFA87FB72459BB20AFB0B334FEA174B55
:10EE4000D9F8007063444FEA174C0AFB0BC707EB75
:10EE500013479BB24FEA174C43EA074349F8043B78
:10EE6000E2D8019B45F803C0039B0431B3F802903C
:10EE7000B9F1000F21D02B6804F1140CAE464FF00D
:10EE8000000ABCF800B09BB2BEF8027009FB0B7719
:10EE9000574443EA07434EF8043B5CF8043B4FEA0F
:10EEA000134ABEF80030624509FB0A3303EB1743EF
:10EEB0004FEA134AE5D8019FEB51043599E7013E2B
:10EEC0009BE700BF8AFF02009BFF02002DE9F84389
:10EED000154612F0030207460E4607D0013A254CAC
:10EEE000002354F82220FFF7E9FE0646AD103DD07E
:10EEF000FC697CB91020FFF73FF80246F86128B999
:10EF00001D4B40F2B3111D4800F026FBC0E901443F
:10EF10000460C460D7F81C80D8F808404CB940F2AF
:10EF200071213846FFF712FF00230446C8F8080095
:10EF300003604FF00009EB070AD5314622463846F8
:10EF4000FFF71AFF8046314638464646FFF794FEE3
:10EF50006D100BD0206838B9224621463846FFF79D
:10EF60000BFF2060C0F800900446E4E73046BDE89F
:10EF7000F88300BFF8FF02001AFF02009BFF0200A7
:10EF80002DE9F0470C46074691464FEA621A23697D
:10EF9000496803EB6218A36808F10106B3420BDB72
:10EFA0003846FFF729FE054648B90246284B4FF47C
:10EFB000EF71284800F0D0FA01315B00EEE7002342
:10EFC00000F1140100F110021846534533DB2AEA20
:10EFD000EA7A04F11403206919F01F0901EB8A0190
:10EFE00003EB800C2BD0C9F1200E8A460022186852
:10EFF00000FA09F010434AF8040B53F8042B9C451F
:10F0000022FA0EF2F3D8ACEB040304F11500153B21
:10F0100023F003030433844538BF0423CA500AB1E4
:10F0200008F10206013E384621462E61FFF724FE14
:10F030002846BDE8F087013342F8040FC5E70439DC
:10F0400053F8042B9C4541F8042FF9D8EAE700BF98
:10F050008AFF02009BFF02002DE9F74F8946064612
:10F060001146144648460BF016FF051E12D12946DC
:10F070003046FFF7C1FD024628B9414B40F2372127
:10F08000404800F069FA0123C0E90435104603B096
:10F09000BDE8F08FBCBF4B46A1463046B8BF012546
:10F0A000D9F80410B4BF1C460025FFF7A5FD0246A1
:10F0B00018B9334B40F24521E2E7D9F8107004F15A
:10F0C000140E266900F1140BC56009F1140509F14D
:10F0D00010030EEB860605EB8708D9464FF0000CAF
:10F0E0000193019B5EF8040B53F804AF764501933E
:10F0F0001FFA8AF3194683B24FEA1040A1EB0303CB
:10F10000C0EB1A40634400EB23409BB24FEA204C13
:10F1100043EA004349F8043BE3D8331B1534153B5D
:10F1200023F003030433A64238BF04231D445B4489
:10F130002C461E4644450ED308F10301491B033DEE
:10F1400021F00301A84538BF00210B4453F8041DEA
:10F1500099B117619AE754F8041BE6461FFA81FC3F
:10F16000080C7144F44489B200EB2C4041EA0041A0
:10F170004FEA204C46F8041BDCE7013FE6E700BFFE
:10F180008AFF02009BFF02002DE9F7430F46012191
:10F19000164659EC108BFFF72FFD044630B9024696
:10F1A000234B40F20F31234800F0D6F9C9F30A553A
:10F1B000C9F313030DB143F480130193B8F10003B5
:10F1C00023D0684600930BF039FEDDE90012D0B180
:10F1D000C0F1200302FA03F3C2400B4301926361C2
:10F1E000019B002BA3610CBF012202222261A5B169
:10F1F000A5F233450544C0F135003D60306020463E
:10F2000003B0BDE8F0836161EAE701A80BF016FEE8
:10F21000019B203001226361E8E7A0F2324004EB59
:10F220008203386018690BF0E7FDC0EB4210E5E798
:10F230008AFF02009BFF02002DE9F04F0D469DB0B2
:10F2400014469846064618B1036A0BB9FFF736FB19
:10F250006B6ED90705D4AB899A0502D4A86D0BF063
:10F2600019FDAB891B0701D52B699BB9294630468F
:10F2700000F0FAF870B16B6EDC0704D54FF0FF3088
:10F280001DB0BDE8F08FAB899805F7D4A86D0BF0E1
:10F2900002FDF3E70023CDF80C804FF00109DFF801
:10F2A000B481099320238DF8293030238DF82A303A
:10F2B00023469A4613F8012B0AB1252AF9D1BAEB55
:10F2C000040B0BD05B462246294630460BF015FE58
:10F2D000013000F0A780099A5A4409929AF8003048
:10F2E000002B00F09F8000234FF0FF320AF1010A4B
:10F2F000049307938DF853301A93CDE905235446B0
:10F300000522544814F8011B0BF0C6FC049AD8B926
:10F31000D10644BF20238DF85330130744BF2B235D
:10F320008DF853309AF800302A2B15D0079A54469E
:10F3300000204FF00A0C214611F8013B303B092B0D
:10F340004BD9B0B1079214E0A0EB0803A24609FA2A
:10F3500003F313430493D2E7039B191D1B68002B8F
:10F360000391BBBF5B4242F0020207930793B8BF11
:10F37000049223782E2B0AD163782A2B32D1039B57
:10F3800002341A1D1B6843EAE37303920593DFF806
:10F39000D4A00322217850460BF07EFC38B1A0EBBC
:10F3A0000A004022049B013482401343049314F862
:10F3B000011B062228488DF828100BF06DFC002850
:10F3C0003FD0264B1BBB039B073323F007030833B7
:10F3D0000393099B3B4409936AE70CFB02320C46FA
:10F3E0000120A8E7002301344FF00A0C19460593C9
:10F3F000204610F8012B303A092A03D9002BC6D039
:10F400000591C4E70CFB012104460123F0E703AB9F
:10F410002A4604A930460093114BFEF763FE0746C7
:10F42000781CD6D16B6ED90705D4AB899A0502D466
:10F43000A86D0BF030FCAB895B063FF51FAF099858
:10F440001EE703AB2A4604A930460093044BFFF79E
:10F450007DF8E4E7F800030002010300E5E00100A5
:10F46000FBAE0200FE00030038B5294B05460C46F2
:10F47000186818B1036A0BB9FFF720FAB4F90C3019
:10F48000190722D4DA0607D409222A6043F0400380
:10F490004FF0FF30A38133E0580712D5616B41B1C3
:10F4A00004F14403994202D02846FFF75BFB002396
:10F4B0006363A38923F02403A3810023636023698A
:10F4C0002360A38943F00803A38123694BB9A3896F
:10F4D00003F42073B3F5007F03D0214628460BF0D8
:10F4E000EEFDB4F90C3013F001020AD00022A26044
:10F4F00062695242A261226942B913F08000C5D10B
:10F5000038BD990758BF6269A260F4E70020F7E7A9
:10F51000A40C002038B50023064D044608461146C9
:10F520002B6003F0FEF8431C02D12B6803B123606B
:10F5300038BD00BFA02C002038B50023054D04467F
:10F5400008462B6003F0FBF8431C02D12B6803B183
:10F55000236038BDA02C00201FB514461A46094B65
:10F5600005461B68D86854B9074B1C4600910749EB
:10F57000CDE901342B4600F00DF80BF039FE044BB9
:10F58000F4E700BFA40C00204E010300200103009B
:10F59000130103000EB403B503AB0146054853F84D
:10F5A000042B00680193FFF747FE02B05DF804EBFF
:10F5B00003B07047A40C0020024B014618680BF002
:10F5C0001EBE00BFA40C002038B50023064D044623
:10F5D000084611462B6003F0B8F8431C02D12B6893
:10F5E00003B1236038BD00BFA02C0020094A516838
:10F5F000C84390FAA0F048B1B0FA80F0042805DCC6
:10F60000012383400B43536040B270474FF0FF30FB
:10F61000704700BFCC2C00200021034B2822034858
:10F62000C3E900110BF02DBBCC2C0020A42C002032
:10F6300038B50546FFF7DAFF04460448294600EBD3
:10F64000C4000BF05DFE204638BD00BFA42C002096
:10F65000C3B2042B10B515D804230B4A03EBC00327
:10F66000134453E8002F0A4343E80024002CF8D148
:10F6700001220649824051E8003F134341E800302F
:10F680000028F8D110BD00BFA42C0020CC2C0020F5
:10F69000F7B54FF0040C01260827184A1849194DF0
:10F6A000106800B30B7806FA03F420421DD0E04343
:10F6B00052E8004F044042E8004EBEF1000FF7D17F
:10F6C00017FB03C32B4453E8000F43E800E4002C6E
:10F6D000F9D1019048B1087801AA0B4905EBC000A7
:10F6E0000BF04AFE012003B0F0BD0B785068834256
:10F6F0002EBF00230133DBB20B70D1E7CC2C0020EE
:10F70000472E0020A42C002078563412024B186893
:10F71000003818BF01207047CC2C002010B50446DB
:10F7200001F012FC074B1B684BB1DB681B1B002B65
:10F73000CCBF0024012401F017FC204610BD1C465C
:10F74000F9E700BFE42C002038B54FF0FF34054640
:10F7500001F0FAFB084B1A681AB901F005FC2046C3
:10F7600038BDD2E903310B445B1B23F000439C42BC
:10F7700028BF1C465268EFE7E42C00202DE9F84F23
:10F780000C9F0E461546994680469DF82CA008B160
:10F7900003687BB937B129463046B84740F2034089
:10F7A000BDE8F88F002DF9D0002EF7DB284600F0D9
:10F7B00009FCF3E701F0C8FB8346504600F0F0F97E
:10F7C0000446584601F0D0FB8CB947B12946304673
:10F7D000B8470320314600F0BBFB1A20E0E7002DBC
:10F7E000F7D0002EF5DB284600F0ECFBF1E7656171
:10F7F00000250A9BC4F80080DFF87080C4E90797F1
:10F80000A660236184F818A0D8F800306560984796
:10F8100009EB000601F098FB07461248E660026813
:10F82000114631B1CB689B1B002B13DBCB689E428A
:10F8300010D09DB90C4B626004601C682CB1D8F8E4
:10F8400000309847FFF780FFA047384601F08CFB57
:10F850000020A5E74B680D461946E2E76B68636038
:10F860006C60F2E7E42C0020D42C0020DC2C00207B
:10F870002DE9F74F81460D4692461E4601F064FB86
:10F880004FF00008DFF874B00190DBF800402CB9AD
:10F89000019803B0BDE8F04F01F066BB23684B450B
:10F8A0001CD12DB1A3682A6823F00043934215D1DF
:10F8B0007EB96368B8F1000F13D1CBF800300D4B5F
:10F8C0001F6887B10C4A12689047FFF73DFFB847A1
:10F8D00009E051466069B0470028EAD0A046646854
:10F8E000D5E7C8F80430676820460BF0C5FC3C46F5
:10F8F000CDE700BFD42C0020DC2C0020E42C00201D
:10F90000014B1860704700BFD42C002070B50B4B22
:10F9100004460E4615461978094A0A480CF096F82E
:10F920000023094A24211360084A07201660084A68
:10F9300015602246BDE8704000F0B4B8602E00208B
:10F940004F010300482E0020E42C0020DC2C002076
:10F95000D82C00207FB504461846002303930A4B99
:10F960000D461B68164613B9212004B070BD03A9CB
:10F9700098470028F8D10090324629462046039B3C
:10F980000BF0ADFCF1E700BFD82C0020F8B5054620
:10F9900010200F46164600F0F7FA0A4B0446187876
:10F9A00018B1102221460CF054F844B10123002074
:10F9B000E3602B68C4E9017623602C60F8BD1A204F
:10F9C000FCE700BF482E00202DE9F843264FDFF862
:10F9D000A880264D38603868FFF7A0FE30B9244B68
:10F9E0001B689847BDE8F843FFF7AEBE01F0ACFADC
:10F9F000D8F800400646ECB16368C8F800301D4BEB
:10FA0000D3F80090B9F1000F0CD101F0ADFAA36862
:10FA10002C6033F0004311D128680BF02DFC00233B
:10FA20002B60D8E7124B1B689847FFF78DFEC8473D
:10FA30003046EAE701F098FA2C60CCE72368002B07
:10FA4000EAD018680028E7D0A26832F00043E3D07B
:10FA5000D0E90069636921688068C8470028DBD164
:10FA6000002ED9D03046EFE7E82C0020E02C002013
:10FA7000DC2C0020D42C0020E42C002038B50446D7
:10FA80000D4601F061FA064B1B683BB1DA69226052
:10FA90001B692B60BDE8384001F066BA2360F8E7C7
:10FAA000E02C00202DE9F74F4FF6FC770024164696
:10FAB000DFF884900331DFF884B009EB00150F40C4
:10FAC0004FEA001ADBF800306A80804629F80A7095
:10FAD00002FB07F0EC60984717FB06F292B2034670
:10FAE00068602A8108B300921148124A9BF80410FA
:10FAF00052F8282040440BF0AAFF21462A89686862
:10FB00000BF0BFF8214623469E4206DC0020D1447C
:10FB1000A9F8026003B0BDE8F08F6A68E86854187D
:10FB200050500133EC603944EEE71A20F2E700BF91
:10FB3000492E00204C02030004260020EC2C00205B
:10FB400070B50B4E044606EB0015696839B1094BD8
:10FB50002A89185C0BF07CFF686800F033FA06EB2A
:10FB600004101022BDE8704000210BF08AB800BFDD
:10FB700004260020492E0020044B19601A71986059
:10FB80000201002102480BF07CB800BFEC2C0020E1
:10FB900004260020014B185C704700BF492E00204E
:10FBA00070B50A4C060104EB0013DD68084B185CC5
:10FBB00018B12946A25B0BF04CFF2DB12B683444E1
:10FBC000E3606388013B6380284670BD0426002003
:10FBD000492E0020024B03EB00139878704700BFBA
:10FBE00004260020094B10B403EB00135A88DC688C
:10FBF00001320C60D9605A80054B185C18B15DF871
:10FC0000044B0BF027BF5DF8044B7047042600201F
:10FC1000492E0020044A010102EB0013505A10B192
:10FC20001B89B3FBF0F070470426002038B5002490
:10FC3000154B164D1C70164B20461C60154B2C6046
:10FC40001C706C60AC60FFF7E5FF80B2A0F10E03A2
:10FC50006B80A0F11403013068812046EB80FFF730
:10FC600099FF04460C4D01460C4A28460BF0EEFE67
:10FC70002146681E0A4A0BF0E9FE2146681C094A23
:10FC8000BDE838400BF0E2BE5E2E0020642D00205F
:10FC9000102D00205D2E00205B2E0020900203001E
:10FCA00099020300A302030070B5044680B301F07B
:10FCB0004BF9637905466FF382036371237913F07F
:10FCC000100605D010232371BDE8704001F04CB937
:10FCD000104903F0030331F823203046013A21F89C
:10FCE00023202146FFF77EFF0B4B0C4E1C681CB9EE
:10FCF0000A4B28461C70E7E7237A1BB933781BB9F7
:10FD00002468F4E7012BFBD1204663689847F7E7A6
:10FD100070BD00BF642D0020102D00205E2E00203D
:10FD200010B5044601F010F9034B1A6822601C60FC
:10FD3000BDE8104001F018B9102D002010B5064B99
:10FD400000F0E0001A78541C1C70044B03F83200D9
:10FD500003EBC203596010BD5D2E0020F82C00207B
:10FD60002DE9F04F0446460789B048BF00F0F7047C
:10FD70000492029101F0E8F8614F04F0030607EBEA
:10FD8000860337F826205B8881469A4204F0EF0A02
:10FD90004FEA860831D20020FFF702FF054640B344
:10FDA00037F826304846013327F8263001F0DCF8D2
:10FDB00028460BF00DFD029B029AAB71049B85F85F
:10FDC00004A01344EB7101F0BFF807464D4B1C68CB
:10FDD000002C40F08C80384601F0C6F84A4B985D04
:10FDE00018B1452229460BF034FE284609B0BDE87B
:10FDF000F08F01224846454B1A7001F0B5F82507EF
:10FE00001DD51F2C1BD904F0E003039301F09CF8CF
:10FE100007EB08035B8837F826804FF0000B984506
:10FE20002CBF00230123DFF8EC90019301F09CF834
:10FE300007EB86030593364B1B789B4508D384F06C
:10FE400004005146C0F3800000F082F80025C5E7A9
:10FE500099F80030039A1A4204D0D9F80480D8F8EF
:10FE6000003023B90BF1010B09F10809E3E707930F
:10FE70005A79D00708D51A79510705D5019941B9A2
:10FE80008AEA0202920704D098461B68002BEFD141
:10FE9000E5E740460BF059FB0579079007A80BF002
:10FEA00036FB2946002000F053F801F04DF8059B81
:10FEB00037F826205B8805469A4234BF0123002389
:10FEC000019309D20020FFF76BFE079058B137F875
:10FED0002630013327F82630284601F045F8079DE3
:10FEE000002DBCD064E70122084B1A70F4E7237A96
:10FEF000012B02D1204663689847246868E700BF59
:10FF0000642D0020102D00205A2E00205E2E00208F
:10FF10005D2E0020F82C00200022014B1A60704753
:10FF2000142D002010B5044601F00EF8074A13689E
:10FF30002BB914602360BDE8104001F015B8A3424E
:10FF400002D01A461B68F3E710BD00BF142D002035
:10FF500070B505460E46054B1C6804B970BD636854
:10FF60003146284698472468F7E700BF142D002043
:10FF7000024B034A197803480BF068BD5F2E00203E
:10FF8000B0020300602E002038B5C41C24F0030426
:10FF9000204603F097FA0A4B0546187818B1224616
:10FFA00029460BF056FD2DB921460220FFF7D0FF60
:10FFB000284638BD2246002128460AF062FEF7E7AF
:10FFC000602E002010B5044628B1054B187810B1FA
:10FFD00021460BF03FFD2046BDE8104003F09ABAE1
:10FFE000602E002010B5064C237823B9EBF762FC95
:10FFF00018B901232370002010BD40F20740FBE731
:020000022000DC
:10000000612E002038B50B4B04461B780D464BB1D2
:1000100021462846EBF70EFC002840F2074008BFB7
:10002000002038BD04490548FFF7DCFF0028EFD069
:10003000F7E700BF612E0020EFBEADDEBEBAFECAFC
:100040004FEA410C7FEA6C5C02D150EA013C0AD1D4
:100050004FEA430C7FEA6C5C02D152EA033C02D1C6
:100060004FF0000070474FF0010070474FEA410227
:1000700012F5001215D211D56FF47873B3EB6252FA
:1000800012D94FEAC12343F0004343EA505311F021
:10009000004F23FA02F018BF404270474FF00000B3
:1000A000704750EA013005D111F0004008BF6FF0F1
:1000B000004070474FF00000704700BF00BF70471E
:1000C00084B001900091019B03F580530393039B3F
:1000D000009A1A6000BF04B0704700B585B0039065
:1000E000029101920398E1F709FE039B1B6B039AAF
:1000F000029B5B0113446833019A1A6000BF05B08C
:100100005DF804FB00B583B001900B468DF8033019
:100110000198E1F7C9FD9DF80330002B03D0019B46
:100120000122DA6002E0019B0222DA6000BF03B024
:100130005DF804FB00B583B0019000910198E1F7F0
:10014000DDFD019B1B6B019B009ADA6100BF03B0D0
:100150005DF804FB08B501213A20E3F77BFD00239D
:1001600004220221032000F079FF0023042203214E
:10017000032000F073FF00BF08BD00B583B0034645
:100180008DF807309DF80730002B06D002210320A0
:10019000E1F762FDE1F720FE09E0E1F797FE0321B8
:1001A0000320E1F759FD02210320E1F755FD00BFCF
:1001B00003B05DF804FB08B503F05DF9E1F754F80E
:1001C00003F066F9FFF77AFFE9F742F800BFF7E7B7
:1001D00008B5F1F71BF800BF08BD00B583B06FF09C
:1001E0000100E2F7B1F86FF00100E2F793F8EAF7E7
:1001F000C3FD0190F2F78CFB019000BF03B05DF8E6
:1002000004FB00B583B001900198E1F72DFF019840
:10021000E1F744F800BF03B05DF804FB82B0019041
:100220000123184602B0704700B5C5B0F0F780FF53
:1002300007F0A4F84390439B002B15D04398FFF799
:10024000EDFF034683F00103DBB2002B0CD101ABC1
:10025000184607F08DFE4290429B002B06D101AB61
:100260001846FFF7CEFF02E000BF00E000BF45B038
:100270005DF804FB00BF704708B5E2F7DFF802F055
:100280009DF900F035F9E8F79DF8E8F72DF9E8F762
:10029000C7F802F08CF9E2F773F8E8F7A7F800F076
:1002A0001EF9E3F71DFBE8F791FF00BF08BD08B595
:1002B000E2F7B2FC00F0B1FCE2F7F2F9E2F7F8F98C
:1002C00000F01DF900BF08BD08B500F005F9E9F719
:1002D00005FFE8F777F901F0CCFDE8F769FEEBF7E9
:1002E000E9FA01F0A4FE00F01FF800BF08BD08B550
:1002F00001F033F9E6F794FA01F031F9E6F7A2FAE2
:10030000FFF76BFF00BF08BD08B5E2F735FA00BF85
:1003100008BD00BF704700BF704708B5FFF784FFF6
:1003200000BF08BD00BF704708B5E2F739F900BF4C
:1003300008BD00B583B00190019B1B685B6A019A00
:1003400012681046984700BF03B05DF804FB00B583
:1003500083B00190019B1B6A019A1268104698476E
:100360000346184603B05DF804FB82B0019000918B
:10037000019B1A68009B22FA03F303F0010318465D
:1003800002B0704700B583B0034600918DF8073086
:100390009DF80730002B0AD09DF80730012B06D0BE
:1003A0009DF80730022B02D09DF80730032B9DF8F3
:1003B000072013465B0013441B01103303F1A043D5
:1003C00003F5703300991846FFF7CFFF0346184630
:1003D00003B05DF804FB012318467047012318465B
:1003E000704700B583B001238DF80730F0F7C8FEE1
:1003F000034683F00103DBB2002B02D000238DF80B
:100400000730FFF7E8FF034683F00103DBB2002B60
:1004100002D000238DF807309DF80730184603B04E
:100420005DF804FB00B583B000238DF8073000238E
:100430008DF80630E9F722F903468DF8073006F00B
:10044000DFFF03468DF805309DF80530042B03D1FE
:1004500001238DF8063006E09DF80530022B02D10D
:1004600001238DF80730E2F7BDF803468DF805301B
:100470009DF80530042B03D101238DF8063006E0EA
:100480009DF80530022B02D101238DF80730FFF7CC
:10049000A5FF03468DF805309DF80530042B03D1E8
:1004A00001238DF8063006E09DF80530022B02D1BD
:1004B00001238DF807309DF80630002B02D0002371
:1004C0008DF807309DF80730184603B05DF804FB3F
:1004D00000BF704700BF70470F231846704708B52C
:1004E00001213A20E3F7B6FBFFF7C4FE00BF08BDC9
:1004F00008B501213A20E3F7ADFB00BF08BD08B500
:10050000082000F05AFAE2F767F9082000F068FACC
:1005100000BF08BD84B001900B468DF80330002366
:100520000393019B23F07F43039A134303939DF8A6
:1005300003309B07039A13430393039B184604B0AD
:10054000704784B001900B468DF8033013468DF848
:1005500002300023029302238DF80F309DF8033000
:10056000012B02D103238DF80F30019B23F07F4331
:10057000029A134302939DF80F30DB0603F0605399
:10058000029A134302939DF802309B07029A134389
:100590000293029B184604B0704700B585B00190E5
:1005A0000B468DF8033001238DF808309DF8033099
:1005B00019460198FFF7AEFF0346039302AB0821EB
:1005C000184600F004F800BF05B05DF804FB00B564
:1005D00087B001900091019B039300238DF81230A6
:1005E000009B09330293002305935AE0059B002BDF
:1005F00003D15B238DF813304AE0059B012B05D115
:10060000009BDBB204338DF8133041E0059B022BD5
:1006100003D1D1238DF813303AE0059B032B03D18E
:1006200080238DF8133033E0059B042B03D1002386
:100630008DF813302CE0059B052B07D19DF8123067
:100640005A1C8DF812208DF8133021E0029B033BD9
:10065000059A9A4203D15A238DF8133018E0029B71
:10066000023B059A9A4203D15A238DF813300FE0CA
:10067000029B013B059A9A4203D15D238DF813300A
:1006800006E0059B063B039A13441B788DF8133054
:100690009DF8133019460820E2F748FB059B01330B
:1006A0000593059A029B9A42A0D30023184607B0EF
:1006B0005DF804FB00BFFDE784B003900291019256
:1006C000019B002B0DD007E0039A131D0393029B9F
:1006D000191D029112681A60019B5A1E0192002B8B
:1006E000F2D100BF04B070470023184670474FF4A2
:1006F0000043184670474FF47A731846704782B02B
:100700000190019B00221A6000BF02B0704782B0C6
:1007100001900091009B002B01D0019B002B019BBD
:100720001A68009B1A60019B009A1A6000BF02B011
:10073000704700B583B00190019B5B68002B05D02A
:10074000019B5B6801989847034600E02223184606
:1007500003B05DF804FB82B0019000BF02B07047A7
:1007600082B001900091019B1A68009B22FA03F36A
:1007700003F00103184602B0704700B583B003468A
:1007800000918DF807309DF80730002B0AD09DF8B6
:100790000730012B06D09DF80730022B02D09DF8C0
:1007A0000730032B9DF8072013465B0013441B0101
:1007B000143303F1A04303F5703300991846FFF793
:1007C000CFFF0346184603B05DF804FB00B583B0C5
:1007D00003468DF807309DF8073000211846E2F7F0
:1007E00049FF00BF03B05DF804FB00B585B00346C8
:1007F00000918DF80730009B0393039B1B680293C5
:10080000029B1B78022B13D0029B1A79029B5B7907
:1008100019461046FFF7B1FF0346002B0CBF01231A
:100820000023DBB21A46029B1A700398FFF793FF6E
:1008300000BF05B05DF804FB84B00190019B0393F9
:10084000039B1B680293029B1B78184604B07047F9
:1008500000B587B00190019B0593059B1B6804932D
:10086000049B1B78022B48D0049B1A79049B5B796C
:1008700019461046FFF781FF0346002B14BF0123E2
:1008800000238DF80F30049B9B79012B28D1049B0A
:100890005B88ADF80C30BDF80C305B009AB29DF867
:1008A0000F309BB213439BB24FF6C0721343ADF8A7
:1008B0000C304FF6E072BDF80C30934202D1049B2D
:1008C00001221A704FF6DF72BDF80C30934202D14C
:1008D000049B00221A70049BBDF80C205A800DE086
:1008E000049B9B79002B09D19DF80F3083F0010305
:1008F000DBB21A46049B1A7000E000BF07B05DF837
:1009000004FB00B585B00190019B0393039B1B681A
:100910000293029B1B78022B06D1029B00225A8075
:100920000198E2F7EBF800E000BF05B05DF804FBCA
:1009300000B587B00390039B0593059B1B68049348
:10094000049B1B78022B1BD0049B9B79022B13D199
:10095000049B5B791846FFF739FF049B1879049BC9
:100960005B791946049B5B791A46002301930023A7
:1009700000930023E4F76EFF049B02221A7000E04C
:1009800000BF07B05DF804FB86B0039002910192AE
:10099000019B002B04D0039B03F58053059303E0D8
:1009A000039B03F500530593059B0121029A01FA6D
:1009B00002F21A6000BF06B0704782B001904FF09B
:1009C0006043D3F8002E0121019B01FA03F34FF09D
:1009D00060411343C1F8003E0023184602B070473F
:1009E00082B001904FF06043D3F8002E0121019BAB
:1009F00001FA03F3DB434FF060411340C1F8003EBE
:100A00000023184602B0704700B583B00190019BE7
:100A10005B68019A1268104698470346184603B06F
:100A20005DF804FB82B001900091019B1A68009B65
:100A300022FA03F303F00103184602B0704700B531
:100A400083B0034600918DF807309DF80730002BE6
:100A50000AD09DF80730012B06D09DF80730022BF5
:100A600002D09DF80730032B9DF8072013465B004A
:100A700013441B01103303F1A04303F570330099B5
:100A80001846FFF7CFFF0346184603B05DF804FB96
:100A900000B585B00190019B039301213A20E3F753
:100AA000D9F8039B1878039B5B781946039B9B78C6
:100AB000002B0CBF01230023DBB2042200F0CEFA8E
:100AC0000023184605B05DF804FB00B585B0019021
:100AD000019B0393039B9B78002B08D1039B1A78FF
:100AE000039B5B7819461046E2F756F907E0039B33
:100AF0001A78039B5B7819461046E2F775F900BF38
:100B000005B05DF804FB00B585B00190019B03932F
:100B1000039B9B78002B08D1039B1A78039B5B787F
:100B200019461046E2F760F907E0039B1A78039B29
:100B30005B7819461046E2F72FF900BF05B05DF863
:100B400004FB00B585B00190019B0393039B1A78C9
:100B5000039B5B7819461046E2F76EF900BF05B0BB
:100B60005DF804FB00B585B00190019B0393039BE6
:100B70001A78039B5B7819461046FFF760FF03461F
:100B80008DF80B30039B9B78002B07D19DF80B3021
:100B9000002B0CBF01230023DBB201E09DF80B30DA
:100BA000184605B05DF804FB00B58DB00B900A91B6
:100BB00009920893129B0793119B06939DF840306E
:100BC00005930F9B04939DF8383003930023029301
:100BD000089B0193099B00930A9B0B9A012100201B
:100BE000E2F7DEFB034618460DB05DF804FB86B065
:100BF0000190019B0493049B93FAA3F30393039B3B
:100C00000593059B002B01D1202303E0059BB3FA3C
:100C100083F3DBB2184606B0704708B51920E4F735
:100C20009DFA0346002B05D01920E2F7E1FC1920BC
:100C3000E2F7C4FC1A20E4F791FA0346002B05D032
:100C40001A20E2F7D5FC1A20E2F7B8FC00BF08BD75
:100C500000B583B0E2F7FEFC034603F0553323F002
:100C6000502301930198E2F7DFFC0198E2F7FEFDC3
:100C700000BF03B05DF804FB00B583B0E2F7EAFC07
:100C8000034603F0AA3323F0A02301930198E2F76F
:100C9000CBFC0198E2F7EAFD00BF03B05DF804FB6E
:100CA00086B001900091019B0493009B9B080393E5
:100CB000002305930CE0049B1B68B3F1FF3F01D0B8
:100CC00000230AE0049B04330493059B013305933E
:100CD000059A039B9A42EED30123184606B070474B
:100CE00000B583B001900091E5F784F80023184621
:100CF00003B05DF804FB08B5E5F794F800BF08BD44
:100D000000B585B0019003AB1846E5F7DBF89DF818
:100D10000E301A46019B1A80019B0122DA70019B5A
:100D200000229A70E5F720F90246019B5A600023E1
:100D3000184605B05DF804FB82B003468DF8073015
:100D400000BF02B0704700B587B0039002910192D6
:100D5000039B0593029B0493059B03F00303002B65
:100D600014D1049B03F00303002B0FD10AE0059A72
:100D7000131D0593049B191D049112681A60019BB1
:100D8000013B0193019B002BF1D106E0019B9B00ED
:100D90001A460399029809F08DFF0023184607B000
:100DA0005DF804FB00B583B0019000910198019AB1
:100DB000009B1344013B009A1946E8F765F900BF10
:100DC00003B05DF804FB08B5E1F72EFE03461846B4
:100DD00008BD86B0039002910192019B002B04D0C4
:100DE000039B03F58053059303E0039B03F5005336
:100DF0000593059B0121029A01FA02F21A6000BFD5
:100E000006B0704782B001900091019B1A68009B68
:100E100022FA03F303F00103184602B0704700B54D
:100E200087B003900291019200F078F80590039B3F
:100E30001A68029BDB431A400199029B0B401A433C
:100E4000039B1A60059800F075F800BF07B05DF8C5
:100E500004FB08B501210220E4F728FB00F054F858
:100E600000F04AF8E3F7E0FE00BF08BD10B5FFF759
:100E7000AAFF0446E2F7D8FD0346C3F10203194670
:100E8000204600F00AF801210020E4F7E1FAE4F737
:100E900089F8E3F7D5FE00BF10BD00B583B001901F
:100EA0000091009B002B04DD01210198E4F70EF86E
:100EB00003E000210198E4F709F800BF03B05DF8F2
:100EC00004FB00B585B00190009100230393E1F786
:100ED00083FD03900D230293019B002B02D0019B05
:100EE000039A1A60009B002B02D0009B029A1A60A2
:100EF00000BF05B05DF804FB08B502214FF4207077
:100F0000E2F718FE00BF08BD08B5E1F7ABFD0346E8
:100F100000211846E3F7DAFF00BF08BD82B0EFF307
:100F200010830093009B019372B600BF019B18468B
:100F300002B0704782B00190019B002B01D162B6D4
:100F400000BF00BF02B0704784B0EFF3118301937C
:100F5000019B039330230293029B83F3118800BF0C
:100F6000039B184604B0704784B00190019B039323
:100F7000039B83F3118800BF00BF04B0704708B51E
:100F8000E1F752FD00BF08BD82B001900091019BC6
:100F90001A68009B22FA03F303F00103184602B01B
:100FA000704782B003468DF807309DF80730013B4B
:100FB0004FF4806202FA03F3184602B0704700BF94
:100FC000704700BF704708B50020E4F729F900BF5B
:100FD00008BD08B50120E4F723F900BF08BD82B0C1
:100FE00003468DF8073000BF02B0704786B003900B
:100FF00002910192019B002B04D0039B03F58053C7
:10100000059303E0039B03F500530593059B012122
:10101000029A01FA02F21A6000BF06B0704700B5EA
:1010200087B0039002910192FFF778FF0590039B30
:101030001A68029BDB431A400199029B0B401A433A
:10104000039B1A600598FFF775FF00BF07B05DF8B6
:1010500004FB82B0019000BF02B0704700B585B0BC
:1010600002910192009303468DF80F309DF80F30E6
:10107000002B0AD09DF80F30012B06D09DF80F30C1
:10108000022B02D09DF80F30032B019B002B0FD0B9
:10109000009B002B06D09DF80F3002991846E4F70C
:1010A000B1FB05E09DF80F3002991846E4F782FB8A
:1010B000029B072B19D89DF80F2013465B001344A1
:1010C0001B01043303F1A04303F57033029A92002D
:1010D0000F2101FA02F0029A9200019901FA02F23C
:1010E00001461846FFF79BFF1AE09DF80F201346B4
:1010F0005B0013441B010C3303F1A04303F5703371
:10110000029A083A92000F2101FA02F0029A083A74
:101110009200019901FA02F201461846FFF77FFF9B
:10112000019B002B0FD1009B002B06D09DF80F30A8
:1011300002991846E4F766FB05E09DF80F30029926
:101140001846E4F737FB00BF05B05DF804FB86B036
:10115000039002910192019B002B04D0039B03F5A5
:101160008053059303E0039B03F500530593059B10
:101170000121029A01FA02F21A6000BF06B070471C
:1011800084B001900091019B03F500530393039BEE
:10119000009A1A6000BF04B0704700BF4FF0B04320
:1011A0005B68002B04D04FF0B0439B6A002BF5D155
:1011B00000BF704708B5FFF7F0FF4FF0B0430122C2
:1011C000DA6000BF08BD08B5FFF7E7FF4FF0B04396
:1011D0000222DA6000BF08BD00B583B003468DF877
:1011E00007304FF0B0435B68002B06D19DF8073005
:1011F00083F00103DBB2002B20D14FF0B0435B68DA
:10120000002B01D0FFF7C9FF9DF80730002B09D054
:101210004FF0B04303F580531A4601235360FFF7A4
:10122000C9FF0CE0FFF7CFFFFFF7B7FF4FF0B04368
:1012300003F500531A460123536000E000BF03B0DA
:101240005DF804FB00B583B001904FF0B0435B68DC
:10125000002B01D0FFF7A1FF4FF0B04303F500537F
:101260001A4601235360019B5B78002B01D00122B9
:1012700000E00022019B9B78002B01D0022300E0BC
:1012800000231343019AD278002A01D0042200E0FF
:1012900000221A43019B1B791B011A43019B5B79B6
:1012A000DB004FF0B04113438B604FF0B04303F5C8
:1012B00080531A4601235360019B1B78002B01D0F9
:1012C000012300E002234FF0B042D36000BF03B01F
:1012D0005DF804FB00B585B0019000910198E4F73A
:1012E00055FE00230393019800F012F9019B03F5CA
:1012F00000531A4601231363009B5B889A04009BEA
:101300001B791B021343009A927A1343009A527876
:10131000002A01D0402200E000221343009AD27A32
:10132000002A01D0802200E000221343009A127BA1
:10133000002A01D0202200E000221343009A527BB1
:10134000002A01D0102200E000221343009A927B71
:10135000002A01D0082200E000221343009AD27B29
:10136000002A02D04FF4006200E000221343009AEA
:101370009279002A02D04FF4803200E00022134319
:10138000009AD279002A02D04FF4003200E0002205
:101390001A43019B5A60019B03F580531A460123AF
:1013A0001363009B1B7883F00103DBB2002B02D098
:1013B000019B0222DA60019B00225A62009B1B7A89
:1013C0009B00009A527A1343009A5279002A01D066
:1013D000102200E0002213430393019B039A9A60BA
:1013E000009B1B78002B02D0019B0122DA6000BF1A
:1013F00005B05DF804FB00B587B00390029101923F
:101400000398E4F7C3FD039800F082F8039B03F50B
:1014100000531A4601231363019B9B791A46019BD3
:10142000DB79002B02D04FF4801300E0002313433C
:10143000019A527A002A01D0102200E000221A43B9
:10144000019BDB7ADB041A430399029B03335B01A4
:101450000B441A60019B1B7A002B21D0039A029B3C
:1014600003335B0113441A68019B1B7B5B041A4323
:101470000399029B03335B010B441A60019B1B7BA6
:10148000012B14BF012300238DF81730019B9B789B
:101490001A469DF8173002990398E4F7A1FD0BE076
:1014A000039A029B03335B0113441A680399029B5E
:1014B00003335B010B441A60039B03F580531A4608
:1014C00001231363019B1B789A06019B5B781B0623
:1014D0001A43019BDB781B031A43019B1B799B0278
:1014E0001A43019B5B791B021343019A927A002AEB
:1014F00001D0042200E000221A430399029B033327
:101500005B010B4404331A6000BF07B05DF804FBB5
:1015100082B0019000BF019B1B6B03F00103002B05
:1015200005D0019B1B6903F04003002BF3D100BFE2
:1015300002B0704782B001900B468DF8033000BFB7
:10154000019B9B6903F04003002BF9D09DF8032019
:10155000019BDA6300BF02B0704700BF704708B557
:10156000F5F7A4FF00BF08BD82B000230193019BE3
:10157000184602B0704700B587B0059004910392F9
:101580000293039B002B09D0089B0093029B039AB4
:101590000499059800F07BF9034600E0059B184686
:1015A00007B05DF804FB00B583B0E5F77DF9019065
:1015B000019B1B0C03F00103184603B05DF804FB0C
:1015C00008B500BFFFF7EFFF0346002BFAD1E5F7A0
:1015D0006BF902464FF6F0731340184608BD10B57C
:1015E0008CB005AC84E807000493069B049A9A42E9
:1015F00001D2049B0693069B002B32D0049B002B48
:101600002FD000230B93049B0A930E9B03F53813F2
:1016100003F241135A02069BD31A0993069B0293C5
:101620006A4606AB93E8030082E80300059B09AA1B
:1016300007CA00F039FB069B049A9A4212D90E9B06
:1016400003F5381303F241135A02049BD31A09938A
:101650000998069B049AD31A1A46002100F012FB3F
:1016600000E000BF0CB010BD10B592B003AC84E830
:10167000070002930399059B03F08053002B04D0CD
:10168000049B033323F0030201E0029B5A00059BF5
:101690000EA800240094FFF76EFF0EAB184600F072
:1016A00022F9149B03F5381303F241135A02029BEB
:1016B000D31A194606A8002300930023029AFFF7C5
:1016C0005AFF149B03F5381303F5A1735A02029BCA
:1016D000D31A194606AB03F1100000230093002330
:1016E000029AFFF748FF06AB1033184600F0FBF8EC
:1016F00006AA0EAB1146184600F0ACF800BF12B0B7
:1017000010BD10B58CB005AC84E8070004930E9BA7
:1017100003F5381303F5A0735B020993049B0A9346
:1017200000230B93049B02936A4606AB93E80300E5
:1017300082E80300059B09AA07CA00F0B5FA00BFBA
:101740000CB010BD00B583B0E5F7A2F8FFF738FF85
:101750000190019B184603B05DF804FB10B58AB0F8
:1017600003AC84E807000293039B0693029B079354
:10177000059B08930023099326E00D9B002B05D1C0
:10178000099B022B14D0099B032B11D00C9B002B1F
:1017900007D0099B0093029B06AA07CAFFF71FFF09
:1017A00006E0099B0093029B06AA07CAFFF7A9FF60
:1017B000089B03F08053002B03D1069A079B134428
:1017C0000693099B01330993099B029A03FB02F2DA
:1017D000049B9A42D1D300BF00BF0AB010BD84B0B1
:1017E00001900091002303930CE00099039B5A01A0
:1017F000039B9B000198034421FA02F21A60039BA9
:1018000001330393039B002BEFD000BF00BF04B054
:10181000704710B5E5F746FA0446E5F751FA034676
:101820002343002B01D0E5F7A9F900BF10BD84B018
:101830000390029101920093019B039A1A60009B0E
:10184000029A1A6000BF04B0704782B0019000BFD6
:1018500002B0704700B585B00190009102AB03AAB9
:1018600000990198FFF7E3FF039B029A114618467F
:10187000E5F790F9E5F7F8F9E5F708FAFFF7C9FF9A
:101880000098FFF7E2FF00BF05B05DF804FB86B0EB
:101890000390029101920093039B10330593039BE5
:1018A000059A5A60039B029A1A60019B23F07042CA
:1018B000039B9A60029B002B08D0039B9A68009BB5
:1018C00003F070431A43039B9A6005E0039B9B68F7
:1018D00043F08042039B9A60039B069ADA60059B63
:1018E000184606B0704782B00190019B01225A60F1
:1018F000019BDB6843F02002019BDA60019B9B683F
:1019000043F00052019B9A6000BF02B0704710B4D0
:1019100089B0039002910192029B0593019B06936B
:1019200000230793039B1C4605AB93E8070084E85C
:101930000700039809B05DF8044B704700B587B005
:101940000590049103920293039B002B09D0089BFE
:101950000093029B039A04990598FFF798FF0346AA
:1019600000E0059B184607B05DF804FB00B587B0A2
:101970000590049103920293049B1968049B586894
:10198000049B9A68039B1A43029B009313460246EA
:101990000598FFF7D3FF0346184607B05DF804FB30
:1019A00082B00190019B5B4203F00F03184602B026
:1019B000704710B5DCB004465CA8A0F5AC700160BF
:1019C0005CA9A1F5AE710A605CAAA2F5B0721360C1
:1019D0005CABA3F2511322461A7054AB06A9042241
:1019E0001846FFF794FF5CABA3F5AE731A6851ABD2
:1019F00007CA83E8070006AA51AB11461846E5F767
:101A000073F95A905A9B002B01D05A9B29E15CAB89
:101A1000A3F58C735F9A07CA83E80700619B5A6835
:101A2000629B5B6813441846FFF7BAFF59905F9BAF
:101A30005B681846FFF7B4FF5B90639B5B681846D2
:101A4000FFF7AEFF5890609B9B6803F08053002B1C
:101A500006D0609B5B68033323F00302609B5A60EF
:101A6000649B9B6803F08053002B06D0649B5B68EB
:101A7000033323F00302649B5A60619B5A68629BA4
:101A80005B681A44599B1A445CABA3F5927300211E
:101A90001846FFF73CFF609B5B681846FFF780FF26
:101AA00002465CABA3F5987300211846FFF72FFFA1
:101AB000649B5B681846FFF773FF02465CABA3F5B7
:101AC0009E7300211846FFF722FF5CABA3F5A673B7
:101AD00000221A60043300221A605A609A605F9BE9
:101AE0005B68002B1DD1639B5B68002B19D1619B48
:101AF0005B68002B15D1629B5B68002B11D1102312
:101B00005B935CABA3F58C746B4609A95B9A184692
:101B1000FFF7FDFE5CABA3F5B872234607CA83E866
:101B2000070031AB5793012343F0100354A94FF042
:101B300000525798FFF71AFF5790012343F40163AF
:101B400051A94FF000525798FFF710FF579001230B
:101B500043F4205343F010034FF000525E9957981E
:101B6000FFF704FF5790012343F4904343F0100321
:101B70005CAAA2F5B0714FF0005209685798FFF7C0
:101B8000F5FE5790012343F04003002261995798D6
:101B9000FFF7ECFE57900122599B1B0203F4F85308
:101BA000134343F040034FF0005262995798FFF7F8
:101BB000DDFE579001225B9B1B0203F4F853134395
:101BC00016A94FF000525798FFF7D0FE5790012208
:101BD000589B1B0203F4F85313434FF000526399D0
:101BE0005798FFF7C3FE5790579B103B1846FFF7D7
:101BF0007AFE19AB579313A9002300225798FFF7D9
:101C0000B5FE57900023002260995798FFF7AEFE6B
:101C1000579010A9002300225798FFF7A7FE57906E
:101C20000023002264995798FFF7A0FE57900DA952
:101C3000002300225798FFF799FE579000230022B7
:101C400065995798FFF792FE5790579B103B18469F
:101C5000FFF749FE19AA31AB11461846FFF7FAFD06
:101C6000002318465CB010BD00B585B0039002910A
:101C70000192019A0299039809F01CF800BF05B07F
:101C80005DF804FB00B585B003900B4601928DF81A
:101C90000B309DF90B30019A1946039808F0F1FFBB
:101CA00000BF05B05DF804FB82B010B58CB005AC88
:101CB00084E807000F93079B03F08043002B56D165
:101CC000069B129A9A4201D9069B1293119B03F02C
:101CD0008053002B05D1109B129A9A4201D9109B78
:101CE0001293129B002B44D010230A93129A0A9B42
:101CF0009A4213D3129B02936A4610AB93E80300F7
:101D000082E803000F9B05AA07CAE4F75DFFE4F72A
:101D1000ABFFE4F7BBFFFFF77CFD2BE0119B03F06B
:101D20008053002B1CD000230B9314E00F9B1B68E7
:101D30000893069A0B9BD31A042B28BF04230993FC
:101D4000059A0B9B134408A9099A1846FFF78CFFC4
:101D50000B9B04330B930B9A129B9A42E6D309E038
:101D6000059B0F99129A1846FFF77EFF02E000BF0D
:101D700000E000BF0CB0BDE8104002B0704782B078
:101D800010B588B003AC84E807000B930C9A0E9B47
:101D90005B009A4201D007232AE00F9B01220E9993
:101DA0002620E4F7A9FD0790079B002B01D0079B95
:101DB0001EE001230193012300930E9B03AA07CA8F
:101DC000FFF7CCFC062300930E9B0BAA07CAFFF774
:101DD0004BFC0023002200210620E4F76BFDFFF7F7
:101DE000B1FC0790079B002B01D0052300E00023E6
:101DF000184608B0BDE8104002B0704700B583B087
:101E0000E4F7C6FD0190019BDBB203F00E038DF8F1
:101E100003309DF80330002BF2D09DF80330022BE5
:101E2000EED0019B03F48063002B01D0062300E079
:101E30000023184603B05DF804FB00B585B001909F
:101E4000E4F7DEFD0198E5F7C7F80390039B002B4C
:101E500001D0039B02E0E5F7EBF80346184605B016
:101E60005DF804FB08B5E4F7FFFDE5F70FF900BFE7
:101E700008BD00B583B0FFF777FB019000BF03B04A
:101E80005DF804FB00B593B00A91099208930346EC
:101E90008DF82F3049238DF83030002311930CE05A
:101EA000149A119B1A44119B0133127848336B44E6
:101EB00003F8182C119B01331193119B0C2BEFD9B4
:101EC000099BDBB21B12DBB28DF83E30099BDBB203
:101ED0008DF83F3000238DF8403001238DF84130DC
:101EE0009DF854308DF842309DF82F00042306935E
:101EF000169B0593132304930CAB0393089B029347
:101F0000099B01930A9B00930A9B00220021E5F79D
:101F100039F90346184613B05DF804FB00B597B0D5
:101F200002910192009303468DF80F30019BB3F5A7
:101F3000807F0AD0019BB3F5807F10D8019B802B56
:101F400009D0019BC02B04D009E04FF48273159394
:101F500007E00F2337E04FF48073159301E0292346
:101F600031E09DF80F3083F00103DBB21A46159B78
:101F700013431593189B119301231293102313936A
:101F800021231493009B0D9301230E9310230F9391
:101F90002123109315AB09930DAB0A9304230B93E4
:101FA00011230C93029B059309AB0693019BDB085D
:101FB000079340F61103089311AA05AB1146184682
:101FC000E5F798F80346184617B05DF804FB00B52E
:101FD00089B007900691059204930B9B02939DF89C
:101FE00028300193049B0093059B069A07990020D3
:101FF000FFF748FF0346184609B05DF804FB00B53B
:1020000089B007900691059204930B9B02939DF86B
:1020100028300193049B0093059B069A07990120A1
:10202000FFF730FF0346184609B05DF804FB08B51A
:10203000E5F78EFAE5F7BCFA00BF08BD00B585B03C
:102040000190FEF76BFF03904FF0A8431A68019BC5
:102050001A604FF0A8431A69019B5A600398FEF773
:1020600069FF0023184605B05DF804FB00B585B094
:102070000190FEF753FF03904FF0A842019B1B68AD
:1020800013604FF0A842019B5B6813610398FEF751
:1020900051FF0023184605B05DF804FB00BF7047F0
:1020A00000BF704782B00190019BA3F50623A3F502
:1020B00050635B09184602B0704782B00190019BE3
:1020C00003F01F03184602B0704786B0CDE9000147
:1020D000009B0593DDE900014FF000024FF0000383
:1020E0000A000023059B534002930123039316E04B
:1020F000039BDB00029A22FA03F3029A53400493F3
:10210000049B03F00303002B02D0049B9B00049369
:10211000059A049B13440593039B01330393039B8C
:10212000032BE5D9059B184606B0704700B593B060
:10213000CDE906010592059B002B02D16FF08603C5
:102140002CE06FF0960311930CAB00221A605A60DA
:102150009A60DA6000230B9300230A93FFF79EFF37
:102160000CAA09AB02930BAB01930AAB0093134685
:102170000022DDE90601E5F70DFC1190119B002B13
:1021800003D0FFF78DFF119B08E00D9A059B5A6065
:102190000B9A059B1A60FFF783FF0023184613B0C4
:1021A0005DF804FB10B489B0039002910192029B88
:1021B0000593019B069300230793039B1C4605ABE5
:1021C00093E8070084E80700039809B05DF8044B22
:1021D000704782B001900091019A009B9A4201D20F
:1021E000019B00E0009B184602B0704700B583B029
:1021F000002301931AE0019B03F00E03082B8CBF10
:1022000001220022D2B2002A0DD14FF48A7222FAA2
:1022100003F303F00103002B14BF01230023DBB2FF
:10222000002B00D002E06FF092030FE0E4F7B0FB68
:102230000190019B03F00E03062BDCD1019B03F4FC
:102240008073002B01D0E4F7EFFB0023184603B0A6
:102250005DF804FB00B583B00023019300238DF8E3
:102260000330E4F795FB0190019BDBB203F00E0312
:102270008DF803309DF80330002BF2D09DF8033029
:10228000022BEED0019B03F48063002B02D06FF091
:10229000920300E00023184603B05DF804FB00B58C
:1022A00083B0042301930FE00120FFF7C6FD03462E
:1022B000002B06D1FFF7CEFF0346002B03D10023EE
:1022C00009E000BF00E000BF019B5A1E0192002BF5
:1022D000EAD16FF09203184603B05DF804FB00B535
:1022E00085B0E4F75BFB034603F00103002B01D14B
:1022F000012318E06B4600221A605A609A60DA6087
:102300006B461846E4F7E6FB009B002B08D0019BC8
:10231000002B05D0029B002B02D0039B002B01D188
:10232000012300E00023184605B05DF804FB00B56A
:1023300087B001900091E5F749F90590059B002BC6
:1023400001D0059B17E002AB009A01991846FFF7F0
:1023500029FF02AB93E80700E5F756FD0590059BC2
:10236000002B05D0FFF77EFDE5F744F9059B02E061
:10237000E5F740F90346184607B05DF804FB10B4D2
:1023800089B0039002910192029B0593019B0693F1
:1023900000230793039B1C4605AB93E8070084E8E2
:1023A0000700039809B05DF8044B704782B00190B4
:1023B000019B1B88184602B0704782B00190019BB8
:1023C0005B88184602B0704788B003900291019272
:1023D00000238DF81F30002306930023049300236D
:1023E00005932BE0019A059BD31A013B039A1344F2
:1023F0001A789DF81F3013438DF81F30019A059B02
:10240000D31A013B039A13441B781946019A059B82
:10241000D31A013B029A13441B78CB1A0493049BF2
:10242000002B0CBF01230023DBB25A42069B134052
:10243000049A13430693059B01330593059A019B68
:102440009A42CFD39DF81F30002B02D0069B002B61
:1024500002DB6FF0860300E00023184608B07047E7
:1024600010B489B0039002910192029B0593019BE5
:10247000069300230793039B1C4605AB93E80700D4
:1024800084E80700039809B05DF8044B704782B0F8
:102490000190019B1B88184602B0704782B00190E2
:1024A000019B5B88184602B0704700B587B0059065
:1024B000049103920293089B0093029B039A049950
:1024C0000598E5F715FE0346184607B05DF804FBCE
:1024D00000B591B0039002910192039B191D039BDB
:1024E0005A6A0BAB1846FFF7BBFF08AB019A02997B
:1024F0001846FFF7B5FF039B03F13C0105AB102223
:102500001846FFF7ADFFE5F761F80F900F9B002B22
:1025100001D00F9B15E005AB05AA08A90BA8E4F7AD
:1025200045FC0E90E5F766F80F900E9B002B02D04D
:102530006FF0920305E00F9B002B01D00F9B00E092
:102540000023184611B05DF804FB00B583B001907C
:10255000019B002B02D16FF0860305E04C22002185
:10256000019808F08EFB0023184603B05DF804FBC9
:1025700000231846704700B587B00390029101927E
:1025800000936FF096030593009B00221A60019957
:102590000298FFF7CCFE0590059B002B02D1009B13
:1025A000019A1A60059B184607B05DF804FB08B550
:1025B0000120E2F74BFA0023184608BD00B583B0AE
:1025C000FB238DF807300CE09DF9073005211846F4
:1025D000E5F7A8FF9DF90730DBB20133DBB28DF8D8
:1025E00007309DF907303F2BEEDD0023184603B07E
:1025F0005DF804FB00B585B0039002910192039B46
:10260000002B02D1E5F7CAFF0390039B002B0CD0EF
:10261000039B5B68002B08D0039B5B68039A1068E0
:10262000019A02999847034600E02323184605B013
:102630005DF804FB10B586B00390029101920093FF
:1026400004AB0593039B002B02D1E5F7A7FF039092
:10265000009B002B01D0009B0593039B002B0DD00A
:10266000039B9B68002B09D0039B9C68039B186805
:10267000059B019A0299A047034600E023231846D0
:1026800006B010BD00B589B0039002910192039B82
:10269000069300230593069B002B05D1E5F77EFFEB
:1026A0000790079B069309E0E5F778FF0790079AE4
:1026B000069B9A4202D00698E5F75CFF01990298C2
:1026C000FCF7C8F90490079A069B9A4202D0079833
:1026D000E5F750FF049B002B01DC37230593059B96
:1026E000184609B05DF804FB0EB400B584B0019043
:1026F00006AB0293029A05990198FFF7C3FF039076
:10270000039B184604B05DF804EB03B0704782B039
:1027100001900023184602B0704782B0019000BFBC
:10272000FDE782B001900091009B4FF400525A6087
:102730000023184602B0704701231846704782B044
:1027400001900123184602B0704782B001900091B9
:102750004FF0FF33184602B0704784B003900291E7
:1027600001920023184604B0704700B587B003906B
:102770000291019200230593019A05AB0299002072
:10278000FFF758FF059B002B02D14FF0FF3300E00D
:10279000059B184607B05DF804FB00B587B00390B1
:1027A00002910192019B1A4602990020FFF722FF35
:1027B0000590059B022B00BF019B184607B05DF8F2
:1027C00004FB00B585B003468DF80730FEF7A6FB85
:1027D00003909DF8073001211846E6F73BFE039869
:1027E000FEF7A8FB00BF05B05DF804FB00B585B09F
:1027F00003468DF80730FEF791FB03909DF80730F4
:1028000000211846E6F726FE0398FEF793FB00BF6B
:1028100005B05DF804FB84B00190019B002B01D151
:1028200001232AE0019B0393039B93F83830DBB22A
:10283000002B10D0039B93F83C30022B0BD1039B51
:1028400093F83C308DF80B30039B012283F83C2039
:102850009DF80B3011E0039B93F83C30042B0BD117
:10286000039B93F83C308DF80A30039B012283F8D8
:102870003C209DF80A3000E00123184604B0704760
:1028800084B001900B468DF80330019B0393039BAA
:102890009DF8032083F82C2000BF04B0704784B05B
:1028A0000190019B0393039B93F82C308DF80B3020
:1028B0009DF80B30184604B0704700B585B0019004
:1028C0000B468DF80330019B0393039B93F839303B
:1028D0008DF80B309DF80330002B11D09DF80B3094
:1028E00083F00103DBB2002B0AD0039B93F83A304C
:1028F0001846FFF766FF039B012283F8392014E096
:102900009DF8033083F00103DBB2002B0DD09DF85E
:102910000B30002B09D0039B93F83A301846FFF791
:1029200065FF039B002283F8392000BF05B05DF8E6
:1029300004FB84B00190019B0393039B93F839300F
:102940008DF80B309DF80B30184604B0704700B579
:1029500085B00190019B0393039B93F83830DBB261
:1029600083F00103DBB2002B12D0039B1B6A002112
:1029700001989847039B012283F83820039B93F822
:102980003B301846FFF732FF039B022283F83C20BE
:1029900000BF05B05DF804FB00B585B00190019B58
:1029A0001B7EDBB283F00103DBB2002B3FD1019829
:1029B000E6F70EF80346013B0393019BDB68039A9D
:1029C0009A4206D2019BDA68019B1B69013B1344C2
:1029D0000393039B029321E0029B1B78112B03D0EE
:1029E000029B1B78132B0AD1029B1B78112B0CBF67
:1029F00001230023DAB2019B83F8342013E0029B09
:102A0000013B0293019BDB68029A9A4206D2019B2A
:102A1000DA68019B1B69013B13440293019B1B6B0A
:102A2000029A9A42D8D1019B039A1A6300E000BF30
:102A300005B05DF804FB00B58BB0039002910192E4
:102A4000039B0593029B099300238DF81330012308
:102A50000893059B93F82C308DF81330FEF774FA29
:102A60000790059B93F83830DBB2002B0FD0079806
:102A7000FEF77AFA059B93F83B301846FFF7A1FE64
:102A8000FEF762FA0790059B002283F8382007982A
:102A9000FEF76AFA002306933AE000238DF812301D
:102AA000059B93F82D30002B08D0FEF74DFA0790C8
:102AB0000598FFF771FF0798FEF756FA059B93F804
:102AC00034308DF812309DF81230002B20D09DF854
:102AD0001330002B09D0099B1B780A2B05D1059BCD
:102AE000DB690D21059898470890059BDB69099AD9
:102AF00012781146059898470890089B002B01D042
:102B0000089B0FE0099B01330993069B0133069351
:102B1000069A019B9A42C0D3059B1B6A0121039828
:102B20009847089B18460BB05DF804FB00B585B0CC
:102B3000039002910192019A02990398FFF77BFF9B
:102B40000023184605B05DF804FB00B587B003907C
:102B5000029101920093039B0593FEF7F5F904900F
:102B6000019A0299059800F011F80246009B1A603C
:102B70000498FEF7F9F9009B1B68002B01D11B2379
:102B800000E00023184607B05DF804FB00B58BB0E9
:102B9000039002910192019B002B01D10023C7E019
:102BA000039B1B7EDBB283F00103DBB2002B01D061
:102BB0000023BDE000230993002308930398E5F761
:102BC00007FF0690039B5B69069A9A4201D1039B1B
:102BD0005B7E039B5B69069A9A4205D9039B5B69FE
:102BE000069AD31A099308E0039BDA68039B1B69D2
:102BF0001A44039B5B69D31A0993099A019B934278
:102C000028BF13460993099B0893FEF79DF9059089
:102C1000039B93F82D30002B5BD00023079338E003
:102C2000039B5B691B78112B04D0039B5B691B78AA
:102C3000132B14D1039B5A69039B1B6B9A420AD135
:102C4000039B5B691B78112B0CBF01230023DAB2B5
:102C5000039B83F83420089B013B089306E0039B09
:102C60005A69029B591C029112781A70039B5A6987
:102C7000039B1B6B9A4204D1039B1B6B5A1C039B47
:102C80001A63039B5B695A1C039B5A61079B0133C0
:102C90000793079A099B9A42C2D3039B1A6B039B23
:102CA000D968039B1B690B449A4203D1039BDA68E2
:102CB000039B1A63039B1A6B039BDB689A4215D331
:102CC000039B1A6B039BD968039B1B690B449A42B5
:102CD0000CE0039B5B69099A1946029807F0EAFF2A
:102CE000039B5A69099B1A44039B5A61039B5A69C7
:102CF000039BD968039B1B690B449A4203D1039B36
:102D0000DA68039B5A61039B5A69039BDB689A420A
:102D100007D3039B5A69039BD968039B1B690B4428
:102D20009A420398E5F780FE0598FEF71DF9089B87
:102D300018460BB05DF804FB82B001900091019B36
:102D400003F500531A46009B936400BF02B070471E
:102D500082B001900091019BDA6C009BDB431A402A
:102D6000019BDA6400BF02B0704782B0019000910D
:102D7000019BDA6C009B1A43019BDA6400BF02B02E
:102D8000704782B00190019B9B69184602B0704762
:102D900000B585B001900B468DF80330019B03937D
:102DA000039B1B6C9DF8032011461846FEF7C2FBDF
:102DB0000023184605B05DF804FB00B585B001900E
:102DC000019B0393039B1B6C04211846FFF7CDFF67
:102DD00000BF05B05DF804FB00B585B001900B465F
:102DE0008DF80330019B03939DF80330002B06D030
:102DF000039B1B6C01211846FFF7B7FF0BE0039BF9
:102E00001B6C01211846FFF7A3FF039B1B6C0121DC
:102E10001846FFF791FF00BF05B05DF804FB00B551
:102E200085B00190019B039300BF039B1B6C184668
:102E3000FFF7A7FF034603F04003002BF5D0039BE9
:102E400093F84800039B93F8493019460023002269
:102E5000FEF704F9039B93F84A00039B93F84B3069
:102E6000194600230022FEF7F9F8039B93F850302F
:102E700003F00103002B0AD0039B93F84C00039B43
:102E800093F84D30194600230022FEF7E7F8039B24
:102E900093F8503003F00203002B0AD0039B93F801
:102EA0004E00039B93F84F30194600230022FEF793
:102EB000D5F8039B1B6C01211846FFF749FF039BC4
:102EC0001B6C04211846FFF743FF039B1B6C00217A
:102ED0001846E3F767F9039B5B6C00211846E0F79F
:102EE000B9FE0023184605B05DF804FB86B00190DA
:102EF0000B468DF8033013468DF802309DF80330F1
:102F00009B088DF817309DF8033003F00303DB00B6
:102F10000493FF22049B02FA03F303939DF81730F6
:102F2000012B19D89DF81720019B0C3253F8222051
:102F3000039BDB4302EA03019DF80220049B02FA93
:102F400003F31A46039B13409DF817201943019B76
:102F50000C3243F8221000E000BF06B0704784B086
:102F60000390029101920093039B029A9A60039B43
:102F7000019ADA60039B009A1A6100BF04B070479F
:102F800008B5E5F79DFF08B5FFF7FAFF00BF08BDDC
:102F900000B583B0FDF7C2FF0190E6F715FD01987B
:102FA000FDF7C8FF00BF03B05DF804FB82B0EFF38C
:102FB00010830093009B019372B600BF019B1846DB
:102FC00002B0704782B00190019B002B01D162B624
:102FD00000BF00BF02B0704782B0034600928DF878
:102FE00007300B468DF8063000BF02B0704708B5B9
:102FF000DFF71AFD00BF08BD00B583B003468DF8AA
:1030000007309DF80730032B0DD0032B0FDC012B6D
:1030100002D0022B03D00AE0E6F726FD08E00020EC
:10302000E2F78CF904E00020E2F7C6F900E000BF07
:1030300000BF03B05DF804FB08B54FF4C870E6F7B5
:1030400007FB0346184608BD00BF704700B58BB0AC
:10305000079006910592049300238DF82730079B73
:10306000002B01D1222320E0079B00229A83079B9B
:103070000022DA830DF1270319460798E7F718F9BC
:103080009DF82730002B01D003230EE0BDF834302B
:1030900002939DF830300193049B0093059B00221E
:1030A00006990798E7F7B6FC034618460BB05DF89B
:1030B00004FB00B589B00790069105920493079B25
:1030C000002B01D1222317E0079B00229A83079B44
:1030D0000022DA830798E7F7ABF8BDF82C300293AB
:1030E0009DF828300193049B0093059B00220699CC
:1030F0000798E7F78FFC0346184609B05DF804FB14
:1031000000B583B0FDF720FF019000F0F7F80090C4
:103110000198FDF729FF009B184603B05DF804FBFA
:1031200084B00190019B0393039B002B01D12023CA
:1031300003E0039BB3FA83F3DBB2C3F11F0318462A
:1031400004B0704782B00190019B002B07D0019B17
:103150005A1E019B1340002B01D1012300E00023E4
:10316000184602B0704708B500F07EF903461846CD
:1031700008BD82B001904FF0B041019A13465B0048
:1031800013449B000B4434331B68184602B070474D
:1031900082B0019000914FF0B041019A13465B005C
:1031A00013449B000B443433009A1A6000BF02B0F2
:1031B000704700B583B001900198FFF7DAFF03462E
:1031C000184603B05DF804FB00B583B00190009190
:1031D00000990198FFF7DCFF00BF03B05DF804FB26
:1031E00000BF4FF0B0439B6A03F00803002BF8D1F7
:1031F0004FF0B0431B6A1846704782B0019000BF81
:103200004FF0B0439B6A03F00803002BF8D14FF056
:10321000B042019B136200BF02B0704782B00190C0
:103220004FF0B04303F500531A46019B536100BFB2
:1032300002B0704782B001904FF0B0439A69019B91
:10324000DB434FF0B04113408B6100BF02B07047C9
:1032500082B001904FF0B0439A694FF0B041019BAA
:1032600013438B6100BF02B070474FF0B0435B69FE
:103270001846704782B001904FF0B04303F5805379
:103280001A46019B536100BF02B0704782B00190A3
:103290000122019B02FA03F3184602B0704700B501
:1032A00085B00190019B01330293029B002B01D159
:1032B000202303E0029BB3FA83F3DBB2C3F11F03C5
:1032C00003930398FFF7E2FF039B184605B05DF8F0
:1032D00004FB00B585B003468DF80730FDF71EFEF0
:1032E00003909DF8073001211846E6F7B3F80398DC
:1032F000FDF720FE00BF05B05DF804FB08B5FFF741
:103300006FFF0346184608BD08B50120FFF751FFBF
:103310000346184608BD00B585B003468DF8073052
:10332000002303939DF8073003F00103002B03D023
:10333000039B43F0010303939DF8073003F002035E
:10334000002B03D0039B43F0400303930398FFF744
:103350007FFF00BF05B05DF804FB00B583B00346F6
:103360008DF807309DF8073003F00203002B02D0E0
:103370004020FFF77FFF00BF03B05DF804FB00B5FE
:1033800085B003468DF8073000238DF80F30FFF726
:103390006CFF02909DF80730012B0BD0022B13D14C
:1033A000029B03F04003002B14BF012300238DF880
:1033B0000F300AE0029B03F00103002B14BF01232E
:1033C00000238DF80F3000E000BF9DF80F30184645
:1033D00005B05DF804FB00B585B000238DF80F3013
:1033E000FDF7B2FD0290FFF740FF0190019B03F053
:1033F0000103002B05D09DF80F3043F001038DF839
:103400000F30019B03F04003002B05D09DF80F30D7
:1034100043F002038DF80F30019B03F0510318466F
:10342000FFF7FCFE9DF80F301846E7F7CFF802983B
:10343000FDF79AFD00BF05B05DF804FB10B53E2016
:10344000E0F73AFC04460020FFF729FF034624FA80
:1034500003F3184610BD82B001900091019A009BC1
:10346000D31A184602B0704708B53E20E1F75CF861
:103470000346184608BD08B5FCF7FEFEFCF717FF2B
:10348000FCF722FFFCF733FFFCF73EFF00BF08BD4F
:1034900008B5FCF73EFFFCF73EFFFCF73EFFFCF7EC
:1034A00041FF00BF08BD00B583B00023019301F0C8
:1034B000AEFA02F018FA02F0A3FF019B184603B01F
:1034C0005DF804FB00B585B00190FDF727FD039082
:1034D0000198FAF751FD034602930398FDF72AFD80
:1034E000029B184605B05DF804FB00B585B001905D
:1034F0000091FDF713FD039000990198FAF722FD62
:10350000034602930398FDF715FD029B184605B08C
:103510005DF804FB00B585B00190FDF7FFFC03905A
:103520000198FAF731FD0398FDF704FD00BF05B0DF
:103530005DF804FB84B00190019B1B889BB2ADF841
:103540000E30BDF80E30184604B0704782B00190BE
:103550000B46ADF80230BDF80220019B1A8000BF77
:1035600002B0704784B00190019B1B680393039BDA
:10357000184604B0704782B001900091009A019BF8
:103580001A6000BF02B0704700B583B0019000918F
:10359000019B002B03D000990198E7F7FDFB0198F0
:1035A000FFF7B8FF00BF03B05DF804FB82B00190E5
:1035B000019B002B0CBF01230023DBB2184602B095
:1035C000704782B00190019B9B68184602B070471B
:1035D00082B00190019B5B68184602B0704782B0D0
:1035E0000190019B1B88184602B0704782B0019081
:1035F000019B5B88184602B0704700B583B06FF03E
:1036000096030193FEF7B4FF0190019B002B01D0BC
:10361000019B00E00023184603B05DF804FB00BFE7
:10362000704786B00390029101920093039B5B6800
:103630001B0A0593039B1B88ADF81230009B0022E8
:103640001A606FF08603184606B0704700B58BB05D
:1036500007900691059204936FF0960309930798DB
:10366000FFF7B6FF03461B0A0893089B002B20D1E7
:103670000E9B02930D9B01930C9B0093049B059A58
:1036800006990798E4F70EFC0990099B13F1860F41
:1036900001D0099B0FE00E9B02930D9B01930C9BA5
:1036A0000093049B059A0699079800F077F9034662
:1036B00001E06FF0860318460BB05DF804FB00B51F
:1036C00089B005900491039202936FF096030793DB
:1036D000049B5B681B0A0693069B002B19D1059B74
:1036E00003F108000A9B0093029B039A0499E4F7F4
:1036F000FFFC0790079B002B02D1059B06221A6056
:10370000079B13F1860F01D0079B04E06FF0850340
:1037100001E06FF08603184609B05DF804FB00B5C0
:1037200089B005900491039202936FF0960307937A
:10373000049B5B681B0A0693069B002B19D1059B13
:1037400003F108000A9B0093029B039A0499FEF779
:10375000ACFE0790079B002B02D1059B06221A6046
:10376000079B13F1860F01D0079B04E06FF08503E0
:1037700001E06FF08603184609B05DF804FB00B560
:1037800085B0039002910192039B1B68062B08D120
:10379000039B0833019A02991846E4F705FD034696
:1037A00001E06FF08603184605B05DF804FB00B534
:1037B00085B00390029101920093039B1B68062B36
:1037C00009D1039B03F10800009B019A0299E4F7D9
:1037D0007DFD034601E06FF08603184605B05DF8F5
:1037E00004FB00B583B00190019B1B68062B06D13A
:1037F000019B08331846FEF7A8FE034601E06FF070
:103800008603184603B05DF804FB82B00190019B6B
:103810001B0A002B14BF01230023DBB2184602B0A1
:10382000704782B00346ADF80630BDF8063003F4A9
:10383000E043B3F5805F06D0BDF8063003F4E04303
:10384000B3F5005F01D1012300E00023184602B068
:10385000704700B587B00390029101920093002356
:103860000593019B002B0FD0029B002B01D1009BE5
:103870000593039A059BD018019A059BD31A1A4603
:10388000212107F0FEF900E000BF07B05DF804FB5E
:1038900082B003460091ADF80630BDF80630B3F5AE
:1038A000105F20D0B3F5105F2ADC41F2052293426D
:1038B00026DCB3F5905F07DA41F20102934222D091
:1038C000B3F5885F1FD01BE0A3F59053292222FA9D
:1038D00003F303F00103002B14BF01230023DBB229
:1038E000002B0DD00FE0009B802B0ED0009BC02B37
:1038F0000BD0009BB3F5807F07D06FF086030EE0FE
:103900006FF085030BE000BF00E000BF009B03F0F9
:103910000703002B02D06FF0860300E00023184657
:1039200002B0704700B583B001900091019B5B6AC3
:10393000002B02D06FF08A0311E000990120FFF7FD
:10394000D4FD0246019B5A62019B5B6A002B02D1A7
:103950006FF08C0303E0019B009A9A6200231846E3
:1039600003B05DF804FB00B587B0039002910192AB
:1039700001990398FFF7D6FF0590059B002B01D016
:10398000059B07E0039B5B6A019A0299184607F0C2
:1039900091F90023184607B05DF804FB00B587B025
:1039A00003900291019200936FF096030593039B9D
:1039B0001B88ADF81230019B002B02D16FF08503FC
:1039C00044E0BDF812301846FFF72BFF0346002BEA
:1039D0003AD00A9B1B68002B03D1019BDA000A9B9B
:1039E0001A60039B1A880A9B1B6819461046FFF74A
:1039F0004FFF0590059B002B01D0059B26E00A9BFD
:103A00001B680733DB08019A9A4202D06FF08603E5
:103A10001CE00A9B1B680733DB08089A9A4202D213
:103A20006FF0890312E00A9B1B680733DB081A4614
:103A30000299009807F03EF90A9B1B680733DA08E1
:103A4000099B1A60002301E06FF08503184607B058
:103A50005DF804FB00B587B00390029101920093DA
:103A60006FF09603059300230493002202990398B4
:103A7000E8F706F90590059B002B01D0059B32E085
:103A8000029B1B680493049B1B8803F4E043B3F57B
:103A9000804F03D1019B23F001030193049BDA685B
:103AA000019B1340019A9A4203D06FF0840305935F
:103AB00012E0009B002B0CD0049B03F10C00049B34
:103AC0001B88009A1946E7F751FC0590059B002BCF
:103AD00001D1002307E000BF029B00221A60049876
:103AE00000F0B3FC059B184607B05DF804FB00B579
:103AF00083B00190019B5B6A002B07D0019B5A6A3F
:103B0000019B9B6A19461046FFF73EFD019B002270
:103B10005A62019B00229A620023184603B05DF8A6
:103B200004FB00B585B001900198FFF7E0FF03901A
:103B3000019B93F82030042B04D0019B93F8203094
:103B4000052B03D1019BDB69002B02D06FF096039C
:103B500003932C220021019807F093F8039B184649
:103B600005B05DF804FB00B585B001900023039318
:103B7000019B93F82030052B02D06FF088032CE0D6
:103B8000019B5B68DBB2FF2B0DD16FF084030393C5
:103B90000198FFF7C6FF0290029B002B01D0029B09
:103BA0000393039B19E0019B5B68DBB2002B0AD0F7
:103BB000019B9B68184600F055FD0290039B002B6B
:103BC00001D1029B03930198FFF7ABFF0290029B88
:103BD000002B01D0029B0393039B184605B05DF8B0
:103BE00004FB00B585B001900198FFF7DFFC0346A8
:103BF000002B01D000231CE002AB012219460198E2
:103C0000E8F73EF80390039B002B01D0039B10E0E4
:103C1000029B184600F0BAFB0346002B05D0029B1E
:103C20001846FFF7A0FF039002E06FF0990303939B
:103C3000039B184605B05DF804FB82B00190019B20
:103C40001B6823F47F4323F00303002B02D06FF0A3
:103C5000860300E00023184602B0704700B587B025
:103C6000019000916FF0860305930198FFF7B0FC77
:103C700004900198FFF7A5FC03900099049800F0C8
:103C800033FC0590059B002B01D0059B3EE004987A
:103C900000F03BFC0590059B002B01D0059B35E017
:103CA000049BDBB2002B05D1039B002B10D06FF0DF
:103CB00086032BE00198FFF784FC03460021184699
:103CC00000F046FB0346002B02D16FF086031DE097
:103CD000019B0C331846FFF7B0FF0590059B002BA6
:103CE00001D0059B12E00198FFF780FC03464FF6D8
:103CF000F872934202D96FF0850307E0019B1B8B9A
:103D0000012B02D96FF0860300E00023184607B0AC
:103D10005DF804FB30B589B002910192009303462F
:103D20008DF80F30009B00221A6000990298FFF76F
:103D300095FF0790079B002B01D0079B2BE005AB5D
:103D400001991846E7F726FF0790079B002B01D043
:103D5000079B20E0019B1B680693069A029B144672
:103D60001D460FCD0FC495E8070084E80700069BA9
:103D70005B68DBB2002B02D1059A069B9A60069B1A
:103D80001B8B23F001039AB2069B1A83012106982C
:103D9000E7F7E0FD0023184609B030BD00B587B055
:103DA00003900291019200230593039B5B68DBB2B1
:103DB000002B08D00398039B596A039B9B6A1A4601
:103DC00000F033FD0590059B002B01D0059B12E010
:103DD000059B002B0ED1039B9A68019B1A60022160
:103DE0000398E7F7B7FD0590059B002B02D0019BD8
:103DF00000221A60059B184607B05DF804FB00B569
:103E000083B001900091019B002B07D00421019801
:103E1000E7F7A0FD0198FFF784FE00E000BF03B0C4
:103E20005DF804FB82B001900091009B1B88002B81
:103E300008D0009B1A88019B1B889A4202D06FF021
:103E4000860314E0009B1B6A002B02D06FF08603F0
:103E50000DE0009B5B88002B08D0009B5A88019BDB
:103E60005B889A4202D06FF0860300E00023184678
:103E700002B0704700B58FB0079006910592049389
:103E800000230C9300230B93059B0993049B0022B2
:103E90001A60059B002B02D16FF0860387E0059B1B
:103EA000B3F1005F02D36FF0850380E00BAB0CAA87
:103EB00007990020FFF72EFF0D900D9B002B63D17B
:103EC0000C9B5B6A002B1BD1079B5B681846FFF7B6
:103ED0009CFC0346002B09D009AB059A069907986C
:103EE000FFF79FFB0D900D9B002B4FD10C9B099A68
:103EF00011461846FFF716FD0D900D9B002B47D17C
:103F00000C9B5B880A930C9B586A0C9B9B6A0C9ACF
:103F100028320AA90291019200930346059A069954
:103F20000798FFF793FB0D900D9B002B32D10C9B54
:103F30005B88002B04D10A9A0C9B92B25A8009E04C
:103F40000C9B5B881A460A9B9A4203D06FF086034B
:103F50000D9322E00A9B4FF6F872934203D96FF05B
:103F600085030D9319E00C9B07991846FFF75AFF3C
:103F70000D900D9B002B0FD10C9B0B99049A1846AA
:103F8000FFF70CFF0D9008E000BF06E000BF04E063
:103F900000BF02E000BF00E000BF0D9B002B05D07A
:103FA0000C9B0B9A11461846FFF729FF0D9B1846EC
:103FB0000FB05DF804FB00B585B00190019B1B6854
:103FC000002B01D100230FE00198FFF70AFC0390BA
:103FD000019B00221A71019A53796FF30003537108
:103FE000019B00221A60039B184605B05DF804FB94
:103FF00030B5A3B005900491039202936FF096033D
:1040000021936FF09603209300231893059B1B6860
:10401000002B03D06FF0880321935BE0029B002B01
:1040200002D04FF4806201E04FF4006218A9039BB4
:104030000498FFF70FFD2190219B002B47D1189B7F
:1040400019AC1D460FCD0FC495E8070084E80700A2
:104050000FAB24220021184606F013FE0FAC19AD59
:104060000FCD0FC495E8070084E80700059B1A1DD3
:104070000FAB19460398E7F741FA2190219B002BDB
:1040800027D1029B03F00103D9B2059A537961F35A
:1040900000035371029B002B0CD0189B5A6A189B8B
:1040A000986A0FA9039B009303460598FFF707FB47
:1040B00021900FE0189B5A6A189B986A0FA9039BDE
:1040C000009303460598FFF72AFB219002E000BF0A
:1040D00000E000BF219B002B02D00598FFF76BFF8B
:1040E000189B184600F0B1F92090219B002B01D1BC
:1040F000209B00E0219B184623B030BD00B585B061
:104100000390029101920123019A02990398FFF70B
:104110006FFF0346184605B05DF804FB00B587B095
:10412000039002910192039B1B68002B02D16FF058
:10413000880311E0019B002B01D100230CE0019AC0
:1041400002990398FFF71BFB0590059B002B02D0FB
:104150000398FFF730FF059B184607B05DF804FB96
:1041600000B587B003900291019200936FF096031F
:1041700005936FF096030493039B1B68002B03D1F8
:104180006FF08803059325E0039B5B7903F001033F
:10419000DBB2002B03D16FF0880305931AE0039B79
:1041A0001B79002B03D16FF08803059312E0039B6A
:1041B0001B791A46019B934203D26FF08903059342
:1041C00008E0039B1B791A46009B02990398FFF7AE
:1041D000EEFA0590059B002B05D0009B019A1A6012
:1041E000039B00221A71009B1B68019A0599029893
:1041F000FFF72FFB0398FFF7DEFE0490059B002BD3
:1042000001D1049B00E0059B184607B05DF804FB54
:1042100000B583B0019008220021019806F031FD1D
:1042200000BF03B05DF804FB00B583B00190082225
:104230000021019806F025FD00BF03B05DF804FBE6
:1042400082B001900023184602B0704700B583B0D9
:104250000190019BDB691846FFF75CF924220021DD
:10426000019806F00EFD00BF03B05DF804FB00B539
:1042700087B00390019200930B46ADF80A300023FB
:104280000593009B002B0FD000990120FFF72DF91B
:104290000590059B002B02D16FF08C031EE0009A65
:1042A0000199059806F006FD039BDB69002B0AD0F7
:1042B000039BDB691846FFF72DF9039B0022DA61A7
:1042C000039B00221A62039B059ADA61039B009A02
:1042D0001A62039BBDF80A201A800023184607B013
:1042E0005DF804FB82B001900091019A009B9A4214
:1042F0000CBF01230023DBB2184602B0704782B026
:104300000190019B1B6803F48053002B05D0019B97
:104310001B6843F48062019B1A60019B1B6803F4D5
:104320000053002B05D0019B1B6843F40062019BE6
:104330001A6000BF02B0704782B00190019B1B0A57
:10434000002B14BF01230023DBB2184602B07047D4
:1043500084B001900091019B0393039B002B05D037
:10436000039BB3F1804F01D201230CE0009B002B93
:1043700008D0039BB3F1804F04D3039B002B01DBD8
:10438000012300E00023184604B0704782B001907A
:10439000019BDB69002B01D1012300E000231846BB
:1043A00002B0704700B585B001906FF0960303939B
:1043B00003210198E7F7CEFA0390039B002B01D06D
:1043C000039B0DE0019BDB69B3F1FF3F02D16FF06E
:1043D000960305E0019BDB695A1C019BDA6100230F
:1043E000184605B05DF804FB00B587B001900023C6
:1043F00005930023049300230393019B03AA04A9BC
:10440000184600F058FA0590059B002B09D1049B33
:10441000039A19460198FFF7A6FA0590059B002B11
:1044200000E000BF049B039A1146184600F037FADB
:10443000059B002B04D102210198E7F78BFA059028
:10444000059B184607B05DF804FB00B585B00190E8
:104450006FF096030393019B002B01D100233FE0F3
:10446000019B93F82030032B0CD0019B93F8203054
:10447000052B07D0019B93F82030042B02D06FF05E
:1044800088032DE0019BDB69002B02D16FF09603BE
:1044900026E0019BDB695A1E019BDA61002303932E
:1044A0000198FFF773FF0346002B18D0019B93F888
:1044B0002030052B04D10198FFF755FB03900EE047
:1044C000019B93F82030042B04D10198FFF729FBBE
:1044D000039004E002210198E7F73CFA0390039B64
:1044E000184605B05DF804FB00B583B0019000915B
:1044F0000198FFF721FF0346002B01D0002300E0C5
:104500000023184603B05DF804FB82B00190019BC4
:10451000DBB2002B01D1002307E0019BDBB2FF2BB4
:1045200002D16FF0860300E00023184602B0704706
:1045300030B482B00190019B00221C4615462246F1
:104540002B461046194602B030BC704700B58DB0FE
:104550000590049103920598FFF7EAFFCDE90A015F
:104560000023069307AB1A46DDE90A01FDF7DEFDDD
:104570000990099B002B01D0099B12E006AB019327
:10458000049B0093039B0022DDE90A01E3F752FB41
:104590000990069B039A9A4202D06FF0980300E0BC
:1045A000099B18460DB05DF804FB00B589B0019079
:1045B0000198FFF7BDFFCDE9060103AB1A46DDE91F
:1045C0000601FDF7B3FD0590059B13F18C0F01D19A
:1045D000002300E00123184609B05DF804FB00B594
:1045E0008DB00590049103920598FFF7A1FFCDE9E6
:1045F00008010598FFF7D9FF0346012B02D16FF0A0
:104600008A032BE000230093049B039ADDE9080151
:10461000E3F778FA0B900B9B002B02D06FF0980316
:104620001CE006AB1A46DDE90801FDF77FFD0B90A3
:104630000B9B002B07D1069B039A9A4205D06FF083
:1046400098030B9302E000BF00E000BF0B9B002B20
:1046500003D0DDE90801E3F787FB0B9B18460DB09B
:104660005DF804FB00B589B001900198FFF760FF89
:10467000CDE9060103AB1A46DDE90601FDF756FD5B
:104680000590059B13F18C0F01D1002318E0DDE9A3
:104690000601E3F769FB0346002B02D06FF0980395
:1046A0000EE003AB1A46DDE90601FDF73FFD05907C
:1046B000059B13F18C0F02D06FF0980300E00023EC
:1046C000184609B05DF804FB00B589B0019000916F
:1046D0000198FFF72DFFCDE9060103AB1A46DDE98E
:1046E0000601FDF723FD0590059B002B01D0059BDE
:1046F00003E0039A009B1A600023184609B05DF896
:1047000004FB00B589B00390029101920093039BD2
:104710000793029B232B02D86FF0980381E0039844
:10472000E7F7A4FB0690069B002B01D0069B78E0E0
:10473000079B08331846FEF715FF0590059B002BD5
:1047400002D06FF098036CE0079B20331846FEF709
:1047500009FF0246009B1A60009B1A68029B243BDB
:104760009A4204D8009B1B68B3F5005F02D36FF038
:10477000980356E0009B1B68002B03D1019B00228D
:104780001A6019E0009B1B6819460120FEF7ADFE78
:104790000246019B1A60019B1B68002B02D16FF03F
:1047A0008C033EE0019B1868079B03F12401009BEA
:1047B0001B681A4606F07EFA079B0C331846FEF774
:1047C000D1FE02460A9B5A60079B10331846FEF73B
:1047D000B1FE03461A460A9B1A80079B12331846FD
:1047E000FEF7A8FE03461A460A9B5A80079B14331D
:1047F0001846FEF7B7FE02460A9BDA60079B1433A1
:1048000004331846FEF7AEFE02460A9B1A61079B68
:10481000143308331846FEF7A5FE02460A9B5A6178
:104820000023184609B05DF804FB00B589B0039079
:1048300002910192029B002B02D0019B002B02D11E
:104840006FF0860327E0019BB3F5005F02D36FF0A2
:104850008D0320E0019B2433079307990120FEF785
:1048600044FE0690069B002B02D16FF08C0312E0F1
:10487000069B039A01990298E7F79AFA039B9B68B3
:10488000079A06991846FFF7AAFE05900799069819
:10489000FEF77AFE059B184609B05DF804FB00B5EB
:1048A00083B00190009100990198FEF76DFE00BF62
:1048B00003B05DF804FB00B58BB005900491039242
:1048C0000023099300230693059B9B68089306AB7E
:1048D00019460898FFF7F8FE0990099B002B01D0B4
:1048E000099B36E0069B19460120FEF7FEFD079066
:1048F000079B002B02D16FF08C032AE0069B1A461F
:1049000007990898FFF722FE0990099B002B17D101
:104910000699059B0093039B049A0798FFF7F1FE05
:104920000990099B002B0DD1049B1B68002B03D021
:10493000039B1B68002B05D16FF09103099302E0E4
:1049400000BF00E000BF069B19460798FEF71CFE5B
:10495000099B18460BB05DF804FB50E8003F0B4381
:1049600040E80032002AF8D17047C94350E8003FC0
:104970000B4040E80032002AF8D17047431E032B59
:1049800006D8DFE803F00204020403207047042085
:1049900070477047CB6918477047704700207047D1
:1049A00070474FF000007047002070477047704715
:1049B000002070470020704700207047002070479B
:1049C00000207047704700207047002070477047F4
:1049D00070470020704770477047112070470020D3
:1049E00070470020704770477047002070474FF0B5
:1049F000FF3070471120704700207047012070473A
:104A0000002070470020704700207047704701F079
:104A10005EB938B50446FCF797FAD4E9101205469A
:104A20002046E7F739FAE18C228DE060521A40F215
:104A3000712101FB020303F59C53083328462361CF
:104A4000BDE83840FCF790BA08B52030FFF785FF85
:104A5000BDE808404FF08050ECF7E4BB38B50D4698
:104A600004460830E8F7DEFF294600252046EAF72D
:104A7000F5FAE06EE56110B1E8F706F9E56604F1D4
:104A80005000BDE8384006F042BD38B5044619B3C1
:104A900090F838208AB190F839300133DBB29A426D
:104AA00080F8393009D10121FFF7D8FF4FF080712C
:104AB0002046BDE83840FFF7C7BF236ADA030BD5AD
:104AC000E36B62689B1A002B06DA01212046FFF790
:104AD000C5FF4FF08061EBE7236A1B0426D402F088
:104AE00048FB1123B0FBF3F303EB0313C01A94F953
:104AF000613085B213FA80F0102888BFC5F1100527
:104B00006DB2083B2B4484F8613020460121EAF75E
:104B1000A5FA40F27121E28C63682A4401FB02335A
:104B200020466360BDE83840EAF74ABA0025ECE762
:104B30002DE9F84F1D46C3690F4604461646DDF8B9
:104B400030809DF838909DF840B09DF848109DF851
:104B500050A0002B40F0D180EB0600F1BE8005F0A4
:104B60000303032B08BF05F0FD0505F0F705BDF8AD
:104B70003C30A806A3869DF8540048BF05F0FC050C
:104B8000FFF7FCFE47F6FF731BF0020F84F83600B8
:104B9000A4F8783040F0A4801BF0040F00F0A2804D
:104BA00000F0FD00012814BF0323042394F87F20A4
:104BB0009DF8580063F3030284F87F20FFF7DEFEC0
:104BC00047F6FF738A0784F83700A4F8883000F1AD
:104BD0008B804B0740F18A8000F0FD00012814BF54
:104BE0000321042194F88F30606E61F3030384F88D
:104BF0008F30FFF7F1FE00222046216CE7F74CF9D9
:104C000040F271237343984279D849F6FF7104F159
:104C10002000FFF7AAFEFF2384F85430BAF1000FFA
:104C200003D0236A43F480532362290705D506265F
:104C30003746236A43F484132362236A6A0723F402
:104C4000C04323620CD419F0010F1CBF43F400537E
:104C50002362236A19F0020F1CBF43F480432362CE
:104C6000236AA5852B43236204F12E03B8F1000FBC
:104C70003ED0D8F80020C4F82E20B8F804209A803E
:104C80009DF82C30012B03D14FF48061FFF765FEB6
:104C9000236A9DF8282023F4407343EA0223236209
:104CA00002F067FA94F860309DF84C2084F85F00B9
:104CB00023F00F03C0F30320034362F3071384F8C8
:104CC00060309DF834302046E784268584F82A3009
:104CD000FFF79FFE0020BDE8F88F01218B4646E7D5
:104CE000022363E7012361E702217BE7012179E7E2
:104CF000C4F82E80A3F80480CAE70C20EBE7452017
:104D0000E9E72DE9F743894617460446019330B990
:104D100001A806F0FCFB422003B0BDE8F0830129A6
:104D200020D0022910D089B9C369C3B900F1400568
:104D30004FF40036236AD9061ED55A0726D501A896
:104D400006F0E5FB0020E7E7406E20B901A806F079
:104D5000DEFB0C20E0E71946FFF73FFEDCE700F141
:104D60004805E5E7C36923B900F144054FF48026FF
:104D7000E0E700F14C05F9E79B0707D5B9F1000F13
:104D800004D101A806F0C3FB1220C5E704F12008F6
:104D900040463146FFF7E9FDF80702D5284606F000
:104DA000B6FB019921B1284606F041FC002301938E
:104DB000286806F031FC236AD90605D51F2801DCD6
:104DC000032F16D02846DDE740F27262904204DDE0
:104DD000284606F09CFB07209EE7B9F1000F08D19A
:104DE000BF2806DD9A0704D0284606F090FB452030
:104DF00092E72046D4E91212E7F74EF8E3696BB167
:104E000040F27122E38C5343984207D9238D8342A9
:104E1000EAD300F51C70B0FBF2F0E084FCF794F8E4
:104E2000E36905467BB1BB070DD531464046FFF728
:104E300094FD6368C3F57A7602F0D7F9F04202D5A3
:104E40002046EAF727FA2846FCF78EF87AE708B5F5
:104E500048B1CB0701D4002008BD4FF40011203029
:104E6000FFF77BFDF7E74220F6E708B548B1CB072F
:104E700001D4002008BD4FF400112030FFF775FD6C
:104E8000F7E74220F6E7E7F7EDBA38B5C36904461D
:104E90000D463BB1036A13F0010011D194F82430A0
:104EA000FE2B0CD004F120004FF48001FFF755FDDC
:104EB00001202B68C4F85530AB88A4F8593038BDB0
:104EC0000020FCE7036A10B5044613F4602030D0DC
:104ED0009A0307D504F1400006F019FBA36C236484
:104EE0000023A364236A5B0307D504F1440006F0A2
:104EF0000EFBE36C63640023E3644FF4602104F170
:104F00002000FFF732FD2046FFF783FD012094F8D3
:104F1000602094F85F3002F00F0143EA012301336F
:104F200084F85F3022F00F02C3F303231A4384F89E
:104F3000602010BD10B50446503006F078FB2046C6
:104F4000BDE810404FF00071FFF77EBD50E8003F14
:104F50000B4340E80032002AF8D17047C94350E8BB
:104F6000003F0B4040E80032002AF8D1704738B5C6
:104F70000446D0F8A00010B9D4F8A40058B194F8B1
:104F8000375106F0F5FA05F00F0581B206312846D3
:104F9000EAF7E4FE80B240F27122B4F8783000F50E
:104FA000487053439842B8BF184638BD38B50546D7
:104FB0000C4602F099F920B149F640439C4228BFC3
:104FC0001C46EA68A2420BD240F27121B5F87A3051
:104FD0004B43934238BF1346A34228BF23461A4689
:104FE0002A6138BD03469A6A4430920404D5D3F846
:104FF0002821998FEBF786BE93F86F10EBF778BEF8
:105000000020704701207047002070470020704743
:1050100001207047C820704700207047002070476B
:1050200070477047112070477047704700207047E5
:1050300070470020704770470120704770477047E5
:1050400090F8852010B5531C03F00F03072B28BFE1
:105050000023044663F30302034480F8852083F8A9
:105060007E1090F885306F2B4FEA13129EBF0132ED
:1050700062F3071380F88530FFF7E1FF94F83711EA
:10508000204601F00F01FFF7CCFF10BD70477047BD
:105090007047002070470020704710B101F1B00048
:1050A000704701F1D4007047F8307047806A70474C
:1050B0002830FFF74BBFC06A70472C30FFF746BF60
:1050C0002C30FFF74BBF00F59C70704708B50B798B
:1050D000DB0702D4FFF7DAFF08BD91F90510BDE840
:1050E0000840FFF7ADBF02290346808F11D0032986
:1050F00009D0012906D11A8F5B6B1201B2FBF3F3C1
:10510000184480B270475A6B4FF47A43B3FBF2F302
:10511000F6E75B8F073000EB4300F2E770B540F233
:10512000712606FB01F345685643826A1D44120747
:10513000044645600ED500F14005294600F13402D1
:10514000E9F73AF8334629462046BDE87040012287
:1051500001F08BB905EB5605456070BD836A5905B2
:1051600005D4D0F8A03013B15B799A0708D4D0F8F1
:10517000A40000B9704743799B0701D40068F8E7A1
:105180000120704780F87710704738B5836A04466D
:105190001B0713D50246B0F87C3052F8341F4B433E
:1051A00040F271214B4300F14001E9F705F8236C0F
:1051B00020469D08FFF7DBFE2844E06040F27125A1
:1051C000616B204601396943FFF7F0FE204601215B
:1051D000E9F744FF636BB4F87C2020465A436368C8
:1051E00005FB02336360BDE83840E9F7E9BEB0F87B
:1051F000303110B5A0F834310446E7F79DFAC0B25B
:10520000FFF708FF94F8373194F8362103F00F03C5
:1052100004F1440102F061F8EAF7E6FDB4F9302147
:10522000824205D0A4F83001EBF786FAA4F83201E7
:10523000B4F93421B4F930319A4209D0A36A9B03FE
:1052400006D52046BDE810404FF40041E7F78ABA82
:1052500010BDFFF7CCBF836A0A4600F14401C3F3D7
:105260004030EBF7F9BC10B5A0F87810A0F87A2020
:105270000446FFF77CFE2169E0602046BDE810404F
:10528000FFF794BE38B504460D463AB94FF4C02135
:105290002830FFF763FE9DB9002038BDFFF7C6FE3A
:1052A00098B128344FF4C0212046FFF757FE1DB1B6
:1052B0004FF40031FFF74AFE4FF48021204601E011
:1052C0004FF40031FFF742FEE6E71120E5E72DE954
:1052D000FF41836A04469B032CD5B0F93081B0F9B5
:1052E00034710020EBF71CFB8045CCBF0025012565
:1052F00001F0F8FF94F83711C82201F00F01EBF725
:1053000019FB06462046E7F717FAB045B4BF00265A
:105310000126002394F83711A8EB07073FB245EAAE
:1053200046051A46CDE90085029701F00F0180B2CB
:1053300000F0A3FC04B0BDE8F081FFF7C8BF8630E1
:105340007047F8B504460E4600295AD040F2712342
:10535000476B30465F43A7F28A277F083946EAF752
:105360000DFD94F88E30851FADB29D423946304612
:10537000A8BF1D46EAF702FD94F88F20831F9BB259
:105380009342A8BF1346F21E012AB4F88610B4F85F
:1053900088202BD8B1F5296F44F29020B8BF4FF484
:1053A00029618142A8BF0146B2F5296FB8BF4FF409
:1053B00029628242A8BF02461B2DB8BF1B251B2BAA
:1053C000B8BF1B23304684F8913084F89050A4F87D
:1053D0008A10A4F88C20EAF7D1FC831F9BB2AB4261
:1053E000A8BF2B46DBB284F89230F8BDB1F5A47F9C
:1053F000B8BF4FF4A471B2F5A47FB8BF4FF4A47244
:10540000DAE71B23EFE770B54900466B89B28E429D
:1054100018BF40F27125044617BF4068002105FB04
:10542000060005FB1100658F1EBF606061630121EE
:105430009542208F17D08342628700D02387238F25
:10544000626B1B01B3FBF2F394F837112046A4F80A
:105450009C3001F00F01FFF774FF2046BDE870405B
:105460000421E7F77FB98342E8D1A36A1B07E6D599
:105470000029E4D170BDF0B585B004460E466A46F9
:1054800000F1860300F18E07154618685968083345
:1054900003C5BB422A46F7D11868314628609B886D
:1054A0002046AB80FFF74DFF9DF80B2094F891301C
:1054B0009A4211D1BDF80620B4F88C309A420BD133
:1054C0009DF80A2094F890309A4205D1BDF8042046
:1054D000B4F88A309A4207D04FF48141204605B093
:1054E000BDE8F040E7F73EB905B0F0BD37B504467A
:1054F00094F88E50BDF818008D420BD1B4F8865048
:10550000954207D194F88F509D4203D1B4F888504A
:1055100085421DD08DF80610ADF80420019D84F859
:105520008E1094F8371184F88F30A4F88800C4F8EE
:1055300040512046A4F8862001F00F01FFF79BFFA1
:10554000B4F88A30A4F88630B4F88C30A4F88830E7
:1055500003B030BD90F8373170B503F00F03044647
:1055600016460D46D9B18B4219D00122FFF75CFDDA
:10557000294600222046FFF755FD94F83731204692
:1055800065F3030384F8373105F00F01FFF773FF6C
:105590002046BDE870404FF48441E7F7E3B8194670
:1055A0002046FFF768FF002EF2D170BDF8B51D460A
:1055B000C36A04465B070F46164610D404212C30FC
:1055C000FFF7C4FC84F89A702046A4F89660A4F80B
:1055D00098504FF40061BDE8F840E7F7C3B8F8BD54
:1055E00010B511B190F89A400C7012B1B0F8961045
:1055F000118013B1B0F898201A80C06AC0F38000FF
:1056000010BD4FF400412830FFF7A0BC00F5A27098
:10561000704790F8370100F00F00704770B50446EE
:10562000FBF792FC6568064601F0DFFD2D1AB5F523
:10563000FA7504D53046BDE87040FBF795BC40F2E2
:105640007122636B94F870105343B5FBF3F5A38F8D
:10565000AAB29B1AA38794F86F30154602FB113348
:10566000252193FBF1F001FB1033002BB8BF5B1831
:1056700084F86F30B4F89C3020469B1AA4F89C3014
:105680000021E9F7EBFC40F27122636B20465D4399
:10569000636802FB15336360E9F792FCCAE70023F5
:1056A0002DE9F3474E790446B00758BF06F00106CE
:1056B00008460D4648BF0326ADF8043058BF0136F2
:1056C000FFF76FF9074607F01F03002BE36A15BFCA
:1056D0004FF001084FF000084FF003094FF00209A6
:1056E00099050CD59DF80430294666F3010368F34B
:1056F00045138DF804302046019A00F08EF92846B3
:1057000005F08AFF82464946284605F040FF9DF88D
:105710000430AA7966F3010368F345138DF8043069
:105720008DF805A0BDF804300C32AB529DF8043062
:10573000A9189A066B7948BF8F7043F001036B710B
:10574000FBF702FC06462046294650F8A48F05F0D8
:105750006EFF94F84631013384F84631A36A1B0783
:105760000CD5B4F87C30012B02D92046FFF756FF48
:10577000304602B0BDE8F047FBF7F6BB656801F0C4
:1057800034FD0746E9F780FD8442F1D1ED1BB5F504
:105790007A7FEDDDB8F1000F03D0D4F8A030002BF4
:1057A000E6D1EAF709F9E3E708B5022006F01CF8AC
:1057B00010B100F0A1FD012008BD10B504464FF462
:1057C00040712830FFF7CAFB2046BDE81040002199
:1057D000E7F768BC012310B5A1F12002C1F1200454
:1057E00023FA04F403FA02F222438B40D0E9084181
:1057F00023400A40134314BF0120002010BDC36A98
:1058000010B5044613F0080012D00123A1F12002C4
:10581000C1F1200023FA00F003FA02F202438B40A8
:10582000D4E9080103400A40134314BF01200020BB
:1058300010BD10B50C46C9B2FFF7E1FF70B1E8F733
:10584000A7FCC4F12002A4F12003E04001FA02F217
:10585000104321FA03F3184300F0010010BD70B5A6
:1058600004460E46E8F7C6FDFBF76EFB054602212F
:10587000204684F87760E6F775FF20460021E9F7B7
:10588000EDFB2846BDE87040FBF76EBB70B50446E3
:105890000D46FBF759FB0646E9F7F6FC844201D1B9
:1058A000EAF76AF83046FBF75FFB29462046BDE879
:1058B0007040FFF7D4BF0B68C0F84031704738B56F
:1058C00040F64805D0F840310C460B609BB2AB4225
:1058D00004D90B21FFF7ADFF08B9258038BD44F28C
:1058E00090232380FAE708B500F0FBF8E7F7A2F869
:1058F00000F00EFB00F008F8E8F7B4FCE9F7F2F965
:10590000BDE80840E9F756BA704770B515460E462F
:105910001C46FFF7C9FB2B684EB103606B68436000
:105920002368C0F825302368C0F8153070BD836047
:105930006B68C3602368C0F829302368C0F8193049
:10594000F4E770B50546FFF7AFFB0446FBF7FCFA3A
:1059500006464FF480712846FFF7AAFB4FF400611A
:105960002846FFF7AAFB3046FBF7FEFA002328463D
:1059700023612375236284F82430FFF797FB80238B
:1059800010F0080F14BF237584F8243070BD10B5D3
:105990000446FFF712FF2046BDE810401021E6F74D
:1059A000E1BE10B504464FF46061FFF789FB204665
:1059B000BDE81040FFF701BF7FB506460C46FFF774
:1059C00073FB4FF4C06105463046FFF776FB4FF49A
:1059D00000613046FFF774FB4FF48060E8F77EFB10
:1059E000224670B969462846E7F73CFF6B4605F149
:1059F000100213F8011B02F8011DAA42F9D104B0EC
:105A000070BD6C4602F110062346106851680832DA
:105A100003C3B2421C46F7D1E8E7F0B587B00D46A4
:105A2000ADF80C20FFF740FB0446284605F0F4FDD6
:105A3000064600B32846E7F753FF9DF80C3005AF44
:105A400003F02303224631460093019704F120031B
:105A5000FCF7D5FA2846E7F759FF042239462846CD
:105A600005F06DFF236A0133236223B994F82430D3
:105A7000013384F8243007B0F0BD30B585B0039110
:105A8000ADF80820FFF710FB0446039805F0C4FDAD
:105A9000051F002D02DC002005B030BD0398E7F79C
:105AA0001FFF431901939DF80830224603F023039A
:105AB0000093294604F11003FCF789FA0028EAD183
:105AC0000398E7F723FF042103A805F0F0FD2369FD
:105AD000013323610BB10120DEE7237D0133237500
:105AE000F9E708B54FF40060E8F7F8FA40B94FF469
:105AF0008050E8F7F3FA40B9BDE80840EBF74CB93D
:105B0000FFF7C7FA0028F2D008BDFFF7C4FA002853
:105B1000F2D0F9E741F0004141F4E0210160704723
:105B200000207047002070477047704770477047EB
:105B300010B5DC1D043383734379C47123F0030370
:105B400043F003030E244371012344738371C37331
:105B50000182827410BDD31CC3713E234373437909
:105B6000827323F0030343F0030343710123C173E2
:105B7000837170470F234373042383734379A0F821
:105B8000111023F0030343F00303437140F2017348
:105B9000C3800123C27303747047D31CC37143795C
:105BA000417323F0030343F0030343710123827322
:105BB0008371704708B50023FFF7BAFFBDE80840BE
:105BC000E7F792BF2DE9F843804602208946174641
:105BD0001E4605F009FED0B10C23437308238373DE
:105BE00040F601334579C38025F003059DF8203048
:105BF00045F003054571A0F8108080F81290A0F8D8
:105C00001370A0F81560C373E7F76EFF0120BDE8BD
:105C1000F883F8B504460F46164613211D4609229F
:105C2000FFF799FF83790C331C44A170E77026714C
:105C30002B68C4F80530AB88A4F80930BDE8F840FB
:105C4000E7F752BF70B5064602200D4605F0CCFDC1
:105C5000044668B114210422FFF77DFF83790C33D9
:105C60001C44A170A4F803606571E7F73DFF0120B3
:105C700070BD08B501F018FC08BD2DE9F0410746DC
:105C800002200D4690461E4605F0AEFD0446E0B1EA
:105C900009222121FFF75FFF0A2283790C331C447C
:105CA000BDF9183084F8038093FBF2F323729DF85A
:105CB0001C30A7806372BDF92030A67193FBF2F30C
:105CC000E571A372E7F710FF0120BDE8F08170478E
:105CD00010B5E7F743FF837900210C33C418E0784F
:105CE000E6F746F96168FFF7B2F80446E7F73CFFCC
:105CF0002246BDE8104000234FF61941FFF718BFB8
:105D000010B5E7F72BFF837900210C33C418E07836
:105D1000E6F72EF96168FFF7A8F80446E7F724FFD5
:105D20002246BDE8104000234FF61A41FFF700BF9E
:105D300070B5E7F713FF002186790446FE20E6F7E9
:105D400017F90546FFF7ECFE50B10C24E7F70CFFFE
:105D50002246BDE87040002342F20501FFF7E8BE8D
:105D6000FFF7E0FE0028F0D134440F342DB1214676
:105D70002846FFF78AF80028E7D02046E8F7FAF827
:105D80000024E3E72DE9F041E7F7E8FE83790025F9
:105D90000C33C418E678E7F7E1FE0768E7F7DEFEA4
:105DA000A6F1FE035942594105603046E6F7E0F896
:105DB0003B4629462279FEF7A4FF0446E7F7D4FEC6
:105DC0002B462246BDE8F04142F23701FFF7B0BE54
:105DD0002DE9F041E7F7C2FE837900250C33C418A2
:105DE000E678E7F7BBFE0768E7F7B8FEA6F1FE0323
:105DF0005942594105603046E6F7BAF83B462279E8
:105E00000121FEF77EFF0446E7F7AEFE2B46224651
:105E1000BDE8F04142F23801FFF78ABE2DE9F047B4
:105E2000E7F79CFE83790C33C418277994F8038034
:105E300027B9B8F1010F27D0E6F7FCFA00260534A0
:105E4000BE420ADB0025E7F78FFE2A46BDE8F04791
:105E5000002342F23901FFF76BBE2078B4F80150FD
:105E6000A0F1FE035942594194F803900434E6F737
:105E70007FF858B12A464B464146E6F7D7F9054622
:105E80000028E0D10136DBE71225DCE74225DAE71E
:105E900010B5E7F763FE837900210C33C418E0786E
:105EA000E6F766F880B1211DFEF7EFFF00280CBF72
:105EB0000C240024E7F758FE2246BDE810400023DA
:105EC00042F23501FFF734BE4224F3E7FE282DE904
:105ED000F8430646894690461F4616D0022005F034
:105EE00083FC044690B106221221FFF734FE1223F0
:105EF000A57920460C352544AB7085F803902E71AA
:105F0000A5F80580EF71E7F7EFFD0120BDE8F88304
:105F1000704710B5FFF704FE0446FEF75AFD204314
:105F2000C0B210BD10B5E7F719FE83790C331844E1
:105F30004479B0F80300E6F7EBFB60B12146E8F7DF
:105F40003FFD0446E7F710FEE2B240F20641BDE82D
:105F50001040FFF70FBE0224F4E770B5E7F7FEFD2F
:105F600083791844B0F80F50FAF7EEFF044628463C
:105F7000E6F7CEFB80B11621FFF788FC002520460E
:105F8000FAF7F2FFE7F7F0FD2A46BDE8704000237C
:105F90004FF60441FFF7CCBD0225F0E7F8B5E7F76F
:105FA000DDFD847905460C340444B4F80300E6F7BB
:105FB000AFFB064640B9E7F7D7FD0222BDE8F8403F
:105FC00042F21301FFF7D6BDAB79E97903F10C0278
:105FD0000220CB1A2A44002105F0DEFC014618B944
:105FE000E7F7C2FD0722E9E783790333837130467F
:105FF000B4F80D50B4F80F70E8F796FC04463A4632
:1060000029463046FFF72FF9E7F7AEFD2246D5E7E0
:1060100038B5FAF799FF0446FFF77BFF00280CBF5D
:106020000C250025E7F7A0FD2A4642F20E01FFF7F6
:10603000C1FDFFF77AFD2046BDE83840FAF794BF6E
:1060400010B5E7F78BFD83791844B0F80F00C0B2A4
:10605000E6F7CCFEE7F788FDBDE81040002342F2EA
:1060600024011A46FFF764BD2DE9F843814602205A
:10607000884617461E4605F0B7FB044690B10A2233
:106080000321FFF768FD0023A57920460C35254440
:10609000EB70A5F80490A5F806802F816E81E7F7D4
:1060A00023FD0120BDE8F8832DE9F043814685B04A
:1060B00002200E461F469DF844808DF80F2005F003
:1060C00093FB0546002844D022222921FFF743FDF7
:1060D0000022AC7930460C342C4404F10E0304F158
:1060E0001401C4F80E209A806261228300913A461E
:1060F0000DF10F01FEF778FC9DF84030A4F80490F4
:10610000E37006F00103A3719DF80F3016F0FD0F48
:10611000E3713B68A360BB88A3814FF6FF7304D093
:10612000032E08BF43464FF0FF08BDF83020284635
:106130006283BDF8342084F82180A283BDF8382022
:106140006384E2839DF83C2084F82020E7F7CCFCB0
:10615000012005B0BDE8F083F8B5074602201646D9
:106160001D4605F041FB044690B10C220421FFF7C7
:10617000F2FCA1799DF818300C31214420468F8023
:10618000C1F80660C1F80A50CB70E7F7ADFC0120FA
:10619000F8BD70B5064602200D4605F025FB044605
:1061A00068B103223021FFF7F8FCA37920460C33B5
:1061B0002344A3F803609D70E7F796FC012070BDAF
:1061C00070B5064602200D4605F00EFB044688B168
:1061D00004220821FFF7E1FCB5FA85F2A379520900
:1061E0000C3323442046A3F803605A719D70E7F7EF
:1061F0007BFC012070BD2DE9F843814602208846D2
:1062000017461E4605F0F0FA0446B0B10B220721EE
:10621000FFF7A1FCA579BDF820300C3525442046B8
:10622000A5F80390A5F80580A5F80770A5F8096002
:10623000A5F80B30E7F758FC0120BDE8F883F8B566
:10624000074602200E46154605F0CEFA0446A0B1D8
:106250000D220521FFF77FFCA37920460C33234450
:10626000A3F80370A3F80D602A68C3F805206A68D4
:10627000C3F80920E7F738FC0120F8BD2DE9FF41FC
:1062800016466A4680460F4615460A9C03F1100ED4
:106290009446186859680833ACE8030073456246B1
:1062A000F6D124B9022005F09FFA044608B31D2256
:1062B000ED212046FFF74FFCA3790C332344A3F8CC
:1062C0000380A3F80D702EB13268C3F80520726800
:1062D000C3F809200F3304AE2A4603CAB24218603D
:1062E0005960154603F10803F6D12046E7F7FCFB99
:1062F000012004B0BDE8F08113B51321827901902B
:106300000C32841881544FF44072C280E7F782F94E
:10631000A07020B901A805F0FAF802B010BD800005
:10632000013060700198E7F7DFFBF6E770B50646CD
:1063300002200D4605F058FA044678B104220521E2
:10634000FFF72BFC0022A37920460C332344A3F84B
:1063500003605D719A70E7F7C7FB012070BD13B54C
:10636000837901900C33C418C05CE6F7D1F920B9E9
:1063700001A805F0CCF802B010BD6378019913F0C4
:10638000300F0CBF012200228B7904338B714B79C3
:1063900062F300034B71E6F785FEECE72DE9F0416F
:1063A000E7F7DCFB83790C33C418B4F803801FFAD9
:1063B00088F0E6F7ADF9054600B3A2796179FEF7FA
:1063C00061FF0646E7F7D0FB07460223324642F25A
:1063D0007A01FFF7ADFBBB7938463B44A3F8128046
:1063E000E7F782FB46B9A37933B12846FFF711F9E5
:1063F00001462846FEF71CFEBDE8F0810226E1E7D3
:1064000000F007BE50E8003F0B4340E80032002A8E
:10641000F8D17047704770B50E461546E6F736FB63
:10642000044648B93046E6F7E9F8044620B928465C
:10643000EAF7DAFB044640B10020E6F727FB00202C
:10644000E6F7DCF80020EAF7CFFB204670BD4FF4FA
:106450000010EAF7E7BEE9F7C9BDE7F76DBD43688D
:10646000143B4360A0230B6070471AB94268A2EB4B
:10647000530242600A6802EB83020A607047884256
:1064800010B518D8052816D9B1F5486F13D8B3F54B
:10649000FA7F10D240F67644A2F10A0080B2A04200
:1064A00009D801339BB24B435B00B3EBC20F94BFDF
:1064B0000120002010BD0020FCE7C94350E8003F48
:1064C0000B4040E80032002AF8D1704700207047A6
:1064D0002DE9F04104460F4600264FF00108214601
:1064E00086F00100FEF7D9FD4FF48051FFF7E5FF7C
:1064F000836833B940460EB1BDE8F081012680467D
:10650000EDE7028ABA4206D10022012120469847CF
:106510000028EFD1EFE70268D205EBD50022114643
:10652000F4E708B5FEF7CFFD00230380436008BD04
:1065300070B506460C46FAF707FD05463046FEF7ED
:10654000C2FD30B103781C4304704FF40070EAF7C9
:1065500069FE2846BDE87040FAF706BDE6F7A2BD21
:1065600007B542798DF8071022F0030242F00302CA
:10657000427140F203320DF10701C280012204F0A2
:10658000A9FF03B05DF804FBF8B5174606460C46B4
:106590001D46FEF790FD020713D502213046FFF796
:1065A00019F970B111212046FFF7DAFF2046E7F70D
:1065B000C9FE4570877021463046BDE8F840E6F7D1
:1065C00071BD28204FF08861C5F12002A5F120039C
:1065D000E94000FA02F220FA03F311431943CB0712
:1065E000E0D40D212046FFF7BBFF2046E7F7AAFEC7
:1065F0004770E0E770B50C46054607212046164671
:10660000FFF7AEFF2046E7F79DFE2146467028467D
:10661000BDE87040E6F746BD38B50C46002105469A
:10662000FEF761FD47F6FE73241AA4B29C4205D919
:1066300028462821FFF713F9002038BD0120FCE788
:1066400038B504460D4601460020FEF726FD0368D6
:106650009B0505D429462046BDE83840FFF7DCBF3E
:10666000002038BD2DE9F04115461F469DF81880E1
:10667000FEF713FD0446FAF767FCB8F1010F064672
:1066800023D154E8003F43F4807344E80032002AE9
:10669000F7D105B354E8002F42F4007244E8002318
:1066A000002BF7D1FF212046FFF707FF54E8002F0A
:1066B00048EA020244E80023002BF7D13046A560E7
:1066C0002782BDE8F041FAF74FBC4FF480712046B5
:1066D000FFF7F3FEDDE74FF400712046FFF7EDFE14
:1066E000E0E773B5064601200C46FEF7D6FC002312
:1066F00005461A46009321463046FFF7B3FF6B6804
:1067000063B14FF480712046E6F72CF855E8003F5E
:1067100043F4007345E80032002AF7D1FAF714FC7D
:1067200005462046FEF7CFFC28B103881BB14FF485
:106730000070EAF777FD284602B0BDE87040FAF72E
:1067400013BC38B505460C46FEF7A7FC83684BB171
:10675000022120460022984721462846BDE83840BD
:10676000FFF7BFBF38BD012938B505460C4608D034
:10677000CC1E012C03D801460120FFF7E2FF0120C7
:1067800038BD2221FEF7FEFC20462946FFF7D9FF3F
:106790000020F5E708B5FEF780FC006800F0F00087
:1067A00008BD10B5014604460120FFF7F3FF20B9EC
:1067B0002146BDE81040FFF7EDBF10BD70B506469D
:1067C0000C4601460120FEF768FC314605460020D4
:1067D000FEF763FC2B680268014643EA0200C0052D
:1067E0001ED49B0502F4007203D49AB94FF0FF3017
:1067F00070BD2B8A1B1B98B27AB1098A091B89B21A
:106800008842A8BF08464FF6FF73984208BF4FF072
:10681000FF30EDE74FF6FF70EFE74FF6FF71EFE760
:106820000120E5E72DE9F3410446019101460120ED
:106830001546FEF732FC214606460020FEF72DFCE9
:1068400080462046FEF732FC810606D501A804F0FA
:106850005EFE0C2002B0BDE8F081FAF775FB3368EC
:1068600007469A0503D4D8F800309B0509D501994D
:10687000301D8D6004F0DBFE3846FAF775FB002012
:10688000E8E7FAF771FB20460199A847E2E738B537
:10689000014604460120FEF700FC05460C3004F0DA
:1068A00036FE281D04F033FE21460020FEF7F5FBDE
:1068B00004460C3004F02BFE201DBDE8384004F0E7
:1068C00026BE70B5014605460120FEF7E6FB0646EA
:1068D000043004F099FE044670B14FF40071304664
:1068E000FFF7EBFD21462846A368984720B12046D4
:1068F000BDE87040F9F7D8B970BD00238260C0E9E7
:106900000031704708B50B4601461846FEF7C5FB37
:106910000068C0F3402008BDFFF725BFCB1E012B48
:1069200070B504460D46164606D81A21FEF72AFC15
:1069300040212046E5F716FF324629462046BDE8AD
:106940007040FFF710BF38B504460D46FEF706FC51
:1069500028B1012D04D122212046FEF713FC00208E
:1069600038BDF8B50C468B7907460B44D3F80D605B
:10697000D3F811303246E6F777FB09212046FFF7BE
:10698000EFFD2046E7F7DEFCA579E7F701FC0C35C3
:1069900066F0FF0625440640C5F80160E7F7F8FBFE
:1069A0003846C5F805102146FFF7D8FD02213846C4
:1069B000FFF7BEFDF8BD70B50E4605460146002046
:1069C000FEF76BFB012E044603D0022E11D00120EE
:1069D00070BDC16828468B7919440D31FEF73BFC28
:1069E000E068F9F761F900202946E060FFF779FED9
:1069F000EDE7C068F9F758F90023E360E7E738B539
:106A00000D46044601460120FEF747FB012D08D143
:106A100000F112012046FEF71EFC21462846FFF732
:106A200060FE012038BD08B5FEF740FBC0F3C00092
:106A300008BDF8B50C460746FFF7F5FF80F00106E4
:106A4000F6B239463046FEF728FB0546C068012CF1
:106A5000837903D0022C1BD00120F8BD0C33C4185D
:106A600023893846E288A188FEF7CDFC61886278E8
:106A70004900384689B25200FEF750FBE868F9F742
:106A800013F9002339463046EB60FFF72AFEE3E7AF
:106A9000F9F70AF90023EB60DEE708B5FEF70BFB18
:106AA00000F0010008BD38B50C4602210546FEF78E
:106AB00004FB0C212046FFF753FD2046E7F742FC7C
:106AC0004FF0FF3383700223C3700D2343706FF0C8
:106AD0002F0303710523214643712846BDE8384042
:106AE000FFF73CBD042910B5044601D0002010BDBD
:106AF000FFF799FFC0F10200E7F7F0FA0028F5D19F
:106B000004F072FE014608B90220F0E72046E7F7DC
:106B100029FF0028F8D10120E9E708B5FEF7C6FAF9
:106B2000C0F3C00008BD2DE9F0410F460446904671
:106B3000FFF7F3FF80F00105EDB221462846FEF78E
:106B4000ACFA012F064603D0032F0FD001200BE033
:106B50002046FEF726FF22212046FEF713FB28469B
:106B60002146FFF7EEFD0020BDE8F081C068F9F78F
:106B70009BF800232046F360FEF713FF20465FFAE0
:106B800088F1FEF7FFFA20462021E5F7EBFD2146CC
:106B90002846FFF7D6FDD9E7F7B5014604460020A1
:106BA000FEF77BFA054600F112074FF48060E7F725
:106BB00095FA50B92046E5F7BFFD3A46698B80B299
:106BC00003B0BDE8F040FFF73ABB2046E5F7B4FD5F
:106BD000064620466D8BFEF767FA002203460092B8
:106BE00029463A46B0B2FFF749FB03B0F0BD8378BF
:106BF0001A2B09D81B2383700288B2F5A47F07D211
:106C00004FF4A473038007E0FB2BF5D9FB23F2E7D5
:106C100044F290239A42F5D87047F0B50446CA79F9
:106C20008B7987B043EA0223ADF80C308B8803A838
:106C30008DF80E30CA788B7840F6480543EA022377
:106C4000ADF810300B8805A98DF81230FFF7CFFF93
:106C500004A8FFF7CCFF2046FEF731FE0B212046AB
:106C6000FEF7E7FD44F29023002818BF1D46BDF84B
:106C70000C709DF80E30BDF81460BDF810209DF822
:106C800016009DF81210AF42D4BF00970095FB2B61
:106C9000A8BFFB23B242A8BF32468142A8BF01462B
:106CA0002046FEF723FC07B0F0BD37B51446054675
:106CB0001046FFF755FC2046E7F744FB01A90446C0
:106CC0002846FEF7FCFD0B212846FEF7B2FD6FF0CB
:106CD00004036370002344F29022A37040F648033B
:106CE000002818BF1346A4F803309DF80630A4F816
:106CF0000530BDF80430A4F8073003B030BDFFF70D
:106D000032BD022973B505460C4603D00024204647
:106D100002B070BD0521FEF75DFD0028F6D0E6F754
:106D20006BF81B28F2D94FF40040E7F7D7F9002899
:106D3000ECD104F059FD06460028E8D0284601A908
:106D4000FEF7BDFD314628469DF80630BDF804200B
:106D5000E8F746F80028D9D10124D8E730B190FAF5
:106D6000A0F00123B0FA80F08340D8B2704770B52C
:106D70000646FEF7A0F980F0400402060546C4F37B
:106D8000801406D408213046FEF739FD08B144F0DE
:106D90000204EB0506D40B213046FEF730FD08B1A6
:106DA00044F00404204670BD2DE9F84304469146A2
:106DB0000F46FEF780F9C0F340152046FEF726FC8B
:106DC000214680462846FEF768F949460646204691
:106DD000FEF7D8F998F80110384601F00F0100F0DD
:106DE000BCF9062814BF014600212A462046FEF7BA
:106DF000B1FB21462846FFF774FC20212046FEF710
:106E00005FF956E8003F43F4805346E80032002A19
:106E1000F7D1BDE8F883F8B50E4604461546FEF7EF
:106E20004AF9032EC0F340170DD0042E16D0012EC0
:106E300012D122212046FEF7A5F938462146FFF758
:106E400080FC0020F8BDEAB200212046FFF7ACFF2D
:106E500021463846FFF775FC0120F3E70C22F3E7E3
:106E6000012910B504460BD1FEF725F92146C0F3E0
:106E70004010FEF712F90022817C2046FFF794FFB4
:106E8000012010BD2DE9F7430F460546FEF713F923
:106E900000F02009C0F340182846FEF7B7FBBB7985
:106EA0000C333B445E789B781E400378C3F30300A9
:106EB00000EA13103040FFF751FF044648B9B9F11A
:106EC000000F06D12846FFF752FF3040FFF746FF7C
:106ED00004462846FEF79DFBE8F764FFA04223D056
:106EE0001CB302212846FEF7FEF80021064628467C
:106EF000FEF727FA18213846FFF732FB3846E7F746
:106F000021FAB6B2394644708470A0F8036028466E
:106F1000FFF724FB23462246294640460096E7F722
:106F200099FF03B0BDE8F08300242646E2E770B580
:106F300004460D46FFF735FC28B929462046BDE832
:106F40007040FFF79FBF402829462046BDE87040AB
:106F50004FF0160314BF2A222322FFF715BB38B5C2
:106F600005460C46FEF7A7F8830604D42046BDE884
:106F70003840F8F799BE21462846BDE83840FFF76B
:106F800081BF73B58C7906460C340C440D46FEF770
:106F900092F8A278C0F34010032A14D0052A28BF23
:106FA00000226378032B10D0052B28BF0023B4F8F0
:106FB000031000913146E7F74DFF284602B0BDE8C7
:106FC0007040F8F771BE0022EBE70023EFE708B549
:106FD0008B790B441B7B162B03D0172B05D000207D
:106FE00008BDFFF7A4FF0120FAE7FFF7B8FFFAE7B3
:106FF00008B58B790B441B7B162B03D0182B05D0BF
:10700000002008BDE7F750FF0120FAE7FFF7B9FFBE
:10701000FAE770471FB54A1E042A03460C465FD89C
:10702000012902D1008804B010BD022905D10088D1
:107030005B88984238BF1846F5E74A00014601A828
:1070400003F038FE032C07D10023ADF80A304FF6C9
:10705000FF73ADF80C3001E0042CF8D0BDF8062029
:10706000BDF80430934284BFADF80630ADF804207B
:10707000BDF80A30BDF80C20934288BFADF80A2055
:10708000BDF80A2088BFADF80C30BDF8043093423B
:1070900088BFADF80A30BDF80620BDF80C309A4222
:1070A00088BFADF80630BDF80820BDF80630934221
:1070B00084BFADF80830ADF80620BDF80A30BDF841
:1070C00008209A4288BFADF80830BDF80820BDF806
:1070D00006309A4238BFADF80830BDF80800A2E784
:1070E0004FF6FF709FE710B5418904468389C28936
:1070F0000846FFF7C4F9E0B1E279531E072B19D80F
:107100006389934216D922899A4213D8237C43B9C2
:10711000637C33B9A37C23B9E07C10B9237D0F2BAA
:1071200007D9607D1B3000F01F000B288CBF0020AA
:10713000012010BD0020FCE708B5E9F789FABDE899
:1071400008400020E9F7F2BAC94350E8003F0B407D
:1071500040E80032002AF8D17047022808D00428FD
:1071600003D0012818BF0620704701F00101C81C98
:107170007047E9F73BBE0A2802D80130C0B2704719
:10718000242801D80230F9E7252805D0262805D083
:10719000272818BFFF207047002070470C20704739
:1071A00008B5E8F77BFEBDE808404FF00060EAF75D
:1071B00039B808B5E9F720FE20B1BDE80840102035
:1071C000FFF7EEBF08BD70477047704770477047C4
:1071D00000207047704770477047704770471046EF
:1071E0001946704700200021704702F022BFEFF7D8
:1071F000C1BF02F0D6BF08B5E9F752F820B1BDE82B
:1072000008400420FFF7CCBF08BDF0B585B00D469F
:1072100016468DF8070002B983B329469DF807008A
:10722000FDF7EEFB044690B929469DF80700FDF7EF
:10723000EBFB20BBF6B19DF80700003818BF01201A
:107240002946E9F799FC441C18BF012417E002AF56
:10725000012239460DF10700FDF7D4FB0246044632
:107260004EB19DF80730181E18BF0120002A18BF24
:107270003D46E5E70124FDF7B4FB00B901242046B3
:1072800005B0F0BD37B50246136A084603F4007432
:1072900003F40015DB0505D47CB9E6F745FE20466E
:1072A00003B030BD4CB9B5FA85F4D2F85510640975
:1072B0000160B2F859208280F1E7019092F95430D0
:1072C000B5FA85F4009300231A4619461846FDF7CF
:1072D00091FB6409E3E770477047024619460020B6
:1072E000E9F728BB002070470020704707B5002150
:1072F0004FF0FF336A46084600938DF80430E9F7F3
:10730000ABFC03B05DF804FB38B50546006803F03C
:10731000A0FF0446287900F01F0003F09AFF2044E4
:10732000C0B2012894BF0020012038BD70479142AF
:1073300070B50D4614461E4609D2FFF71AFF641BAE
:10734000013490FBF4F303FB14000544ACB2348029
:10735000FFF70FFF33880133B0FBF3F202FB13009A
:10736000049B188070BD70477047704708B5202097
:1073700000F06BFE003818BF012008BD08B5FFF70C
:10738000F5FF20B1BDE80840202000F066BE08BD32
:1073900073B506460D461446D2B100F053FEA8421E
:1073A00018D8304600F063FE01460190A0B10023DA
:1073B0002A46204604F0A1F801A804F0A8F82246C5
:1073C000022052F8041B00F0FFFD002002B070BD47
:1073D0002220FBE72120F9E72D20F7E708B5F8F791
:1073E00095F908B1012008BD00F060F8F8F796F9AA
:1073F0000028F7D1EBF7A6FD003818BF0120F2E70F
:1074000008B5E9F7BDFE00280CBF0420012008BD27
:10741000E9F7C4BE0020704730B50446154687B072
:107420000846FFF71AF8122200210DF1060003F0BA
:1074300028FCA368ADF804500293E3680393E38B40
:10744000ADF81030238CADF81230FFF7E3FF029B4C
:107450008DF8140043F41053029300F065FD18B149
:10746000029B43F00403029301A8E6F749FE10F0E3
:10747000FF0516D1A38C0DF10201ADF80030E38CAD
:107480006846ADF8023000F0E7FCE9F723FFFEF7AD
:10749000E2FF012102F0AFFCEAF768FF284607B0DF
:1074A00030BD40F20C40FAE7E9F724BFFBF728BEF5
:1074B000E2F7A8BF704700207047002070475328AC
:1074C00038B505460C4604D1BDE83840084600F002
:1074D0007DBC0620F8F796FD68B96379142D03F09A
:1074E0003F03637104D0722D08D163F03F036371D1
:1074F0000020A57138BD40F20740FBE72120F9E7E5
:107500001FB550F80C4BADF80A3094F87040069B4C
:10751000ADF806108DF8082040F2035101AA8DF84D
:107520000440039303F028FF10B906A803F0EFFF0F
:1075300004B010BD2DE9F0414FF0000886B00446BC
:107540000E461546CDF80C8000F1440712B303A88F
:1075500003F0DDFF384603F0DAFF84F81C800023D7
:107560003246009318212B46204600F003FF05F514
:107570008855204650F80C3B40F2055193F8703086
:1075800004AA8DF81030059503F0F6FE002006B031
:10759000BDE8F08143691A0710D4A846384603F0C5
:1075A000D4FF03460390C0B903A803F0B0FF3846E8
:1075B00003F0ADFF0023237755B1D0E723F0080394
:1075C000436103A803F0A3FF384603F0A0FF25772B
:1075D000204600F04BFF0025CBE79979204601F1CA
:1075E0000C021A44B2F801600531B2F80320997117
:1075F000314601F057FCCDF80C800028CED005466E
:10760000D2E72DE9F84F0E4691469A4605469DF879
:1076100028B010B1037C012B60D0284601F05FF93F
:10762000304601F0D2FA002231468046284601F069
:107630003FFB0746304601F0C1FD42F60523984264
:107640001CD118F0300F26D1BBF1000F33D018F049
:10765000200F3FD0BA073FD5EB8B002B38D15346D4
:107660004A463146284600F033FF0446E8B940F266
:107670000A412846EE8301F040F916E0284601F061
:10768000DDF90028DDD0284601F0EDF90028D8D03A
:1076900041F2121409E0B907D6D03146284601F06C
:1076A000A3FB0028D0D000F58854284601F01CF92F
:1076B0002046BDE8F88F18F0100F0BD0FB070BD554
:1076C00053464A463146284600F0DFFE0446ECE7C2
:1076D0000524EAE72124E8E70224E6E70724E7E7B0
:1076E0002DE9F047002586B09DF8389090F81CA051
:1076F00004460F4690460F9E0577B9F1000F09D05A
:107700000A464B465146009600F034FE284606B025
:10771000BDE8F087BAF1080FADF8169026D145897B
:107720003246043DADB29D424FF002014FF00900D8
:10773000A8BF1D4600F0AFFD0222814605A93046D4
:10774000ADF8147004F0FBF82A464146304604F0C8
:10775000F6F80546831C3146204689F80130EBF7E0
:10776000E3FDADF81650BDF81600D0E7BAF10A0FE8
:107770000DF116020CBF0B210D21CDE90162009322
:107780000122434600F01AFE1A28ECD111233A4692
:1077900051462046CDF80090ADF8169000F0EAFD75
:1077A000E1E7F0B5002589B01746012204460E46F0
:1077B0000393ADF8165001F0AAFA8DF815000028D1
:1077C00046D1304601F01BF910B1304601F0D9F92D
:1077D000304601F00AFAB8B103A803F098FE20463B
:1077E00050F80C2B237F92F8702040F202518DF854
:1077F000182006AAADF81A608DF81C30ADF81E707E
:1078000003F0BAFD09B0F0BD0DF115030DF116023C
:107810003146204601F018FB9DF8153002465BB951
:10782000BDF81630BB4235BF0723DB1B8DF8153082
:10783000D21928BFADF81630039B314601939DF84D
:10784000153020460093BDF81630FFF749FFD9E701
:107850002A46F1E7F7B51E4600231360338004463D
:107860000D46174601F0CBF810B1204601F089F91A
:10787000214600200DF105030DF1060201F0E4FAA6
:107880009DF8054024B9BDF806402CB9002001E060
:1078900004F5885003B0F0BDAC4204D32844641B07
:1078A00038603480F2E741F20710F3E770B5044620
:1078B0000D46164601F0A3F840B933462A46214644
:1078C00001F0F0FA08B100F5885070BD41F20310E4
:1078D000FBE71FB550F80C4BADF80A3094F8704038
:1078E000069BADF806108DF8082040F2015101AA60
:1078F0008DF80440039303F03FFD10B906A803F090
:1079000006FE04B010BD1FB550F80C4BADF80A30A0
:1079100094F87040BDF81830ADF806108DF80820C6
:1079200040F2045101AA8DF80440ADF80C3003F088
:1079300023FD04B010BDF0B5122785B00392077780
:10794000022205460E4601F0E2F9044668B103A89A
:1079500003F0DDFD00232B77002332460093122134
:107960002346284600F006FD0FE0039A304693793F
:107970000333937101F039F948B1039B3A46009300
:10798000314623462846FFF7BBFD05B0F0BD42F661
:10799000293001F07AFBB04220D1039830B903A816
:1079A00003F0B5FD00230D242B77D5E703F034FE5B
:1079B00080B20128F3D1039B28469A791344197B9E
:1079C00001F077F8044603A803F0A1FD00232B770C
:1079D000002CC1D1284600F010FDD6E722463146E2
:1079E0002846039B01F05EFA0446EFE72DE9FF41CC
:1079F0000392042204460D4601F089F9074628B196
:107A000003A803F084FD04B0BDE8F0814FF05208F4
:107A1000039A284693790333937184F81C8001F00C
:107A2000E4F8064640B1039B4246009329463B4694
:107A30002046FFF765FDE6E742F6293001F025FB19
:107A4000A842039B0BD19A7920461344197B01F07D
:107A500030F803A803F05BFD00232377D3E7324619
:107A60002946204601F01EFAF6E72DE9FF418B7901
:107A700004460C330B44B3F801700E463846B3F895
:107A8000038001F09AF8002858D002223946204697
:107A900001F03DF90546E8B9384601F0A6F868B1AD
:107AA00016222277B37939460533B371204643460F
:107AB0000096FFF725FD04B0BDE8F081F8F78AF8DD
:107AC00033461B680135EDB2002BFAD10635A842CA
:107AD0001DDC092504F1440003F019FD2B463A464C
:107AE00016212046009600F045FC092DE3D12046E2
:107AF00050F80C3B40F2055193F8703002AA8DF813
:107B0000083041F20913039303F036FCD3E7012157
:107B1000304603F0DFFE01460028DAD004F14400CD
:107B200003F085FDB37942460533B37139463346D8
:107B3000204604B0BDE8F04100F06EBC0125C9E765
:107B400013B5044641B9443003F0E1FC204602B0CD
:107B5000BDE8104000F08ABC18224369027713F098
:107B6000080306D0002319460093FFF7C9FC02B0B2
:107B700010BD1A46194602B0BDE81040FFF7DABC46
:107B80007FB5C58B04462DB342F6052001F07DFA82
:107B9000A84207D10021204600F06CFF636923F062
:107BA00001036361002640F20A41204600F0ABFE6B
:107BB00029460DF10E022046ADF80E6001F078F86E
:107BC000BDF80E2003460092294602222046FFF708
:107BD0009AFEE68304B070BD2DE9F74305460F46D3
:107BE000904600F0EAFF98B3284600F0EEFF10F050
:107BF000300F30D0284600F0E8FF0646002000F0A5
:107C0000F1FE044606F010091CB9204603B0BDE899
:107C1000F08300222946204601F04AF8B9F1000F0E
:107C200001D0C10712D4B20617D5830715D5012399
:107C300000933A46434629462046FFF7E2FC1A28BD
:107C4000E4D0204600F0CEFE0446DDE70023EFE757
:107C500041F20110DAE72120D8E70220D6E72DE92A
:107C6000F041054688B042F6052001F00EFA0646BE
:107C700004A8ECF767FB102205F121010DEB0200CF
:107C800002F0D5FF50B10121284600F0F3FE28464E
:107C900001F0ADFA6B6923F001036B6142F6030357
:107CA000022003A9ADF80C30ECF794FC0124074640
:107CB0004FF0000820463A464FF6FF7101F0AAF94E
:107CC000044610B908B0BDE8F08100F076FF013439
:107CD000A4B20028EED0A64203D131462846E9F7E7
:107CE00097FC214628460DF10E02ADF80E8000F0FB
:107CF000DFFF03460028DDD0BDF80E2021460092AC
:107D000028460122FFF7FFFDD4E708B5ECF708FB92
:107D10000020EAF70BF9002008BD10B90120EAF7AE
:107D2000F9B970470220EAF7EBB90020EAF7E8B9A1
:107D300038B50C460546E5F711FF4379C47523F0C5
:107D4000030343F0030343710923837104F10C031C
:107D5000C371A0F81550153038BD2DE9F3410D461B
:107D600016468046E5F7FAFE05F10C03C371437928
:107D7000044623F0030343F00303437109230190F6
:107D80008371A0F8158000F11507304603F044FC1C
:107D900033460544E5753BB901A8314603F047FC7D
:107DA000384602B0BDE8F0815A7922F0030242F071
:107DB00002025A711B68EEE708B5E5F7D5FE837934
:107DC0000C33184408BD7047002070470F207047DF
:107DD00070470020704713B5044601A8019103F0D5
:107DE00096FB02220821002003F06CFD024648B1F8
:107DF000052183790C331844D15441700621204663
:107E000001F0DCFA02B010BD836843F400738360B4
:107E1000002070477047704700207047704708B5D2
:107E2000EAF7C6F8ECF7CCFEE9F7B8FAECF742F956
:107E3000BDE80840FFF779BF10B50446EAF738FA05
:107E400020B92046BDE81040F7F7BEBD2046F7F741
:107E5000BBFDFFF767FFF1E773B50E4603F01AFEAF
:107E6000044600BB42F6072001F00FF90546D0B1E9
:107E70000A22B6F900300021002BCBBF0533053BA9
:107E8000B3FBF2F393FBF2F35BB28DF807300123FF
:107E90000DF10702184603F07FFD00220346294634
:107EA000104600F0FFFF204602B070BD430803F00B
:107EB0005503C01A00F03303C0F3850000F033000F
:107EC000184400EB101000F00F007047002110B5AF
:107ED000421D441E14F8010FFFF7E8FF94420144CD
:107EE000F8D1084610BD0078EBF794BA13B50C46EC
:107EF0000DF107020DF10601EBF77CFB30B19DF8A7
:107F00000600031B5842584102B010BD0120FBE798
:107F100070477047EAF712BE704770477047704766
:107F200000F003BB704770470020704770477047F0
:107F30007047F8B504460F46164613680A461D0AF0
:107F40000021043502F09DFEEDB221222046394683
:107F500003F02BFA2046294603F0B0FAA2793368E1
:107F60001444E360F8BD704770477047704770472E
:107F700002464FF482712020FFF70ABA014608B585
:107F800000F03800EAF712FF78B1D0E9013240780A
:107F9000C1F3074110F0020F08BF1346043B53F82A
:107FA000040F10B102788A42F9D108BD38B50546F0
:107FB0000C4604B938BD013C55F824301B69002B30
:107FC000F7D09847F5E770477047F8B5437805460E
:107FD000DB0701D4EAF72CFF00266B786F6823F0EB
:107FE0000C0343F002036B7057F826402CB9202095
:107FF00005F10C01F7F7A2FE0FE0A3680136002B94
:10800000F2D0984704460028EED031463846FFF7B4
:10801000CDFF6B7823F002036B702046F8BD4078EB
:10802000C0F340007047437813F00E0F0CBF0120DF
:108030000020704710B5EAF765FF0446EAF77AFFBB
:10804000204610BD4FF48270704708B5EAF7AEFEC7
:10805000C068003818BF012008BD08B5EAF7A6FEC1
:1080600020B1BDE80840C06803F082BA08BD38B549
:10807000EAF79CFE044650B1F8F766FF054604F1A6
:108080000C0003F062FA04462846F8F76DFF20461C
:1080900038BD37B58379019003440446D86800F0B1
:1080A0003800EAF783FE054628B901A803F02FFA45
:1080B000022003B030BD204603F033FAF8F744FF46
:1080C0000446019905F10C0003F0B1FA2046F8F7D7
:1080D0004BFFE9F763F80020EBE72DE9F041044698
:1080E0001F462502C4F3072305F4E06524F47F440A
:1080F0001D4324F0C704EE1944F080048B7944EA50
:1081000016243602B6B20C333443084601EB03089A
:10811000CC501146FFF7BDFF20B94544EF704046F3
:10812000BDE8F0814FF00008F9E7427810B504325D
:10813000044601F00400D2B2002140F0290003F00F
:10814000C1FB18B1837922680344DA6010BD10B511
:108150000021FFF7EAFF044608B9002010BD0179AD
:10816000FFF797FF0028F8D1A3790C33E018F5E763
:108170002DE9F04117461A46036801F004011C027C
:1081800004F4E064C3F307231C4341F029050434DD
:1081900006463B462146284603F0FEFB804650B18A
:1081A000E1B203F0F4F93B462A4641463068BDE8A7
:1081B000F041FFF792BFBDE8F0812DE9F3410024C3
:1081C00001F004010768064641F0290510682946B8
:1081D0001460019003F0A5F9019803F01DFA39022B
:1081E00001F4E061C7F307273943804601220431D7
:1081F00001A803F036FB30B101A803F088F920464E
:1082000002B0BDE8F08143462A4601993068FFF785
:1082100064FFF5E77047002307B5CDE900336946F1
:108220008DF802004FF0FF3001F081FE03B05DF8E1
:1082300004FBA0F86E10704701238B4090F871107A
:10824000194380F87110704708B50120F7F7E2FC78
:10825000C0B208BD83790C331844704710B504468A
:10826000A1F1140003F0D8F9201A20EAE07080B2DE
:1082700010BD70B51C460D461646FFF7EFFFA04235
:1082800007D322463146A5F1140003F058FB012024
:1082900070BD0020FCE770B506460D4614467AB95D
:1082A0000A462046082103F00DFB044690B92A46F1
:1082B0000821292003F006FB044658B9204670BD6A
:1082C000104603F024F9204603F082FA08231D44E7
:1082D000A371E571A3790C331C442670EEE72DE9F8
:1082E000F0411646069A074688461D46FFF7D3FF1B
:1082F0000446F0B114382A463146069003F01FFBBD
:10830000854217D9069B06A81C7904F0200403F0C7
:10831000FEF874B942460821292003F0D3FA2A4610
:108320003146069003F00BFB854206D906A803F000
:10833000EEF800242046BDE8F081069A93790C33CC
:10834000D418D754F6E711B11439EAF7EDBF1A2063
:10835000704738B5002204460D4602200321FFF77E
:108360009AFF014608B1A0F801502046BDE8384008
:10837000FFF7E9BFF8B504460F4616460521012070
:10838000069A1D46FFF787FF014638B147704680C1
:1083900005712046BDE8F840FFF7D5BFF8BD38B5F8
:1083A0000D46032104460846FFF775FFA0F801506B
:1083B00001462046BDE83840FFF7C5BF73B5054606
:1083C000084611466C891A46641ABDF81830A4B2E2
:1083D0009C4228BF1C46079B089E00932346FFF73C
:1083E0007EFF014630B12846348002B0BDE87040BF
:1083F000FFF7A9BF1A2002B070BD012110B50022FD
:1084000004461320FFF747FF014620B12046BDE890
:108410001040FFF798BF10BDF7B5448905461846D0
:108420000F461646019303F0F7F8053CA4B28442C8
:1084300003DA011B01A803F03AF90521019803F0C2
:10844000D7F9014628B901A803F061F81A2003B052
:10845000F0BD83790C33C2181720C8542846A2F8FF
:108460000170A2F80360EAF75FFFF0E7012110B5A1
:10847000002204461920FFF70EFF014620B12046D6
:10848000BDE81040FFF75FBF10BD73B50E46002179
:1084900044890546033CA4B2A342009128BF234669
:1084A00003211B20FFF71BFF014670B1012210F8CA
:1084B0000F3CA0F8016062F3071300F80F3C284658
:1084C00002B0BDE87040FFF73EBF1A2002B070BD99
:1084D00073B50E46002144890546033CA4B2A3426D
:1084E000009128BF234603211D20FFF7F8FE014617
:1084F00038B1A0F80160284602B0BDE87040FFF72F
:1085000022BF1A2002B070BD4B88042B07D1836CA8
:1085100008885B8998428CBF0020012070470020AA
:1085200070470020704700F004B80020704700F04A
:1085300002B80E2070470020704710B504468069CD
:1085400020B10021EAF72CFE0023A36110BD38B54D
:10855000A0224FF4A0730025C0E907230723044697
:1085600080F83130C5818571103002F0D0FF04F100
:10857000140002F0CCFF2046FFF7DFFF40F20113AA
:10858000E3857F2384F832302046A5626562BDE82A
:108590003840FEF78FBF07B501228DF807100DF1A7
:1085A000070103F0CCF903B05DF804FBF7B505460D
:1085B0004FF428500C4600F068FD064600F0FDFA26
:1085C000B0B3022C02D8002003B0F0BD0027314622
:1085D0000DF105030DF106023846ADF8067000F006
:1085E00033FCBDF80620631E934206461EDC072CB2
:1085F0001AD9023CADF806400824BDF80630002B1D
:10860000E1D00133D9B22846FFF7C5FF21462846FD
:10861000FFF7C1FF31462846BDF8062003F08FF969
:10862000BDF806000230CFE7ADF806700924E4E794
:108630004FF0FF30C8E702292DE9F34104460D460B
:108640001746184603D8002002B0BDE8F08100F0BC
:108650001CFD064600F0B1FA0028F4D04FF00008E7
:1086600031460DF105030DF106024046ADF80680D6
:1086700000F0EAFBBDF80630BDF820200646934224
:1086800028BF1346AB4228BF2B469DF80500ADF826
:108690000630C0B9002BD7D001339AB29542D3D956
:1086A000D9B22046FFF777FF39462046FFF773FF20
:1086B00031462046BDF8062003F041F9BDF806001A
:1086C0000230C0B2C0E74046BEE738B50446EAF71C
:1086D000D3FE38B1022905D82046BDE83840002233
:1086E000EBF758B8212038BD91F8393073B55B07E6
:1086F00006460C4615462DD40846EAF75BFE6B1E6F
:10870000042B16D8032D14D0A379142B24D0A369DD
:108710007BB90093ADF804308DF80630E8F7F8FE29
:108720006946EAF7B3FC18B91A25284602B070BDAD
:10873000A061636AE57343F016036362E8F768FEBD
:108740003046EAF77DFF05460028EED02046FFF7C9
:10875000F4FEEAE70225E8E72125E6E7002337B53E
:1087600080F8723040F6FF73A0F86E3083680446DC
:10877000DA040D46C16010D443F480636A46A360F6
:1087800040F203212046CDE9004502F0F5FD00212D
:108790002046EAF705FD03B030BD90F87600EBF710
:1087A00055F9A36823F48053E8E773B56E46044691
:1087B0004A7930460D460631E8F7F0FE96E80300A8
:1087C000A4F85010090C11F0800FE06484F85210E6
:1087D00004F1530312D00122184605F11201E8F703
:1087E000DDFE0C352846FFF771FB28B10122294632
:1087F00004F15A00E8F7D2FE02B070BDB4F8501090
:1088000094F85220C4F8530099809A71E9E71FB593
:1088100090F87420044602F0010301908DF80830AE
:108820000BB102F002038DF8093094F87530204640
:108830008DF80A300391FFF7CBFA4FF4017101AACA
:10884000204602F099FD2046EAF736FD04B010BD3F
:10885000EAF77EBCFFF7F8BC0A460021EBF7EEBF53
:1088600013220121EBF7EABF826838B5C2F38032E8
:108870000446B0F86E000D46ECF756F820B9A36830
:108880001DB143F40053A36038BD23F40053FAE74D
:108890000020704710B5044660B1806C50B1EBF712
:1088A0001DFCA06C0028FAD12046BDE81040032131
:1088B000EAF776BC10BD438907B58B420CD050F85F
:1088C0000C2B40F2014192F87020ADF806308DF883
:1088D000042001AA02F050FD03B05DF804FB4369D7
:1088E00043F0040343617047436923F00403436189
:1088F00070474069C0F38000704747F23053002250
:108900000068F7F727B8006802F0D3BC38B54369B0
:1089100004469B070D4603D540F20941FFF7F3FFDC
:10892000EAF71AFD08B1A3691D702046BDE838407A
:1089300040F20941FFF7E1BF07B5027C012A09D0E7
:108940000122027440F20942914206D040F20A42EA
:1089500091420ED003B05DF804FB4FF4816150F8F2
:108960000C3B01AA93F870308DF8043002F004FD3E
:10897000F0E750F80C3B01AA93F870308DF8043002
:10898000F4E738B522F000430D46114640F20322C9
:10899000934204461AD0B3F5017F09D240F2012276
:1089A000934213D040F20222934209D0002038BDF6
:1089B0006FF481621344012BF8D8FFF7BDFFF5E790
:1089C00000F01CF92046FFF74AF9EFE763699B07BF
:1089D00004D540F209412046FFF795FF2846FFF7EE
:1089E00059FFE3E708B500B10068EAF7A9FB08B949
:1089F000034602E0836C002BF7D0184608BD10B583
:108A0000044642F62A3000F040FB031B584258410E
:108A100010BD022806D142F62A330888C31A5842EC
:108A2000584170470020704710B5044642F629307F
:108A300000F02BFB031B5842584110BD90F820005A
:108A400000F0010070471FB504466846EBF77AFC5A
:108A50001022694604F1210002F0E9F8B0FA80F032
:108A6000400904B010BD08B5FFF7EDFFB0FA80F083
:108A7000400908BD70B5044600F1210591B92846AA
:108A8000EBF760FC236893F97500FFF750FD78B1B0
:108A900020682B46BDE8704010220D2190F975002A
:108AA000FFF741BD10220021284602F0EAF8E9E76D
:108AB00070BD38B50446002390F8202041FA03F039
:108AC000C50703D442FA03F0C0071ED40133082BB4
:108AD000F4D101F0010523682A4384F8202093F99A
:108AE0007500FFF724FD40B1234653F8200B012207
:108AF0000C2190F97500FFF716FD0DB9002038BD67
:108B000000212046FFF7B6FFF8E71320F7E768B12A
:108B10003F290AD800EBA10090F8310001F00301D1
:108B20004900084100F0030070470020704710B56D
:108B30000368044693F97500431C0DD0FFF7F7FC5A
:108B400050B12346BDE8104053F8310B10220B21E1
:108B500090F97500FFF7E7BC10BD10B590F87430C0
:108B6000DB0706D490F97530013314BF0F200520C0
:108B700010BD847CFFF750F9844234BF0C200020E4
:108B8000F6E730B5044685B06846EBF7DBFB10210D
:108B9000684602F016FF2046EBF7E6FD6B46C2681A
:108BA00004AD06321C4603CCAC4210605160234633
:108BB00002F10802F6D105B030BD08B5EBF7D4FDDF
:108BC00008B1EBF7A5FDC0B208BD013810B580B201
:108BD000EBF7CAFD044608B9002010BD408800F03C
:108BE0007FFB0028F8D0207BF7E708B5EBF7BCFD4A
:108BF00018B1007AC31F5842584108BD70B50546E8
:108C000055F8213B044693F97500431C04D12846CE
:108C1000BDE87040EBF796BBFFF789FC0028F6D063
:108C2000234653F8310B10220B2190F97500FFF702
:108C300078FC234653F8200B01220C2190F9750093
:108C4000FFF76FFC20682B46BDE8704010220D2115
:108C500090F97500FFF765BC01302DE9F04185B250
:108C600028460E46EBF780FD42F60217044642F610
:108C700003089CB12046EBF74BFD78B1204600F08D
:108C80003EFBB84205D10EB123883380607BBDE83E
:108C9000F081204600F033FB404502D14FF0FF3019
:108CA000F5E70135ADB22846EBF75EFD0446E0E797
:108CB0002DE9F04707460E4690460D4642F602194A
:108CC00042F6030A0135ADB22846EBF74DFD0446E6
:108CD00078B1EBF71DFD60B1204600F010FB484570
:108CE00005D1237A072B04D10320BDE8F087504536
:108CF000E8D141463046FFF7AFFF431C014604D0A0
:108D00003846BDE8F047FFF702BF0020EDE770B539
:108D1000054608461646EBF727FD044608B901202C
:108D200070BDEBF7F5FC0028F9D0F00713D4B107BC
:108D300034D4720702D5A3885B0732D516F0060F2C
:108D400031D116F40060EBD0A38813F4006F14BF88
:108D500000200620E4E7A388DA0743D513F0700F5C
:108D60000AD1980610D45806E1D52B6893F97530CE
:108D70000133DCD10820D3E72868FFF7EEFEA38893
:108D8000990608D50028CBD12A6892F8742092075A
:108D9000E9D40520C4E70028C2D1E4E7A3889907F5
:108DA000C7D40320BCE7A38813F4E06F09D198056A
:108DB0000FD45B05C5D52B6893F975300133C0D14D
:108DC000D8E72868FFF7C9FEA388990507D50028CA
:108DD000A6D12A6892F874209207EAD4D9E700282D
:108DE0009ED1E6E702209BE738B504460846EBF73C
:108DF000BBFC054608B9012038BDEBF789FC00280B
:108E0000F9D0AB8813F4E04F0CD1980412D413F4CA
:108E10008040F1D0236893F97500431C58425841B3
:108E2000C000E9E72068FFF798FEAB88990408D5F1
:108E30000028E1D1226892F874209207E7D4052037
:108E4000DAE70028D8D1E2E72DE9F0474FF0000932
:108E5000044683F800900846A2F80090884616461B
:108E60001D46EBF781FC074620B9012300202B703B
:108E7000BDE8F08774B1EBF74BFC0028F5D0404615
:108E8000FFF7D2FD30B1012385F8009004F12000F6
:108E90003380EDE72B46324639462046BDE8F047A1
:108EA000EBF7DCB92DE9FF41074608468846164630
:108EB0000393EBF759FC044638B903A802F027FBEB
:108EC0000125284604B0BDE8F0811FB1EBF720FC76
:108ED0000028F2D0237A072B05D8DFE803F0172605
:108EE0002F381C17172126BB0398002835D132468E
:108EF000257A022D62D0032D64D0012D3BD0002FA6
:108F00007FD1002503A802F002FBDAE703A802F0F4
:108F1000FEFA0325D5E703A802F0F9FA0625D0E703
:108F200003A802F0F4FA8025CBE7E3685D88B54238
:108F300009DA03A802F0EBFA0725C2E7E3689A888A
:108F4000B242F6D35D88039840B9024609E0022E8A
:108F5000EFDC039868B90246CAE7354602F05CFBCD
:108F600082B29319AB42C3DD03A802F0D0FA0D25FB
:108F7000A7E70225F2E7E0680630002303993044B2
:108F800002F0BBFA002FBCD0237A032B39D103A8FF
:108F900002F0BDFA00212046EBF7A0FB68B305887C
:108FA000617B3846FFF7B3FD012203462946384668
:108FB000CDF80080FEF7A7FC002582E7E068B31833
:108FC0008380D9E7039B9A79D979891AC9B2481E57
:108FD000012810D8134402291A7B04BF5B7B42EAA4
:108FE0000322237B32EA03038CD101233846617BC1
:108FF000EBF70AF9C6E70D2584E708F1FF35ADB2B6
:10900000CEE7039B41460093384633463A7FFEF74E
:1090100060FCD1E7884270B504460D46164611D86B
:10902000012838BF01242046EBF79EFB10B143888E
:10903000B34208D00134A4B22046EBF779FB08B163
:10904000A542F0D20024204670BD70B50C461646ED
:109050001D460146B8B1B3B1022C01D0102C12D17B
:10906000E0B2EBF7B7FA4FF6FF718842024602D141
:1090700041F20A1070BD3046FFF7CCFF0028F7D050
:1090800028800020F6E72120F4E7002307B501221D
:10909000ADF80400ADF8063002210DF1060301A879
:1090A000FFF7D3FFBDF8060003B05DF804FBF8B589
:1090B0000F461646441CA4B22046EBF755FB10B9E8
:1090C000013CA0B2F8BD00F01AF90546304600F0A8
:1090D000F2F820B1284600F0EEF80028F0D1304632
:1090E00000F0E2F820B1284600F0DEF80028E7D1D1
:1090F0000134A4B22046EBF71BFB08B1BC42DBD91C
:109100004FF6FF70DEE72DE9F04F9A4687B08B8867
:109110000D460C88814604A90220ADF81030904617
:10912000EBF758FAAB680090A888AF89059300F078
:10913000BBF838B1102F05D105A8EBF731FA02289A
:1091400008BF02274FF6FF7B33E02046009AFFF767
:1091500061FF064680B3AA886988FFF7A8FF044626
:109160003046FFF72AFD00B30DF10F0331464846A4
:109170000DF11202FFF768FE9DF80F302BB1A8F831
:109180000060184607B0BDE8F08FBDF81220BA4263
:109190000BD13A460599019301F049FD019B20B995
:1091A000A8F80060AAF80040EBE75C4504D0013461
:1091B000A4B26988A142C8D80A23E2E708B5EBF750
:1091C000D3FABDE8084000F09AB838B5054608461D
:1091D000EBF7CAFA044610B94FF6FF7038BD0DB967
:1091E0006088FBE7EBF794FA0028F9D1F4E770B553
:1091F000044642F60520FFF748FFB0B10021FFF713
:109200002BFD054601462046FFF781FC064610224D
:10921000002104F1310001F034FD32462946204698
:10922000BDE870400023EAF7EFBF70BD7FB504468C
:109230000D4610220021684601F023FD0026AB57A1
:109240005A1C1BD031462046FFF761FC1946002B03
:10925000B8BFD91C04AA02EBA10100F003025842D6
:1092600000F0030003F0030358BF43425B0002FA1F
:1092700003F311F8102C134301F8103C0136402E73
:10928000DDD16B4604F1310504AE1A4603CAB24281
:1092900028606960134605F10805F6D1204604B040
:1092A000BDE87040FFF743BCA0F5205001288CBFFB
:1092B00000200120704742F60303C31A5842584168
:1092C000704708B5030409D4EBF750F9A0F5205016
:1092D00080B201288CBF0020012008BD0020FCE7DF
:1092E000020408B507D4EBF741F942F60303C31AA9
:1092F0005842584108BD0020FCE7C00B70470346A8
:10930000B3F902304088002B01DBEBF72FB90020C6
:10931000704708B5FFF7F3FFA0F5205080B2012891
:109320008CBF0020012008BD13B58B7904460B4487
:109330001B7B0A4613F0010001910AD01D2B0AD1B4
:1093400001211E20FEF7A7FF01462046FEF7FBFF86
:10935000012002B010BD01A802F0D9F8F8E74B884F
:10936000052B05D108880E288CBF002001207047EE
:1093700000207047F8B505460F46164604210A221C
:10938000002002F09FFA0246B8B1847905210C341E
:1093900003194FF0060C00209970D87002F804C031
:1093A00013241C7102245F715870D8719C71284677
:1093B0001E81BDE8F840E8F7F9BEF8BD73B5054673
:1093C000104601920C4602F027F9042186B201985A
:1093D00002F00EFA024628B901A802F098F81A2005
:1093E00002B070BD837901900C33C1184C80C65215
:1093F00021462846E8F7DAFE0020F1E72DE9F041A2
:1094000006468846174604210A22002002F05AFA2E
:109410000246B8B1857900240C3543190521062090
:109420009970DC7050550120187102205C709871A1
:1094300083F805803046DC711F81E8F7B7FE2046CF
:10944000BDE8F0811A20FBE700207047002070473C
:1094500007B501A8019202F05AF803B05DF804FBC9
:1094600070470020704770474369406CDA1C14381D
:10947000B2FBF0F203EBC203CA1D0333B2FBF0F2FE
:10948000B3FBF0F30132023301EBC20100FB031026
:10949000704738B5446905462146FFF7E5FF6A6C19
:1094A000E31D143AB3FBF2F3013304EBC30420448D
:1094B00038BD73B506460D460024F36B012201A9A1
:1094C00028195B699847019B013309D10434736CF7
:1094D00062195B426A401A42EFD0204602B070BD6A
:1094E0000024FAE770B505460C46DAF77BFAEB6B19
:1094F0002046DB68BDE87040184770B5002586B08F
:1095000004460562E369AB4202D8206A06B070BD2A
:10951000666C0522206801A9E36B06FB05005B6908
:10952000984701A800F010FC00F033FC10B1236A4A
:10953000013323620135E5E738B50446456C006820
:1095400004F1400305FB0101E06B00F02FFC054630
:109550002046FFF7D2FF284638BDF0B5054687B054
:109560000026EC69013CB44203D80C46204607B003
:10957000F0BD01B14C1E6F6C0522286801A9EB6B90
:1095800007FB04005B69984701A800F0DDFB00F0D1
:1095900000FC0028EAD101362146E2E7F0B5044696
:1095A00087B0466C0D4600680522E36B01A906FBF7
:1095B00005005B69984701A800F0C6FB00F0E9FBD5
:1095C00020B101A800F097FB07B0F0BD2946204666
:1095D000FFF7C3FF676C0646E36B206805225B69F3
:1095E00001A907FB0600984701A800F084FB431C73
:1095F000EAD0B54238BF0130E6E72DE9F043D0F8B4
:1096000024804FF6FF7987B004460E46C84514BF44
:10961000454600250027E369BB4202D807B0BDE8F4
:10962000F083E26B01A92368606CD2F814C00522B4
:1096300000FB0530E04701A800F086FB022806D0B9
:10964000C8450CD1721C29462046FFF775FF01352D
:10965000E3690137B5FBF3F203FB1255DBE729465B
:109660002046FFF79BFFB0F1FF3F14BF0246324692
:109670000132E8E70368F0B5CC1A436C87B00646C0
:109680000025B4FBF3F4F36937685A1E706C9542F9
:1096900008D3706C336800FB043007B0BDE8F040BD
:1096A00000F082BB013401A9B4FBF3F203FB1244C6
:1096B000F36B05225B6900FB0470984701A800F07A
:1096C00043FB00F066FB0028E3D10135DBE710B473
:1096D00023F003049B07436C2244C3F100030A44B4
:1096E00018BF043282EA0104234203D05DF8044B20
:1096F000FFF7C0BF10465DF8044B70472DE9F041FD
:10970000D0E90A3686B004469E4228D1C3691422A5
:10971000456802FB1355284606B0BDE8F081206875
:1097200001A9676C331AE26BB3FBF7F3D2F814802C
:1097300007FB03000522C04701A800F005FB012834
:1097400004D0636C1D44013B3340ED1A3146204682
:10975000FFF790FF0646A36AB342E0D1DBE700259E
:10976000F9E7F0B5002587B004462E46E369B34219
:1097700002D8284607B0F0BD636C0522276801A90E
:1097800003FB0677E36B38465B69984701A800F056
:10979000DBFA00F0FEFA58B1384600F005FB01464E
:1097A0002046FFF786FE636C143B834208BF0135F9
:1097B0000136DBE708B508301346D1E90012ECF7B3
:1097C00095FE012008BD13B50C46002121760093BB
:1097D000134661682246EBF713FC18B1E37D03B131
:1097E000A07EA075A07D02B010BD73B500F1080584
:1097F00016460C460DF107020968284600F0A1F94B
:10980000032E06D16368834203D12168284600F005
:109810007FF9012002B070BDD01E009B4242424140
:10982000187E824211D11A688A420ED85A688A423A
:109830000BD35A6901325A61D3E9030282423FBF16
:10984000986840F8221001321A6101207047032AFB
:1098500010B5029C07D1A26A5340626C5242134277
:1098600001D100F055F9012010BD08B5C3680020F2
:109870009847BDE80840DAF7BFB8012870B514BFB3
:1098800004200220002442431C70CC7D101D02F0F5
:1098900002024CB91AB1012220F003001A7000F143
:1098A00008034868184470BD1AB1012220F0030073
:1098B0001A700C7E002301F12005DAB2944201D81F
:1098C0000020F0E735F833205E1C824206D901EB18
:1098D000C30300F10802D8691044E4E7801A334654
:1098E000EBE773B590F8426005461C460DF10303A3
:1098F0003046FFF7C2FFEB6B012E5B690DD132469C
:1099000001A998479DF8033013B1BDF806300193C3
:10991000BDF80430236002B070BD0122214602B0C0
:10992000BDE870401847F0B50546002487B0486888
:10993000EB6B27460E4601225B6902A908300294B0
:10994000984795F84230012B40F08480632C02D96F
:10995000029807B0F0BD612C08D805AB224631460D
:109960002846FFF7BEFF9DF814301BB305AB224617
:10997000314628468DF81070FFF7B3FF95F8423056
:10998000012B059B55D14FF6FF72934200F0968054
:10999000082205A904A800F05EF9059B9DF81010A7
:1099A000C3F30722914240F08980DBB2029A1A4445
:1099B000029283E095F84230012B30D103AB22466E
:1099C00031462846FFF78DFF04AB621C314628461E
:1099D000FFF787FF05ABA21C31462846FFF781FF42
:1099E000102208230DF107000DEB02018DF807305E
:1099F00000F031F9102205A90DF1070000F02BF954
:109A0000039BDAB2002A52D19DF80720B2EB132F44
:109A10004DD1DDE9043203EB0243029347E0302CE1
:109A20002BD944E09DF80720B2EB134F3FD1049BA4
:109A3000F3E7013342D0102205A90DEB020000F03C
:109A40000AF9059B9DF81010C3F30742914235D1E6
:109A50009BB2ABE7312C3FF67BAF87D005AB2246FC
:109A600031462846FFF73DFFBDF81430002B7FF448
:109A70007DAF95F84230012BA0D003AB2246314692
:109A80002846FFF72EFF04AB621C31462846FFF73D
:109A900028FF102320220DF107000DEB03018DF8A4
:109AA000073000F0D8F8039B9AB2002ABAD095F894
:109AB0004230012B14BF012302231C44013440E730
:109AC00013B500240194049C0094EBF72DFE02B022
:109AD00010BD13B501240194049C0094EBF724FEFF
:109AE00002B010BD30B5002344684FF0FF329C42F5
:109AF00002D10023037230BD016801EBC30541F8B8
:109B0000332001336A60F2E7C0E90012FFF7EABFD1
:109B1000F0B5002345689D4210D00468DF0054F87A
:109B2000332004EBC306B2F1FF3F08D0C2F31302A7
:109B3000914204D14FF0FF33E3517360F0BD013324
:109B4000E9E7F0B5002345689D4202D14FF0FF30B0
:109B50000EE00468DE0054F83340671C09D0C4F3FB
:109B60001307B94205D1240D1470036833445868B3
:109B7000F0BD0133E8E713B50023044601461B227C
:109B80000DF107008DF8073000F065F822689DF8A8
:109B90000730B3EBD26F0CBF0120002002B010BD24
:109BA00013B500230446014620220DF107008DF86D
:109BB000073000F050F80DF107001A22211D00F0C7
:109BC0004AF862689DF80730B3EB926F0CBF012032
:109BD000002002B010BD0068431C58425841704735
:109BE000006810F07E0F0CBFC0F3C160002070470A
:109BF0000068C0F3D3107047006800F07F000128B0
:109C00008CBF002001207047036813F07E0F14BF43
:109C1000042008207047036813F07E0F03D14068CA
:109C200020F07C40704713F078001CBF03F07F03E6
:109C3000D81F7047006800F07F007047032809D0E4
:109C4000022803D1C1F10201C8B2704700290CBF3C
:109C50000720002070471F2A0B689EBF4FF0FF317E
:109C600091408B43590801F055315B1A03F03331B1
:109C70009B0803F033330B44017803EB13130A44BE
:109C80004FF0013103F00F334B43A2EB136202702C
:109C9000704737B501F10C04054643696946012256
:109CA00020469847BDF80030012201A901932046C3
:109CB000AB69984703B030BD37B501F10C04436977
:109CC00001226946054620469847009B4FF6FF72E1
:109CD00099B291420DD11B0C012201A920461B040F
:109CE00043F4254343F0A5030193AB69984703B0C0
:109CF00030BD0020FBE737B5044600251B22011DBF
:109D00000DF107008DF80750FFF7A5FF60689DF87B
:109D10000720B2EBD06F03D120F0784003B030BD04
:109D20000DF107001B2204F108018DF80750FFF721
:109D300092FFA0689DF80730B3EBD06F01D1C0430C
:109D4000EAE74FF0FF30E9E703684BF29A22B2EB03
:109D5000134F10B5044613D19BB2012B13D1FFF75B
:109D6000CAFF01300CD0E0684FF6FF72B2EB104F23
:109D70004FEA104309D180B2C01A18BF012010BDAC
:109D80002368013303D00420F9E70220F7E703201A
:109D9000F5E701288CBF0020012070470338012817
:109DA0008CBF002001207047143070472DE9F0412E
:109DB00005469846036908460E46174698470446E6
:109DC00038B943463A4631462846ECF76BFC044620
:109DD00018B131462846FFF75CFF2046BDE8F08108
:109DE0000220704700207047012070470020704714
:109DF00000207047704737B504460D4601A8EEF7BE
:109E000077FC01A8FFF7F6FF204601A98DF8065060
:109E1000ECF742FD03B030BD08461146ECF71ABE20
:109E20007047431E012B03D9031F58425841704706
:109E300001207047EFF7AABC4FF4C472002100F074
:109E400020BF10B50446002100F085F82046BDE88B
:109E50001040EEF78BBBEDF729BFEDF72DBFF8B53E
:109E600005460E46ECF7BEFDD5F8C03073B15B6910
:109E700063B1F0F7A3FBD5F8C03040F26B125B6919
:109E800042211B1A58425841ECF78CFF00224FF632
:109E9000FF734FF0240CF768D0B2B84208D31C46C9
:109EA00021462846ECF726FFEFF7EAFC2046F8BDEE
:109EB000B1680CFB0011CC899C4202D2002CEFD07F
:109EC00023460132E8E7ECF715BF008B70470A78AC
:109ED00038B505461046FFF7A4FF60B14C78204620
:109EE000FFF79FFF38B12243530704D42846BDE84B
:109EF0003840EDF701BF012038BDFFF7E8BF10B5CE
:109F000004460878FFF78DFF58B14A781046FFF7EE
:109F100088FF30B1042A04D02046BDE81040EDF798
:109F200021BF012010BDFFF7EABFEDF72DBC0846A9
:109F3000EFF786B8EDF7A8BD70B504460D46164696
:109F4000ECF7D8FE30B9324629462046BDE87040CD
:109F5000F2F700BA70BDEEF779BDF1F70DBD38B577
:109F600004460D4600F07EFAEFF746FCD4F8D430F4
:109F70002BB929462046BDE83840EDF7BFBF022087
:109F800038BD38B5044648880D46EFF735FCD4F89F
:109F9000D4302BB929462046BDE83840EDF718BF2C
:109FA000022038BDEFF736BC00F07FB900F00FBBE0
:109FB00038B505460C46F6F7B1FF2B6B1C40EB6A33
:109FC0002343EB62F6F7B6FF211E18BF01210020E4
:109FD000490238BDEEF774BAEDF7DEBC00F0B3B954
:109FE00000F0D5B908461146EFF702BBEEF7BAB854
:109FF00000F06FB938B50446154609B100F0E7F92D
:10A0000025B12046BDE83840EEF7A4B938BD00F0D0
:10A01000ECB900F0F6B90846EFF7BCBE10B504463F
:10A0200000F08BF820B92046BDE81040ECF796BF51
:10A0300010BD00F0D0BAF0F765B92DE9FF419846A0
:10A0400004460E461746F6F77FFF05462046FFF703
:10A05000E5FF0A9B3A46029300233146CDE900838F
:10A060002046ECF7C9FF04462846F6F77DFF204658
:10A0700004B0BDE8F08138B50446F6F765FF054643
:10A080002046FFF7CBFF2046ECF794FF0446284616
:10A09000F6F76AFFB4FA84F0400938BD38B50446D3
:10A0A000F6F752FF05462046FFF7B8FF204600F0BE
:10A0B00053F804462846F6F757FF204638BD38B512
:10A0C0000446F6F741FF05462046FFF7A7FF204666
:10A0D00000F048F804462846F6F746FF204638BD0B
:10A0E00070B504460E46F6F72FFF05462046FFF7EB
:10A0F00095FF31462046ECF7CDFF04462846F6F79B
:10A1000033FF204670BD134607B500228DF80710B7
:10A110000DF10700194600F021FA03B05DF804FBC9
:10A12000084611461A4600F019BA0020704701206F
:10A130007047EEF7C1BE00F0BAB9ECF749BE10B5F2
:10A14000F6F702FF044600F015F8ECF767FE20462C
:10A15000BDE81040F6F708BF024608B5ECF738FE38
:10A16000507D08BD024608B5ECF732FE507D80F008
:10A17000010008BD00F02FBAEDF720BD00F06BB86C
:10A18000437C03B108470220704710B50446EEF740
:10A19000FBFD2046BDE810400321EDF74FBBFFF764
:10A1A000F4BF437C0BB1EEF7B5BD02207047437C92
:10A1B0000BB1EEF7D3BD0220704738B5447C0D4695
:10A1C000BCB1053C012C8CBF002401244968224607
:10A1D000EEF714FE286890FAA0F0000AF0F70EFCE3
:10A1E000A97A2889224681F00101EEF737FE002086
:10A1F00038BD0220FCE71FB5ADF808309DF81830D7
:10A20000CDE9001269468DF80A30FFF7D6FF05B098
:10A210005DF804FB002070470020704702210120F8
:10A22000EDF754B87047436B03F06003402B0DD03B
:10A23000602B03D0203B58425841704749B10B680E
:10A24000012B06D9486940F00100704740F2011027
:10A250007047002070470220EFF7CEBFD0F8C8301B
:10A260004BB11A68022A06D993F8250028B11B6A57
:10A27000B3FBF0F07047FFF7EEBD7047D0F8C82091
:10A280007AB11368022B0CD9536A13F47F4FC3F3CE
:10A29000072106D0126ADBB253438B42B3FBF1F2C3
:10A2A00001D2FFF7DABD104670470346D0F804012B
:10A2B0000860B3F8083100208B80704790F80431B3
:10A2C0000E2B14BF807DFF2070474FF48071F2F792
:10A2D000E1BFF8B507460E468D88EDF7F3FC7F7CAD
:10A2E0000446082F737C4FEAC5051ED1012B014699
:10A2F00004D80120F1F792FC033502E00020F1F7C9
:10A300008DFC03230544B371DCB1B5F5803F18D84B
:10A310004FF22442630902FB05332409B3FBF4F333
:10A3200000203268D21A3260F8BD053FFFB2012F1B
:10A3300001468CBF00200120F1F770FC012FE0D80E
:10A34000DAE70220F0E7084610B510F003041146E2
:10A350001BD13F2B15D9B3FA83F3C3F11902D2B243
:10A36000062A01D8192B0ED0062A28BF062201245E
:10A37000931DDBB29C40A4B2A14228BF2146EEF758
:10A38000C3FE204610BD2246F1E70024F9E7084647
:10A3900011F0030110B518D113883F2B15D9B3FA6A
:10A3A00083F3C3F11904E4B2062C01D8192B03D0AE
:10A3B000062C214628BF062101238C1DE4B2A340B0
:10A3C0001380EEF7BFFE002010BD0120FCE7EDF783
:10A3D00031B910B5144608460121F0F7B5F9204609
:10A3E000BDE810400121F0F7AFB910B50A01102106
:10A3F000F2F73CFF0446F2F757FF201E18BF01207A
:10A4000010BD1021F2F746BFF8B504460E461746B8
:10A41000F6F784FD3A4605463146204600F079F9C4
:10A4200004462846F6F786FD2046F8BD0220704710
:10A4300003207047EFF7D8BE10B5EEF7DFF90446FA
:10A4400008B9F1F779FF204610BD38B504461D461E
:10A45000EEF7D4F928B929462046BDE83840F2F78E
:10A460003FB838BD40F2366070478021F2F712BF26
:10A4700038B50546EDF7FCF904462846EDF7D6F960
:10A48000072811D1D5F8C43024F47F41DB6921F0CD
:10A49000080103B15B7841EA032141F0200128461D
:10A4A000BDE83840EDF7EAB924F02001F7E7EEF710
:10A4B00003BD38B5054610460C46EEF771FD65B193
:10A4C000D5F8C4304BB15B693BB12268013204BF9F
:10A4D0006FF00102226022681A60002038BD00205F
:10A4E00070472DE9F74F01251C469DF83030064690
:10A4F00001930368174603F0070306339D4005F1F7
:10A50000FF380B46A1B1416804EA080BA5EB0B0A22
:10A5100041F00059524509EB0B0114D95246184637
:10A5200000F0C8FB49467A1B5A44504400F0C2FB75
:10A53000019B2BB13C4448EA050804EA0804F46096
:10A5400003B0BDE8F08F1846F0E737B50025144694
:10A550000095FFF7C6FF204603B030BD70B50E462C
:10A560001546044608B9002070BD0378042B18D0A6
:10A570002078EFF7CDF9B0B923780E2BF3D10EB1D7
:10A58000FF233370CDB1FF232B7016E0207801300C
:10A59000C0B203282070EBD8EFF7BAF90028F5D045
:10A5A000E6E70020F5E71EB12078EFF7E5F9307017
:10A5B0001DB1207800F003F828700120D4E710F0D6
:10A5C000FD0F14BF4FF0FF300020C0B2704770473E
:10A5D00000200021704708B5EFF724FEBDE80840D1
:10A5E000EFF75EBE08B5EFF735FEBDE80840EFF7C0
:10A5F00057BE10B50446EFF715FE844288BF01F13F
:10A60000FF312046BDE8104001F00301EFF748BEDE
:10A6100038B50446FFF7DFFF0546FFF7DCFF431BB5
:10A62000A342FAD338BD08B521B1920000F042FB35
:10A63000002008BD0120FCE70B0CB3F5384FF7B53F
:10A6400006460D468FB216D04BF60102934214D047
:10A650004BF60202934212D0B3F5304F14BF0424DC
:10A660000324D6F8C4300BB1196851B9D6F8C030FC
:10A670009BB928680FE00024F3E70124F1E70224E6
:10A68000EFE7234668463A46EFF762FE9DF804304E
:10A690000098002BEAD103B0F0BD19680029E8D07A
:10A6A000234668463A46EFF753FE9DF8043000987B
:10A6B000002BDED1EFE700F03003202B10B513D1D3
:10A6C00010F4E02FC0F302440AD0C0F3C423B3FB5C
:10A6D000F4F410F4C01F18BF6400052C0ED86408F1
:10A6E000F0F7FEF8604310BD6FF01204C0F3821360
:10A6F0001C4104F00104C4F10204F1E70424EFE773
:10A700004FF0384359699A6903F500530A405A617A
:10A710007047F7B505460F4668461146F0F7D6F97B
:10A72000064698B197B1DDE900311B0A43EA01639F
:10A73000A5FB0343090A05FB0135EFF73FFF0023A3
:10A74000024629462046F3F76DFA3860304603B0DA
:10A75000F0BD00EB8023C0EB831353FA81F303EBCE
:10A760008322C3EB8213C1F30722134403EB83223A
:10A77000C3EB8213C1F30742134403EB8322C3EB01
:10A78000821303EB1160704738B50D46144604B9C7
:10A7900038BD55F8041BFFF7DCFF013CF7E72DE956
:10A7A000F0470C4669B1CB1CB3F5002F09D24FF02E
:10A7B000000844F6FC7654F828104FEA88094B1C30
:10A7C00001D1BDE8F087FFF7C4FFC1F30263032B9B
:10A7D000844608F10107C1F3074514D18BB2F31A7F
:10A7E000B5EB930F4FEA930A0DD909F104015246D4
:10A7F0002144FFF7C9FF844608F10208013D08EB38
:10A800000A07A5EB0A052A46604604EB8701FFF715
:10A81000BBFF07EB0508CEE7F8B50446002850D08B
:10A8200000F11703B3F5002F05464AD2F0F78EFD6D
:10A83000217D00EB8023C0EB83130B44A28A03EB42
:10A840008321C3EB811303EB122304F11006184696
:10A850002968FFF77EFF2A7803469AB9696861B1D3
:10A86000CA1CB2F5002F08D26A7852000132FFF7F5
:10A870008BFF03460835B542E9D12069C31A584217
:10A880005841F8BD012AF8D168680028F5D0421C6B
:10A89000B2F5002FF1D2E978AA78891A013100299E
:10A8A000E8D030F8027B03EB8322C3EB821353FA28
:10A8B00087F303EB8322C3EB821303EB17230139E6
:10A8C000EDE70020DDE703207047704730B14FF41B
:10A8D0007A735843A0F57A60F1F794B849F640408E
:10A8E000FAE7F2F745B8F2F743B8F2F741B8F2F7F2
:10A8F0003FB8F2F73DB800228A4202D14FF0FF3054
:10A90000704750F8223093FAA3F30BB90132F3E702
:10A91000B3FA83F000EB421070470020704770B527
:10A92000A1FB02543CB92946F3F758FB064628B967
:10A930000026304670BD0C220260F9E72A46214607
:10A9400000F09FF9F5E72DE9F04F85B00C469046F1
:10A95000194657EC106B002F3B46DDE90E9BBCBF40
:10A9600007F1004332462BF0200AAFBF00231F46F9
:10A9700016462D23BAF1460F0B7005D0BAF1450FDC
:10A9800000D10134022100E0032103AB22460193F0
:10A9900002AB47EC106B00934B46D5F73DFDBBF186
:10A9A000670F054619D118F0010F0ED005EB04080A
:10A9B0000022002330463946F3F7E2F808B1CDF81B
:10A9C0000C803022039B434521D3039B2846109AD9
:10A9D0005B1B136005B0BDE8F08FBBF1470FE2D001
:10A9E000BAF1460F00EB0408E2D10378302B0AD10C
:10A9F0000022002330463946F3F7C2F818B9C4F1F3
:10AA00000104C9F80040D9F800309844D0E7591C37
:10AA100003911A70D6E7F7B500290270BABF494210
:10AA20002D232B230929437028DD0DF107030A2765
:10AA30001D461A46013BB1FBF7F607FB16143034EE
:10AA400002F8014C0C463146632CF2DC3031941E86
:10AA500003F8011C411C2346AB420AD30DF1090344
:10AA60009B1AAC4288BF002302330344181A03B078
:10AA7000F0BD13F8016B01F8016FEDE730233031C1
:10AA80008370031DC170F1E72DE9F0471646984623
:10AA90008A6807460B690C46DDF820909342B8BFE0
:10AAA0001346336091F843200AB1013333602368C1
:10AAB000990642BF336802333360256815F00605F6
:10AAC00006D104F1190AE36832689B1AAB422BDC09
:10AAD00094F843302268003B18BF0123920630D41B
:10AAE00004F1430241463846C847013023D0236869
:10AAF0001A3454F80A2C03F00603042B0ABF54F846
:10AB00000E5C002533684FF0000608BFED1A54F8BC
:10AB1000123C08BF25EAE5759342C4BF9B1AED18A5
:10AB2000B5421AD1002008E001235246414638467A
:10AB3000C847013003D14FF0FF30BDE8F087013541
:10AB4000C1E7E1185A1C30200233224481F8430047
:10AB500094F8451082F84310C2E70123224641468B
:10AB60003846C8470130E6D00136D9E72DE9F84329
:10AB70000746884614460026D4E90195B9F1010933
:10AB800005D52468002CF7D13046BDE8F883AB89A1
:10AB9000012B07D9B5F90E30013303D029463846C9
:10ABA000C04706436835E9E710B50C46B1F90E1009
:10ABB000F3F780FF0028ABBF636DA3891B1823F454
:10ABC0008053ACBF6365A38110BD2DE9F0411F46E2
:10ABD0008B8905460C46DB05164605D50223002267
:10ABE000B1F90E10F3F754FFA3893246B4F90E10F1
:10ABF000284623F48053A3813B46BDE8F041F3F798
:10AC00007BBF10B50C46B1F90E10F3F741FF431CA2
:10AC1000A38915BF606523F4805343F48053A38157
:10AC200018BFA38110BDB1F90E10F3F721BF013990
:10AC3000024410B5904201D1002005E0037811F8DC
:10AC4000014FA34201D0181B10BD0130F2E788422A
:10AC500010B501EB020402D98442234607D8431EF3
:10AC6000A14208D011F8012B03F8012FF8E70244A4
:10AC700001468A4200D110BD13F8014D02F8014D82
:10AC8000F7E702440346934200D1704703F8011BE3
:10AC9000F9E7704770477047C9B20346024410B5E0
:10ACA0009342184601D1002003E0047801338C421E
:10ACB000F6D110BD0A44431E914200D1704710B531
:10ACC00011F8014B914203F8014FF9D110BD034631
:10ACD00013F8012B002AFBD1181A013870472DE90F
:10ACE000F74F036907460C69A342C0F28380013C19
:10ACF00000F1140501F11408A30055F8242008EB15
:10AD00008409009305EB8403019358F82430013340
:10AD10009A42B2FBF3F631D34FF0000AC446AE4676
:10AD2000D3465CF8043B98B2E1454FEA134306FB77
:10AD300000A04FEA104280B206FB0323DEF8002099
:10AD400092B24FEA134AA2EB00029BB2DEF8000077
:10AD50005A44C3EB224392B203EB104342EA03424C
:10AD60004FEA234B4EF8042BDBD2009BEB582BB958
:10AD7000019B043B9D421A4630D33C61384600F0AB
:10AD80008AF8002826DB2946002058F8042BD1F841
:10AD900000C01FFA82FEC1451FFA8CF34FEA12422F
:10ADA000A3EB0E030344C2EB23429BB202EB1C4213
:10ADB00043EA02434FEA224041F8043BE5D255F80A
:10ADC000242005EB840322B9043B9D421A460BD391
:10ADD0003C610136304603B0BDE8F08F1268043B99
:10ADE000002ACAD1013CC5E71268043B002AEFD112
:10ADF000013CEAE70020EEE7B0F5803F034636BFAE
:10AE0000030400201020B3F1807F3CBF1B020830F8
:10AE1000B3F1805F3CBF1B010430B3F1804F03D31B
:10AE2000002B0ADB013070479B0001D502307047D0
:10AE30005B0001D50330704720207047036802464D
:10AE400013F007000BD0D90721D4980747BF5B0840
:10AE500001209B0802204CBF13601360704799B219
:10AE600009B91B0C1020D9B209B908301B0A1907FF
:10AE700004BF1B090430990704BF9B080230D9079F
:10AE800003D45B0800F1010003D013607047002079
:10AE900070472020704703460A690069801A30B560
:10AEA0000ED11433143103EB820401EB820154F808
:10AEB000045D51F8042D954203D005D24FF0FF30C8
:10AEC00030BDA342F3D3FBE70120F9E79368013BD0
:10AED000002B936010B408DA9469A34201DB0A29BD
:10AEE00003D15DF8044B00F026B91368581C1060BC
:10AEF000084619705DF8044B7047F8B506460F46D2
:10AF00001446D518AC4201D1002007E03A4614F8A7
:10AF1000011B3046FFF7DAFF431CF3D1F8BDB1F94E
:10AF20000C202DE9F041170705460C4656D44B6816
:10AF3000002B02DC0B6C002B3DDDE66A002E3AD0C4
:10AF4000002312F480522F68216A2B6025D0626D95
:10AF5000A389580705D56368D21A636B0BB1236CBC
:10AF6000D21A216A0023E66A2846B047411C24D041
:10AF70000023636023692360A389DA0400D5606538
:10AF8000616B2F60B9B104F14403994202D02846A5
:10AF9000F3F7E8FD002363630DE001232846B04783
:10AFA000461C0246D4D12B68002BD1D01D2B01D0DA
:10AFB000162B2AD12F6000202EE02A68B4F90C301D
:10AFC00042B11D2A01D0162A21D1002363602369D2
:10AFD0002360D5E7626022692260CEE70F69002F07
:10AFE000E9D093070E680F600CBF4B690023A6EBF6
:10AFF00007088B60B8F1000FDDDD43463A46216A51
:10B000002846A66AB047002808DCB4F90C3043F0A3
:10B0100040034FF0FF30A381BDE8F0810744A8EB67
:10B020000008E7E738B50B6905460C4613B900255B
:10B03000284638BD18B1036A0BB9F3F73FFCB4F9E1
:10B040000C30002BF3D0626ED00704D4990502D4E3
:10B05000A06DFFF71FFE28462146FFF760FF636ED5
:10B060000546DA07E4D4A3899B05E1D4A06DFFF778
:10B0700012FEDDE770B50C46B1F90E1096B015461C
:10B0800000291E460CDAA389002113F0800F14BF9B
:10B0900040234FF48063002031602B6016B070BDF8
:10B0A0006A46F4F737FA0028EDDB019901F47041A4
:10B0B000A1F50053594259414FF48063EBE78B8966
:10B0C000F7B59D0706460C4607D504F147032360F4
:10B0D00023610123636103B0F0BD01AB6A46FFF752
:10B0E000C9FF009F054630463946F2F777FF48B959
:10B0F000B4F90C309A05EED423F0030343F00203B5
:10B10000A381E2E7A389206043F08003A381019B30
:10B11000C4E904075BB1B4F90E103046F4F70CFA39
:10B1200028B1A38923F0030343F00103A381A3897A
:10B130001D43A581CFE7F8B50E461446054618B164
:10B14000036A0BB9F3F7BAFBA369A360A3891A07D3
:10B1500001D5236943B921462846F4F785F918B18A
:10B160004FF0FF373846F8BD2368F6B222693746FC
:10B17000981A6369834205DC21462846FFF752FF8F
:10B180000028EDD1A368013BA36023685A1C22600C
:10B190001E70431C62699A4204D0A389DB07E1D583
:10B1A0000A2EDFD121462846FFF73CFF0028D9D0E0
:10B1B000D6E782B001B901A942B14BB113780B6057
:10B1C0001278101E18BF012002B070471046FBE72E
:10B1D0006FF00100F8E70346084641B1FF2A04D9A1
:10B1E0008A224FF0FF301A60704701200A707047C2
:10B1F000062008B5F4F7E0F90120F7F78EFA1F29C9
:10B2000038B505460C4604D9162303604FF0FF30CD
:10B2100038BDC26B12B152F821304BB9284600F04C
:10B2200016F8224601462846BDE83840F4F7CCB966
:10B23000012B0AD0591C03D1162303600120E7E734
:10B240000021204642F8241098470020E0E7F7F755
:10B2500073BA430803F05533C01A00F03333800843
:10B2600000F0333018444FF0013300EB101000F0C1
:10B270000F305843000E704710B5044678B1036A8A
:10B2800041696BB1806898470023207E6361102874
:10B29000636004D82146F4F7A5FC1123237610BD82
:10B2A0000029F1D08368002BEEDB0846F4F78AFE14
:10B2B000EAE7002307B51A46019101A9F4F7D8FA85
:10B2C00003B05DF804FB1FB5002402949DF81C40F8
:10B2D0000194069C0094F4F751FA04B010BD13B524
:10B2E00007240194049C0094FFF7EDFF02B010BD09
:10B2F000002307B50093FFF7F2FF03B05DF804FBEE
:10B3000003680B60016070472DE9F0410E46174657
:10B3100000240546006808B9BDE8F081D0E9008343
:10B32000B3420BD18368BB4208D154B9C5F8008041
:10B33000C368DB0701D5F4F745FE204604464046C6
:10B34000E9E7C4F80080F3E7D1E90112FFF7DCBFB9
:10B35000002370B51A46194605460468F4F788FAC2
:10B360000CB92C6070BDE3682668DB0702D5204667
:10B37000F4F728FE3446F3E72DE9F8430E46174666
:10B38000054610B90020BDE8F8830468002CF9D008
:10B39000D4E900893B4632462946A068C8470028C0
:10B3A000F1D14446F2E72420704738B505461446EB
:10B3B0000A460021FFF765FC24F01C046B7944F079
:10B3C000100443F004032C716B7138BD2DE9F74F65
:10B3D0001F469DF830308A4680460093002850D0A2
:10B3E000002967D00C68002C66D04FF0000BE6797E
:10B3F000A179761AF6B2BE4208D30C31394408EB73
:10B40000020945462144F61BC84537E02068A3469B
:10B41000BF1B002835D00446E9E7AB19994538BF72
:10B42000A9EB050632462846FFF744FC009B002B9B
:10B430003DD0E279A079F3B237BB1844A071E2792C
:10B44000A37927689A4232D1DAF80030A34208BFC4
:10B45000CAF80070BBF1000F01D0CBF80070204695
:10B46000F4F722FC3C4635444CB10027A379E67939
:10B4700003F10C01F61A2144F6B24D45CDD3A5EBEC
:10B48000080003B0BDE8F08F121AD2B2F918914249
:10B4900009DA0C302044D21BD21A014438440193FB
:10B4A000FFF7D5FB019BE279D31AE371C7E7A34607
:10B4B0002468D8E70846E4E72046E2E710B5C479F7
:10B4C0000246C4F14503D8B2884228BF0846044466
:10B4D000D47110BD38B50546C079C0F14504E4B259
:10B4E000944288BFD4B20C3022462844FFF7E2FBD6
:10B4F000EB7920462344EB7138BD1FB50391002141
:10B50000009103A9FFF762FF05B05DF804FB38B5B1
:10B510000446206800B938BD0568F4F7C5FB25600E
:10B52000F7E7034610B501F0EC0103B910BD1A7935
:10B5300002F013020A431A711A1A544254415A79FA
:10B5400064F300025A711B68EFE710B558B1016847
:10B5500002685AB1136823B15C79E40704D500246A
:10B5600014600360084610BD0360F1E71346F8E776
:10B57000034658B10020DA7999791B68521A50FABB
:10B5800082F01BB15A79D207F5D57047704770B574
:10B590000D460446E8B186798E4203D3751A85714B
:10B5A000012070BDC27906F145039B1ADBB29942B6
:10B5B0000FD806F10C010144921BA81BD2B208441B
:10B5C000FFF745FB0023A371E3791D44AD1BE57133
:10B5D000E6E70020E5E710B50C4698B191B189790E
:10B5E000E279C379521AC3F14503D2B2DBB2934276
:10B5F00008D30C312144FFF76DFF2046F4F754FBCC
:10B60000012010BD0020FCE70346006818B1026865
:10B610001A600023036070470346002003B9704797
:10B62000DA7999791B68521A50FA82F0F6E70368C2
:10B630000BB9016070471A461B68002BFBD11160E3
:10B640007047036803B10B600160704739B10B4666
:10B650001A461B68002BFBD103681360016070471A
:10B6600070B5046806460D4644B12046FFF7D4FF86
:10B67000A84211D8236813B9E379A37170BD20469D
:10B680003360F4F711FB3468F4E7ED1A23682046C1
:10B690003360F4F709FB3468002DEFD0A279E37929
:10B6A0009B1ADBB2AB42F0D92A44A271E6E7F8B5A7
:10B6B000066805460C4646B13046FFF7ADFFA0428E
:10B6C0001DD8336813B9F379B371F8BD30462B60D8
:10B6D000F4F7EAFA2E68F4E7064638460768002FC2
:10B6E000FAD1C2798379D31ADBB2A34202D9121BF1
:10B6F000C271EAE7E41AF4F7D7FA3EB13760002CDA
:10B70000E3D028680028E0D00026E7E72E60F6E7BF
:10B71000F8B504460F46BC4200D1F8BDA179E579E1
:10B720006D1AEDB2C5F14506B6B20EB92468F2E75E
:10B7300049B10C312A46214404F10C00FFF787FA85
:10B740000023E571A3712368BB42EFD05A79D20779
:10B75000ECD49979DD79A0796D1AEDB2B54228BFA4
:10B760003546E2790C3010440C312A461944204405
:10B77000FFF7A0FAE379206853FA85F3E371837940
:10B78000761B53FA85F5C379EDB2AB42B6B285713B
:10B7900003D103682360F4F787FA002ED3D1C5E7FD
:10B7A00038B50C46016809B9046038BD0D46096812
:10B7B0000029FBD1236823B12046FFF7A9FF2C60A5
:10B7C000F3E721462846FFF706FF0028EDD1F6E70C
:10B7D00048B10023027943600360836043790271BA
:10B7E00043F004034371704700221146F4F7B8BADE
:10B7F00038B504460D46FFF7CAFE98B984B12079E2
:10B80000FFF7F2FF58B163794279C3F3400363F362
:10B81000410245235D1B04604271C371857138BDCF
:10B820000120EDE72046FAE738B5036804460D46E7
:10B830009BB11879FFF7D8FF88B12368427903607C
:10B840005B79C3F3400363F3410245235D1B4271FF
:10B85000C37185712060002038BD0120EAE71920FE
:10B86000FAE738B50C46054640B3006830B309B96D
:10B87000002038BD4AB9C9B2FFF789FE0028F7D1C8
:10B880002B689A799871A41A06E0452918D8C9B28C
:10B89000FFF77DFE0028EBD1442C07D8002CE7D021
:10B8A0002846E1B2BDE83840FFF7BEBF4521284633
:10B8B000FFF7BAFF0028DCD1453CEDE72220D8E7AE
:10B8C0002120D6E75318452B02DCC9B2F4F748BA59
:10B8D00000207047F7B5002605460F4601960DB9C2
:10B8E000019C09E0002238461146F4F739FA044673
:10B8F00028B901A8FFF70BFE204603B0F0BDAB79D5
:10B900008371EA79C27168796179D21A60F30001B2
:10B91000617169796079C1F3400161F3410060713F
:10B9200003F10C002918D2B22044FFF7C3F9019BA0
:10B9300003B9019406B1346026462D68CFE72DE99E
:10B94000F8430D461446064610B319B3DAB1034660
:10B9500099461B68002BFBD12746C8463A46294624
:10B960004046FFF7B7FDC145A7EB0007054418BFE8
:10B97000C9F8008037B10022B1793079F4F7F0F9D5
:10B98000C14618B9E41B2046BDE8F8838046E5E7C8
:10B990000446F8E70C46F6E737B51546C9B200226B
:10B9A0001C46F4F7DDF9019040B122462946FFF725
:10B9B000C6FF844202D901A8FFF7A9FD019803B090
:10B9C00030BD034610B501391A1A914200D810BD96
:10B9D000445C1A7803F8014B42540139F4E7002320
:10B9E0000144884200D1704700F8013BF9E738B5BF
:10B9F00005460C4604B938BD013C55F834305B6847
:10BA0000002BF7D09847F5E72DE9F04104460026D2
:10BA100054F836302BB904F10408B34203D10025A1
:10BA20000FE00136F4E754F833205F1C12685AB176
:10BA300058F833009047054630B139462046FFF7A5
:10BA4000D6FF2846BDE8F0813B46E6E770477047E1
:10BA5000704770477047F4F797BA38B50446FBF75C
:10BA600041FC054658B9C820E4F7A4FFC8220221CA
:10BA70002846E4F75FFF8442A8BF044624B220466C
:10BA8000E4F798FFFBF72EFCBDE83840C8220221FE
:10BA9000E4F750BFB0F90020B1F900302DE9F047CC
:10BAA0009A4204460D4648DCF5F74EFA8046E1F727
:10BAB0008FF800283ED1E4F733FF8246FBF712FCF3
:10BAC000C8220221E4F736FF47F6FF73B5F90020DC
:10BAD00081469A4202D1E4F747FF288047F6FF7378
:10BAE000B4F900209A4202D1E4F738FF2080B5F97A
:10BAF0000000FFF7B2FFB4F9003007468342C8BF29
:10BB00002080B4F90000E4F735FFF9F785FA06461E
:10BB100058B15046E4F72EFF4846E4F74BFF404645
:10BB2000F5F722FA3046BDE8F087E4F7F9FE208009
:10BB30002F80F4E741F20C06F1E72126F2E700003E
:10BB4000F8B500BFF8BC08BC9E467047F8B500BF0A
:10BB5000F8BC08BC9E4670475FF800F0310F00202B
:10BB60005FF800F0CD0F00205FF800F0990E002084
:10BB700000000000000000000000000000000000C5
:10BB800000000000000000000000000000000000B5
:10BB900000000000000000000000000000000000A5
:10BBA000466C6F773A20252E3266204C2F6D696ED9
:10BBB0002C2070756C7365733D256C752C20657237
:10BBC000723D25750D0A000068616E646C65733AFC
:10BBD00020666C6F773D2575206572723D25750D69
:10BBE0000A0000000A0000005B435D200000000026
:10BBF0002E2E2F6170702E630000000025733A25F1
:10BC000064203A25733A2000736300005374617412
:10BC100075733A202573203D203078253034782004
:10BC200000000000417373657274696F6E20666175
:10BC3000696C6564000000005B455D200000000049
:10BC4000000000005B495D2000000000436F6E6E45
:10BC5000656374696F6E206F70656E65642E0D0A82
:10BC600000000000436F6E6E656374696F6E206341
:10BC70006C6F7365642E0D0A0000000043616C6CEC
:10BC8000696E6720687964726F5F656E61626C656A
:10BC900020776974682025640D0A0000666C6F7750
:10BCA0005F72617465206576656E740D0A00000030
:10BCB0004E6F74696669636174696F6E20656E6149
:10BCC000626C656420666F7220666C6F775F72616C
:10BCD0007465206368617261637465726973746905
:10BCE00063732E0D0A00000053656E64696E672051
:10BCF000696E697469616C20466C6F77207261743B
:10BD0000650D0A004E6F74696669636174696F6ED0
:10BD10002064697361626C656420666F7220666C72
:10BD20006F775F726174652E0D0A000073656E6433
:10BD30005F6572726F72206576656E740D0A000021
:10BD40004E6F74696669636174696F6E20656E61B8
:10BD5000626C656420666F722073656E645F6572E5
:10BD6000726F722063686172616374657269737463
:10BD70006963732E0D0A000053656E64696E672057
:10BD8000696E697469616C204572726F7220737498
:10BD90006174650D0A0000004E6F74696669636125
:10BDA00074696F6E2064697361626C656420666F8C
:10BDB000722073656E645F6572726F722E0D0A0079
:10BDC00045787465726E616C207369672061727268
:10BDD000697665640D0A00006E74665F666C6F7745
:10BDE0005F656E61626C653A2025642020206E7468
:10BDF000665F6572725F656E61626C653A2025648C
:10BE00000D0A00006E6F7469667920666C6F77208A
:10BE100073633D256C75202830782530346C782983
:10BE20000D0A00006E6F7469667920657272207366
:10BE3000633D256C75202830782530346C78290DC9
:10BE40000A0000004174747269627574652077722B
:10BE5000697474656E2870756D705F656E61626C73
:10BE600065293A203078253032780D0A000000002C
:10BE7000417474726962757465207772697474654F
:10BE80006E2873656E645F6572726F72293A203036
:10BE900078253032780D0A004174747269627574C5
:10BEA00065207772697474656E28666C6F775F724F
:10BEB000617465293A203078253032780D0A000007
:10BEC0006461746120746F2073656E642028666CF1
:10BED0006F775F72617465293A2025640000000065
:10BEE0006761747464625F666C6F775F72617465BA
:10BEF000207661756C65733A206C656E3A25642016
:10BF0000646174613A25642E0D0A0000204E6F743E
:10BF1000696669636174696F6E2073656E74202849
:10BF2000466C6F772072617465293A20307825302D
:10BF300032780D0A0000000043616E6E6F7420734A
:10BF4000656E64206761747464625F666C6F775FAE
:10BF5000726174652E0D0A2020207363203D202518
:10BF6000640000006461746120746F2073656E6406
:10BF7000202873656E645F6572726F72293A20259E
:10BF800064000000204E6F74696669636174696FB4
:10BF90006E2073656E7420284572726F7220737400
:10BFA000617465293A203078253032780D0A000016
:10BFB0006761747464625F73656E645F6572726FEB
:10BFC00072207661756C65733A206C656E3A2564F3
:10BFD00020646174613A25642E0D0A0043616E6E1F
:10BFE0006F742073656E64206761747464625F733C
:10BFF000656E645F6572726F722E0D0A2020736326
:10C00000203D2025640D0A006E6F746966792873DF
:10C01000656E645F6572726F72292073633D256C73
:10C0200075202830782530346C78290D0A000000FE
:10C03000736C5F62745F6F6E5F6576656E7400002F
:10C0400053414D504C452074696D65722073746185
:10C0500072743A203078256C780A000042524434D9
:10C0600033313441000000000A0000005B435D20D2
:10C07000000000002E2E2F736C5F676174745F7375
:10C080006572766963655F6465766963655F696E2D
:10C09000666F726D6174696F6E2E630025733A2549
:10C0A00064203A25733A200073630000537461746E
:10C0B00075733A202573203D203078253034782060
:10C0C00000000000417373657274696F6E206661D1
:10C0D000696C65640000000041303200342E342E5B
:10C0E00034000000736C5F676174745F736572760F
:10C0F0006963655F6465766963655F696E666F72C3
:10C100006D6174696F6E5F6F6E5F6576656E7400EA
:10C11000002801280328012A022A2A2A252A282A57
:10C12000272A242A052A2A2B292B022901006A738F
:10C130006CBED84697C288401065025B0200702A28
:10C14000656D539AD060C341A485A86103005D2D3D
:10C15000223893AADD4014ECCBA494A01000000078
:10C16000B5CBD460800C15C39BA9AC5A8ADE000005
:10C170000C0053696C69636F6E204C616273000040
:10C1800002000B1802000000020000180200011853
:10C19000010000000108FFFF000000008CC1020048
:10C1A000020002000108FFFF0500000020000A0055
:10C1B00003000A000008FFFF01000000500B0020F0
:10C1C00004000D000308FFFF030000000200000050
:10C1D000050002000108FFFF0500000002000B003F
:10C1E00006000B000108FFFF01000000380B0020D3
:10C1F000070002000108FFFF050000000A000C0014
:10C2000008000C000308FFFF01000000300B0020B5
:10C21000090000000108FFFF0000000088C10200C3
:10C220000A0002000108FFFF050000000A000300E9
:10C230000B0003000308FFFF010000001C0B00209F
:10C240000C0002000108FFFF0500000002000400CE
:10C250000D0004000108FFFF0000000084C102007F
:10C260000E0000000108FFFF0000000080C1020076
:10C270000F0002000108FFFF05000000020005009A
:10C28000100005000108FFFF0000000070C102005F
:10C29000110002000108FFFF050000000200060077
:10C2A000120006000108FFFF010000000C0B002037
:10C2B000130002000108FFFF050000000200070054
:10C2C000140007000108FFFF01000000000B002020
:10C2D000150002000108FFFF050000000200080031
:10C2E000160008000108FFFF01000000F40A00200A
:10C2F000170002000108FFFF05000000020009000E
:10C30000180009000108FFFF01000000E40A0020F6
:10C31000190000000108FFFF000000005CC10200DE
:10C320001A0002000108FFFF050000001200008053
:10C330001B0000800108FFFF02000000D80A002057
:10C340001C000D000308FFFF0300000001010000B6
:10C350001D0002000108FFFF050000000A00018027
:10C360001E0001800308FFFF01000000D00A00202A
:10C370001F0002000108FFFF0500000012000280FC
:10C38000200002800108FFFF01000000C80A002011
:10C3900021000D000308FFFF030000000102000060
:10C3A00090C102002100210010C102000E000E0009
:10C3B0002CC10200030003000300FFFFFFFF000089
:10C3C00076636F6D000000000500000000000000B3
:10C3D00000C2010000050000001000000000000085
:10C3E000000000000000050024000650680B00203B
:10C3F000FD2A000051080200030902003109020071
:10C4000039080200700B0020910A0200CB0A0200DA
:10C41000070B0200430B0200650B0200280000001E
:10C42000292000003F0000001E000003E10C020074
:10C43000F70C0200010D0200390D020095390000D1
:10C44000470D020039390000020000002C000000F6
:10C450000002010000000000000000000000004099
:10C46000FFFFFFFF000000010000000000000000CF
:10C4700000000000FFFFFFFFFFFFFFFFFFFFFFFFC8
:10C48000FFFFFFFF00000000FFFFFFFFFFFFFFFFB8
:10C49000BCE6FAADA7179E84F3B9CAC2FC63255166
:10C4A0006B17D1F2E12C4247F8BCE6E563A440F2F9
:10C4B00077037D812DEB33A0F4A13945D898C2963E
:10C4C0004FE342E2FE1A7F9B8EE7EB4A7C0F9E16FB
:10C4D0002BCE33576B315ECECBB6406837BF51F5AC
:10C4E000FFFFFFFF0000000100000000000000004F
:10C4F00000000000FFFFFFFFFFFFFFFFFFFFFFFC4B
:10C500005AC635D8AA3A93E7B3EBBD55769886BCA0
:10C51000651D06B0CC53B0F63BCE3C3E27D2604BF7
:10C5200060C40200C0000000000000000000100015
:10C53000200000006BC0BCE12A459991E134741AD7
:10C540007F9E1925AE2D8A571E03AC9C9EB76FACFB
:10C5500045AF8E5130C81C46A35CE411E5FBC11900
:10C560001A0A52EFF69F2445DF4F9B17AD2B417BF4
:10C57000E66C37103FF1CAA1681FAC09120ECA3031
:10C580007586E1A72B7E151628AED2A6ABF71588C7
:10C5900009CF4F3C0020000001200000FFFFFFFFFB
:10C5A000FFFFFFFFFFFFFFFFFFFFFFFF5C200020FB
:10C5B00001000000040000201168000000000000DD
:10C5C0000040025C000000000000001001030401B4
:10C5D000010109030B0000000B0000000200000035
:10C5E0000000202000000000030000008C8C3C00B4
:10C5F0000000000000000000000000000126000014
:10C600000400000000000000000100000000000025
:10C61000010000000500000002000003000000000F
:10C62000000000004E0C00000000000000000000B0
:10C63000A0C3020000000000000000000400000091
:10C6400000000000E2FF5000E4C70200000000000C
:10C6500094C7020080C602000CC8020084C6020013
:10C660000000000000000000D0C7020080C70200E8
:10C67000A0C70200F8C70200B4C702000000000013
:10C68000010000000400FB00505341004B455900DD
:10C6900000010102010202030102070B0B07011650
:10C6A0000C00000108080000050108FFFF02FFFF61
:10C6B0000808020204FF010022FFFFFFFFFFFF0343
:10C6C0000404FFFFFFFF2AFFFF1419191B011C15AB
:10C6D000120400480C14010204040000F4010000DC
:10C6E000FA00000096000000640000004B0000000B
:10C6F000320000001E0000001400000000000000D6
:10C700000101500040000800500024000400900186
:10C71000500240009001AE011000004972531449CC
:10C720007207FF000102030405FF1453007249075A
:10C73000CDF60000137F020025240100593B0100C3
:10C74000117F02006F7F0200697F0200E53D01005A
:10C750001D7E0200257F02006B7F02006D7F0200BC
:10C76000197F0200677F0200911F01001B7D0200FC
:10C77000E520010001020C00000004000000080098
:10C7800004000000000000000000000000000000A5
:10C7900000000000E77E020000000000A00104018C
:10C7A0005600000000000000000000000000000033
:10C7B000000000000A00000000000000000000006F
:10C7C0000000000000000000000000000000000069
:10C7D0000100000000000000000000000000000058
:10C7E000000000001D25010000000000A00101075D
:10C7F000A000010402040800060000000000000080
:10C80000000000003D260100052601006D26010004
:10C8100000000000A0030601A0090609A002060806
:10C82000A0050607A0050606A0070605A002060447
:10C83000A0010610A00A0602A00D060000000402D6
:10C840000503060107010108090A0000A0015C02B6
:10C85000A0035C01A0025C00A0020F09A0030F046A
:10C86000A0030F03A0050F02A0010F01A0050F00F8
:10C87000A0040103A0040108A0020105A003010611
:10C88000A0120100200C0403A523010020000401D4
:10C89000D123010020025602752401002002560116
:10C8A0004924010020030A11F924010020050A028D
:10C8B000C924010020040A00912401002000011570
:10C8C000C9250100626761706920627566666572DC
:10C8D00073000100020000000000000003000000DF
:10C8E0000D000300020001000500676174742063FD
:10C8F0006F6E6E656374696F6E00000000FB349BA1
:10C900005F800000800010000000000000000000B8
:10C910005F93020009850200D37D02004994020062
:10C92000A0010A05A0030A04A0080A03A0070A023E
:10C93000A0060A01A0070A00A0030906A00609052F
:10C94000A0070904A0040903A0050902A006090123
:10C95000A003090002020300000000000009007F9C
:10C9600094C902000100000F74C902006FC2732451
:10C9700008070000E1FE56FF8DFFACFFC1FFCFFFAF
:10C98000DAFFE3FFEAFFF0FFF4FFF8FFFBFFFEFF33
:10C99000000003005200F2FEFF0064001E000000D1
:10C9A0007F00F80D7F24FDFF3300A80323D6FFFF8F
:10C9B0001B0041010A3700001100B900653B00006F
:10C9C0000B00720010350000070049002F2C0000FA
:10C9D0000500370031260000030014005715000041
:10C9E000C967010011680100BD6701001D680100F1
:10C9F000056801003BA0020077A002009DA0020094
:10CA0000BFA00200E1A00200F97B0100B17B0100A0
:10CA1000BD7B0100917C010057A20200E19D020054
:10CA2000E59D0200F19D0200E99D0200ED9D0200DE
:10CA30000000000088010000A8120020E1FE0000B4
:10CA400002000080FF7F00000080FF7F0E02524145
:10CA5000494C0000A0000000557301005000000088
:10CA6000CD72010000000001000001010001010180
:10CA700005760100E975010045AC0100EDAE01004D
:10CA800025AE010001010203000000011F150F1572
:10CA9000150F151FFFFFFFFFFFFFFFFFFFFFFFFF4A
:10CAA000FFFFFFFFFFFFFFFFFFFFFFFFFFFFFFFF96
:10CAB000FFFFFFFF00A801A802A8000000B801B80E
:10CAC00002B800B0BC020300EC020300D402030071
:10CAD000040303001C03030003040408080500000A
:10CAE000000000000000000000000000B83200005C
:10CAF000F8040000B037000004000000303E0000E1
:10CB00000300000000000000B8320000343E0000C6
:10CB100000000000343E0000410000000000000062
:10CB2000303E0000853200009D3200009D32000042
:10CB30009D3200009D3200009D3200000000000088
:10CB40000000000000000000000000009D32000016
:10CB50009D3200009D320000112B00009D3200002C
:10CB60003B2C00004B2C0000D12C0000192D0000A4
:10CB70009B2D0000012F0000BB2D0000912F000015
:10CB8000072E0000452E0000B92E0000F1300000F5
:10CB9000C53100000D2C0000712800002124000088
:10CBA0008F280000012900009D320000D9290000D3
:10CBB0009D2900009D3200009D320000212A0000C6
:10CBC0009D3200009D3200009D320000F90F0000F0
:10CBD000E90F0000031000000D1000001710000006
:10CBE0008C488068000200D4704780B580208002A5
:10CBF000A8490860CF2000F04BFA01BDF8B586487F
:10CC00000068864C802292032260854E31680905B7
:10CC10001DD5110BA023034001D0216017E0024075
:10CC20003FD180277F4A17607F4A1760084038D07D
:10CC3000784D287A400705D501207C49086000021C
:10CC40007B4908602878002801D0062801DB0020F5
:10CC5000F2BD00F057FB716889684E682978052994
:10CC600007D1B905A1606E60B668CC218901704A10
:10CC7000116000F050FB012E00DA0226BC20800576
:10CC80008549086094208005844908606548002132
:10CC9000C94301647142416481490F6040210160D0
:10CCA000D5E7B1480160FFF79BFF0120F2BD5A486C
:10CCB0000168890504D5C06E0004000F022801D068
:10CCC000002070470120704738B580245548046023
:10CCD00000F018FB05007348006800F065F92800B3
:10CCE00000F019FBFFF77CFF4A48007A000705D5E2
:10CCF000A0004A49086000F0E6FB31BD60039A4994
:10CD00000860B048046031BDFEB50500CC2080014C
:10CD100096494860012696480660FFF7C8FF00283C
:10CD200077D03C4C2078002873D03102019505283B
:10CD300002D02A460A406CD1CC27BF018B4A17602B
:10CD4000A14A126853075B0F022805D1022B5ED35C
:10CD5000080137490860F7BD4D01032804D1022BB3
:10CD600055D933480560F7BD042802D111404ED093
:10CD7000F7BD05284BD10198002848D0C005C10F48
:10CD8000684641700198C004C10F6846017000F008
:10CD9000B9FA0290606869464978002903D00668AC
:10CDA0008021214A11602C0488496A461278002AA1
:10CDB0000CD0C2680B68D21AA74B1B68234001D065
:10CDC000066800E04668964200DD16006846407836
:10CDD0006A461278024308D008684242B01E824276
:10CDE00002DA7042886000E00026029800F093FAB0
:10CDF0000198800501D5994804600198054001D04B
:10CE000097480460002E02D009480760F7BDFFF77D
:10CE10005BFFF7BD343E0000400002A8402002A89E
:10CE2000C43E00000CC001A890E001A894D000A866
:10CE3000505201A838B580248A48046001204C492A
:10CE40000860894D2878052802D06000874908606D
:10CE5000FFF72DFF002812D012480068000A802139
:10CE60004140A868000EC9B2814208D25648006805
:10CE70004007400F022802D2FFF726FF31BD7C4851
:10CE80000168C0220A4002D1C06F204001D004488E
:10CE9000046031BD1C1002A808E001A808D001A858
:10CEA00094D001A818C000A8F1B582B00F00802668
:10CEB000B600A020384002D06E48066052E000F074
:10CEC00021FA00906C480468F80202D5A068006955
:10CED000029000F045FBB102606800F06FF9227823
:10CEE00020000021521C4378934200D200221823D4
:10CEF0005343C5180C352B78082BF3DA1400027055
:10CF000085602878584A10703E400CD000F0FAF93D
:10CF1000594909688968CE6800F0FDF9F80201D422
:10CF20000320864331005048816001260846304086
:10CF300003D100F0D2FB00F07BFFF104686900F040
:10CF40003DF93C2000F0A4F8E0B200F0A1F8009810
:10CF500000F0E1F9300547490860484806603002B2
:10CF6000024908600298FEBD401002A84C6201A868
:10CF700094E000A810B542480068800501D4FE2066
:10CF800010BDC02080033F49086000F0BBF93A495A
:10CF900009688A78D20702D589688C7800E00C7815
:10CFA00000F0B9F9200010BD334909688A688B7810
:10CFB000DB0704D5927818235A438A180C32906004
:10CFC00070470000100002A8084001A848C001A84E
:10CFD000F1B582B02C4F3C680026200F000702D12B
:10CFE000E00102902AE000F023FF00F08BF90190AD
:10CFF00080210903606800F0E1F825786D1C6078F5
:10D00000A84200D20025E80020180C3000900068EB
:10D010000290802109030098406800F0CFF83D207D
:10D0200000F036F8E8B200F033F825700098A06000
:10D03000019800F070F902A800F05EFF1348006844
:10D04000800407D5786901F026FC0299081802903F
:10D0500000D502960298FEBD480002A8481002A81A
:10D06000482002A894E001A8343E0000506201A8C4
:10D0700014C001A8402002A8C83E000090E000A80B
:10D08000400002A8401002A8CC3E0000FC0302A809
:10D0900041490968002901D5404908607047F3B546
:10D0A00081B03F4FB9683F4C4A004CD5012509017A
:10D0B00000D5212501003C4A106856682268920676
:10D0C000920E94463A6893008022134062461343BE
:10D0D000802252001A4300920A0023D0890601D50B
:10D0E000012008E0F021014007D16946097A0C22AD
:10D0F0000A4002D0022000F03FF82C4909680904D8
:10D100000AD53968090701D5022605E039684903BF
:10D1100001D5002600E003264835009A2449096815
:10D12000890003E0009A2249C9690909402319408E
:10D1300011439A00002E02D0164326660835216658
:10D14000024322662566E06D4407640F00F0C4F8D0
:10D15000A0070BD0052C09D0B868000406D400F055
:10D16000D1F80221134A116000F0D5F800F0BDF8A3
:10D17000002000F001F8F7BD0B490A68F0239A433C
:10D18000000110430860C0B270478020C0020A4905
:10D1900008607047000000004C0002A8884000A80A
:10D1A000440002A8284000A8683F0000384101A8B8
:10D1B000084001A87CD40350485000A880B55E4ABE
:10D1C000116001F093FBFFF7E0FF01BDFEB500F039
:10D1D00099F80290102059490860002358480360CC
:10D1E0000220584908605848C0684005C20DD52A39
:10D1F00001D2D52204E0D1204000824200D90200B1
:10D2000010000100514C0194883C246864011DD534
:10D210004F4C0094251D4F4E367806277E43AA5367
:10D220000024019D2D7CE540ED070CD5009D0626D0
:10D230006643AD19AD888FB2BD4200D2290086B2D7
:10D24000AE4200D22800641C022CEAD389B24631D7
:10D250000904414C0C404638C005C00D20433A49F2
:10D260000860C02000063D4908603848017D00295B
:10D270000CD03B49D52A02D98024E4050C60D12486
:10D280006400A24202D2802424060C601021354C96
:10D29000216035490B604188002900D10280029845
:10D2A00000F039F8F7BD80B53048314908603148A1
:10D2B000C1680902090A1922514341600521016030
:10D2C000FFF784FF01BD2B480068C00300D47047FE
:10D2D00080B5FFF77BFF01BD8020C00216490860C2
:10D2E000254800684007FBD470478020C0022349CE
:10D2F0000860704701E0224908602249096801403E
:10D30000F9D17047204800682021204A116010217F
:10D310001F4A116070473021014002D110201B4983
:10D32000086070471848006830210140102901D179
:10D330000120704700207047401002A8F41302A893
:10D34000048002A8409002A87C400050743F000076
:10D35000603E00005C3E00000000FF01A060005045
:10D36000A4500050F42302A818E000E07F1A060140
:10D37000500002A810E000E0400002A8402002A8EF
:10D38000282002A8280002A85C0002A85C2002A8AD
:10D390005C1002A8FEB54E4880214902816102213D
:10D3A0004C4A516000214C4A11604C4A11800321C3
:10D3B000484A116002210160494804682020494917
:10D3C0000860802048490860CC20800147490860F7
:10D3D0000120474908604048806F01900F26000BEC
:10D3E0003040009043480068C505ED0D103DC02059
:10D3F0002843C0B2FFF74CFEE00506D50098092887
:10D4000003D001F0ABFB01F0C7F8019806403A48A1
:10D410000468032E04D0022E06D10098032833D0CE
:10D4200000F0EAF9032E04D0009806282CD1062D2E
:10D430002AD0324800680127C00B384001D001F0E3
:10D440007FFD2F480068000108D5052D06D1012574
:10D450002C4807606805FFF74DFF00E0002521001C
:10D46000009800F0CBF90400274E002D05D000F005
:10D4700067FB3760022025490860780570658009E0
:10D480002349086001F04AFB124880214902C1612A
:10D490000099002908D10221416000200E4908614D
:10D4A000C020C0001B4908602000FEBD80B5FFF70A
:10D4B00013FF19480078800602D40220174908603B
:10D4C000FFF713FF01BD02201549086070470000F7
:10D4D0002C1002A8282002A8340002A8703E0000E8
:10D4E000B40002A894E001A80CC001A8506201A8F1
:10D4F00094E000A804ED00E0B44000A800E200E0E1
:10D50000EC3E0000645000A8646000A82C4000A815
:10D5100080E200E02C6001A8C43E0000081002A8D0
:10D52000082002A87F480068800700D4704730B503
:10D530007D4804218C4A0123E024E40085682540CD
:10D5400002D01360D160D3600068044002D0136041
:10D550005160536030BD8548012181600160704792
:10D5600010B5012071498A680240FCD1804A042329
:10D57000D3600C680440FCD15360106010BD7D493D
:10D5800008680122104200D1704710B5E023DB008B
:10D590000340FF24A41CA34204D3774B1B689B06C3
:10D5A00000D54868024001D000F0ABF810BDFEB5D0
:10D5B0000700C82071490860062071490860802072
:10D5C00040037049086070480168704A0A40802131
:10D5D0000901114301606E4CC020C000206002258B
:10D5E000A56168036B4908606B4E6C48F0664C207F
:10D5F0006B49C86638686B498968814201D20191DC
:10D6000000E001900199401A38600121380000F0D3
:10D6100040FB694608703868019940183860FFF788
:10D6200081FF5F4800685F4908605F4801684906FC
:10D6300001D55E4900E05E493167694609780029F5
:10D6400008D10321E16100683068054002D08020E4
:10D650008002206168460078FEBDF8B50400554D93
:10D660008020C0012860544801218162534A116022
:10D670001F2303605623436606230366504B1B6833
:10D68000002B02D40823036643664E4B0365C02378
:10D69000DB004D4E3668F827FF01374001D1836724
:10D6A00000E05361E86B014008D0286BC00705D447
:10D6B00046480078800701D401F0E0FC4448454921
:10D6C0000860FFF72FFF200001F084FD286B800128
:10D6D000FCD4286AC8490860F1BD3F480121416176
:10D6E000C1603E4A3E4B5366364B136503230360CD
:10D6F00000203C4B186011609162C8032D490860FE
:10D700007047F0210901384A116001403748016033
:10D71000202037490860374909680840B749086040
:10D72000704700004C0002A86C0102A8700102A81A
:10D7300080B5B3480821B34A13680B4001D001619A
:10D7400041611178C90602D5862109010160FFF700
:10D7500016FF1420AC490860AC480168490701D0A5
:10D76000FF21416101BD0000681102A86C2102A8DF
:10D77000682102A8783F0000400002A8548001A858
:10D780000C9001A8942002A8680102A8FFF1FFFFF5
:10D79000441102A8A01002A8E40002A8294E060025
:10D7A000300002A8A03F0000FC0302A8CC3F00000C
:10D7B000C43F0000100002A8E01002A8442102A803
:10D7C00028C000A80C1E0000A88001A83C3E000054
:10D7D000FFFF7F7FB46000A8602102A8E02002A8BC
:10D7E0005E060000400102A82C6001A82C5001A890
:10D7F000442002A8084001A870470000F8B586B090
:10D8000005000C008248866AFFF77CFD0590B00594
:10D8100003D580480068FFF7C7FB00200290012273
:10D820007306DB0F7C498E688860B82040007B4F10
:10D8300038606708B82038400978F0270F40402F3B
:10D8400002D10100402008430D2D02D131000426F1
:10D850000E43710704D501001420084310218C43A6
:10D86000AC4909686D462A700493019605006C4F17
:10D87000C80506D580204000A2490860280001257F
:10D8800005430498002811D10C20284008280DD009
:10D8900028005F49496BCA0601D4102290438906CB
:10D8A00001D420218843B12101405AD06846007834
:10D8B000002859D0B86DC004C00C792809D3802540
:10D8C0000620534908606802A149086000206946A3
:10D8D00008708120284049D008200499002900D1EF
:10D8E000386201990843019010208443042003907A
:10D8F0000005984908604008974908600120974949
:10D9000008606846007800282ED00398062833D394
:10D910009348806BC0062FD592480068000E029095
:10D920008F480668B6B28F48006A000603D0300000
:10D9300080267601064301F060F8002809D0FB201C
:10D9400080010078C00604D030008026F60106432E
:10D95000B6B23E61301238616E480168C80587D49E
:10D960000AE0082039460862009531E08FA0690678
:10D97000C90E405C0390C4E7009503982449CB6A24
:10D98000784A12683D686E46B58128251D400543DA
:10D99000980CC00128431D001B0E2B4010252B4066
:10D9A0000343900040221040184303AA9070086B74
:10D9B000000A03A9C870FFF7DDFA03A908710298ED
:10D9C000487169480068C8800398F8660498F8664A
:10D9D0000598FFF7A0FC0820610601D55D49886025
:10D9E000624908600198C1B20098C0B2FFF757FBC6
:10D9F000200007B0F0BD00009C3F0000441002A8CA
:10DA0000301102A8F84F0000703F00000C4000A841
:10DA1000180002A81CC000A8683F0000B46000A85D
:10DA2000540000AAF8B5524F524C0F250126524916
:10DA3000606BC00621D5012008705048006850492D
:10DA40000A68824204D289695118491C081A00E008
:10DA5000101A4C4909684018012852DB01F05EFE9B
:10DA600049490968090B0D40022D48D17105474A03
:10DA700011601021F963266041E0E06BC00026D5FB
:10DA800043480068E021890501403AD03E4C4148B6
:10DA90000068C00504D42068000B28400228F5D097
:10DAA0003D480668FFF72EFC3C49F2B20A6032049A
:10DAB000120E0A603202120E0A60320E0A60FFF77E
:10DAC0002AFC2068000B28400228DFD0F1BD344C2E
:10DAD0002068002815D00E7001F07CFB002810D1C2
:10DAE00001F01CFE28490968090B0D40022D06D1E2
:10DAF0003104264A1160022139600021216001F0C1
:10DB000011FEF1BD1C2100AA802080042549086077
:10DB1000704700001C0100AA8020400421490860D1
:10DB200070478020C0041F490860704780200005AE
:10DB30001C4908607047802040051A4908607047FA
:10DB400019480168490701D0FF2141617047000071
:10DB5000141100AA401002A8205001A8006101A8D9
:10DB60001C4000A8084001A8448001A8845000A8D7
:10DB7000082002A8100002A8733E00001CC101A8E2
:10DB800020C001A8DC3E0000AC0002A81C1002A8C6
:10DB9000204001A8084000A8904000A8640000AA06
:10DBA000483E0000382002A80C4000A803010706E8
:10DBB000030107060501060605010606030207061E
:10DBC000030207060502060605020606FF2807D01F
:10DBD000032805D2AC490978C140C807C00F704777
:10DBE00000207047F8B58020000200908E4803881E
:10DBF00008208E4908600A220120012494400099DF
:10DC00000C43A249B6A5AD5C25438D60F025A04E1E
:10DC10003560864DB5A6B65C022737432F600426D3
:10DC20002E60814D9B4E3668064008D12E88F61A2C
:10DC3000B6B2012E03D88E6C3603F3D401E0022075
:10DC4000F2BD8D6CCE6C6D036D0BAE4200D20094B4
:10DC5000521ED2D508228E4B1A60009A8A608E4AD4
:10DC60001268520113D58D4B5A78541C012525405A
:10DC70005D70140006256C431C190968A180009989
:10DC8000E1801A7080490B7890401843087000209A
:10DC9000F2BDF1B582B0FFF75EFC00247E4800685B
:10DCA000400102D4012001901DE07D48826B0020DC
:10DCB0007A49C3B206256B43CB189B8895B2AB4219
:10DCC00004D0401CC3B2022BF3D3FF200870012004
:10DCD000019071480068400105D50878FFF776FF8C
:10DCE000002800D001946F4800686F4988616F4D2B
:10DCF00002980068296D4618002E15DD00F07FFDA2
:10DD00002860C001301A00280EDDFFF729FC00F062
:10DD10008FF802980068296D401801F05BFA010045
:10DD200002D002990C60FEBD614F802080003860F7
:10DD30005D4A10680226072829D0052108400528D9
:10DD400005D011600C2001F057FA01006AD1594D3D
:10DD500059482862FFF704FC2E60E020C0025749B2
:10DD60000860000256494860300678603E60012035
:10DD700001F042FAF0012862022001F03DFA902001
:10DD800040012862022001F037FA700228624D4DEE
:10DD9000E02040002860042001F02EFA07003BD16B
:10DDA00047480660B002A862C001A86210203C4942
:10DDB00008600126EE6540254348006828401BD1D5
:10DDC00035480068400113D534480078694608702A
:10DDD00068460078FFF7FAFE002809D02F48694608
:10DDE0000978062251434018C0882D49086403E091
:10DDF000FFF7F8FE07000FD129480660C46702202C
:10DE000001F0FAF9314C2560A8002060022001F0F1
:10DE1000F3F98120C002A0620198002801D0FFF729
:10DE200052FA3800FEBD0000703E0000889001A844
:10DE300070B5FFF790FBFFF793FB022618480660CA
:10DE4000234DF0022862C4082C62012001F0D4F9AD
:10DE5000600828622E601F482862E02040001B49AD
:10DE60000860174D2E60FFF737FA1B4E30780028F8
:10DE700000D005200C490860FFF737FA2C601748DE
:10DE80000068706370BD0000843F0000448001A8FA
:10DE900088A001A8140002A8EC3E00005C3E00002F
:10DEA0000C8001A8F80302A83C0102A88C3F0000E6
:10DEB000941002A83C1102A8BD080000142102A879
:10DEC000942002A82C9001A84C0002A82CA001A824
:10DED0003C2102A8FD680000603F0000300002A85D
:10DEE00000000001010204081020200050505040A2
:10DEF0004040403020202000F8B50400FFF730FB00
:10DF00002948C021C900294A1268F823DB011340BF
:10DF100002D1274A116000E0016000942549AC223B
:10DF200052008A640A220A602349802252030A604E
:10DF3000224C626A224B13408022D2001A43626252
:10DF400080222260022242605003C8601D48E060C7
:10DF50001D4E4C20F0661D4D68699621C901471879
:10DF600000980068874200D30700C01B0099086032
:10DF700000210098FFF78DFE00990968C919009AE1
:10DF800011603168296012490968490601D51149B3
:10DF900000E011492161F2BD802000010F490860B5
:10DFA00000010F4908607047582102A8AC8001A801
:10DFB000581102A80C8001A8941002A8440102A8DC
:10DFC000FFF1FFFF286E0600300002A8903F00001E
:10DFD000FC0302A8CC3F0000C43F0000401002A890
:10DFE000685000A8F1B584B0BD4800680290BD48F3
:10DFF000006B9621C90140180499884205D2081A7D
:10E0000001F0E8F8002800D027E2B74C6068C007AC
:10E0100000D522E20420B54988628003B4494862F1
:10E02000B44800680090606B8607B60F1025032E79
:10E0300002D0AE48856222E0084669034162A26BC5
:10E04000920601D5012065E0009A12060FD5A36B58
:10E05000022213400BD1A84B05271F60A76B2F404E
:10E060003A431A6000221A60626B120A1A60042294
:10E070008262A06B002802D59C4841620026606B3A
:10E08000400704D5606BC0002901084003E09548B3
:10E090008068C10701D5FFF734FBC149009805220C
:10E0A0000240052A07D1BF48B2018018006AC004A7
:10E0B000C00C401E08600020BB4AD26E12041AD564
:10E0C000BA4A1268002A16D401220120496900299F
:10E0D00011D0B7490A700021B64A1160B6498D6265
:10E0E000C106B64A91670722B44B1A600022B24BB0
:10E0F0001A601A46D167B249C02292000A60330200
:10E10000002801D0100000E01800AE4D28604A60E1
:10E110006B600020E16B942292050A40150000D04C
:10E120000125802636022843000637D07148282171
:10E13000405CC021014040290DD1FFF7B7F9694883
:10E14000C06D00906846FFF732FA002876D100983B
:10E15000FFF783FA01E0FFF7B6F9202020602D06D3
:10E1600000D17AE1944D606B400708D57008604992
:10E1700048620220E86200F05DFA002806D0042020
:10E180005A49886240025A494862EE62594800780A
:10E19000000600D461E130015449FFE001256068C8
:10E1A00028404BD1AE480068C005400F022803D07C
:10E1B000032801D0062802D169464D7005E00020F1
:10E1C00069464870A748A849486068044849886279
:10E1D000FFF782F8E06B064006D1FFF793F80221C3
:10E1E000A24A1160FFF797F8FFF77FF82803206035
:10E1F0009F4EC0200006706028049B490860606B39
:10E200004007C10F68460170E027FF0230200299E5
:10E2100049072FD54021A54A11624901924A11664A
:10E220000321A24A91640021116030608E48456547
:10E2300080207060062000F0DFFF002800D00CE195
:10E24000894D80204000E866022000F0D5FF802044
:10E2500040009749886618207060082000F0CCFFC5
:10E260000028EBD1242070609148C765A020C0022F
:10E27000286672E0E16BC90249D5C04949680902C4
:10E28000090E01914909022901DB8A4901E0B32104
:10E290008900019A302A3AD3124A1288E72A36D3E3
:10E2A00095235B009A4205D89A1A12095143890AAC
:10E2B0004B4204E0804BD218120951438B0A5BB2E7
:10E2C0000199C918074A126B9446064AD26B534308
:10E2D0006246D218034B1A639F290FD39F2110E087
:10E2E000FC0302A8743F0000100002A81C2002A832
:10E2F0001C1002A8C43E0000E40000AA202900D897
:10E3000021210A020A4309041143274A116067497F
:10E31000AA020A629A4A8A6414220A603060524849
:10E3200045656348C765A8034F4988664002706029
:10E33000062000F061FF002831D12D064A48C5664D
:10E34000022000F059FF5A4885666809706008206D
:10E3500000F052FF002822D17560032000F04CFF2E
:10E3600088481649886700F04AFA874D401DC00169
:10E37000296B47188548406F8021C90108400190EA
:10E38000084683490860049887421ED2296B401AC8
:10E3900000F020FF002817D001987E4908605CE05B
:10E3A000204000A80C0000AACC4001A8784201A897
:10E3B000723E00006C3E00003C5000A83C6000A88B
:10E3C000046100A8045100A8049F206AE862029832
:10E3D000400701D5402003E0802080047060C00821
:10E3E0007060012000F008FF802040001E49086096
:10E3F000380000F0EFFE8B4E68460078002806D10A
:10E4000062480068F0618020C00387490860019875
:10E4100060490860854886490860254880210901CF
:10E42000416669464978002901D104210160206ACA
:10E43000686268460078002809D0012000F0DCFE00
:10E440003078000603D58020000391490860E06B16
:10E45000C00202D549480068286305B0F0BD00003D
:10E46000204001A8040000FFB41002A87CE403507F
:10E47000441102A810B5FEF745FF864900240C6040
:10E480000A22CA61FEF747FF8348C0218902016062
:10E4900082494160824810210160C90541654020E0
:10E4A000804908608048047010BD0000400102A847
:10E4B000B82002A833070000D6FEFFFF7B48406B60
:10E4C000800300D47047F8B579480468002700201D
:10E4D00000257849E20706D5C02080028025ED039B
:10E4E000EA0A0A6003E0A20701D40320402528437A
:10E4F000C862012000F080FE802040006E4908675D
:10E5000008206E4908606E490968090203D46D4904
:10E5100009680140FBD0012000F06EFE6A4EE00762
:10E5200002D58020800430643564042000F064FE4D
:10E53000600702D5E020C002F0606448306401202A
:10E5400000F05AFE62483064C320000630645A4826
:10E550008021490201671021B163890271615D491F
:10E560000F60012232603022F2638F6280218901C4
:10E570004E4A116009010160F1BD0000F83F000042
:10E58000F3070000FFFF7F7F743F000020C001A859
:10E5900094E001A894D001A8F8B54F4800680D2771
:10E5A00007400424002F00D104274C48102566039F
:10E5B00008214B4A4B4B1B682340126814D0426021
:10E5C000394004D00220FEF7D7FD474806603C40A2
:10E5D00007D046480068054344480560B0084249F2
:10E5E00008600220424915E00260394005D002204F
:10E5F000FEF7C2FDA0023C4908603C4006D03B4803
:10E6000001680D43056070093749086038480660A5
:10E61000300329490860FFF751FF00210020FEF771
:10E620003EFDF1BDC43E00001C1002A80300030023
:10E63000482102A810B580202E490A6802400AD05D
:10E640002D4B1A680624144005D15C6E2B4A2240DB
:10E650001B6D9C0101D5002010BD096808400DD03C
:10E660002748824203D1180501D5012010BD254855
:10E670000068C107C90F481E8041C00F10BD224865
:10E680000321C163A821816310210160704700004C
:10E690001C2002A8D80000AA402002A80400008084
:10E6A000646000A82C4000A8723E0000100002A880
:10E6B000FC0302A81C1102A8442002A84C6201A875
:10E6C000C44001A84C4201A8082102A8240000016E
:10E6D00098008800600102A8B44000A8E43E000051
:10E6E0001CC101A8440002A8401002A8683F000015
:10E6F000685000A8400002A814C001A81F1F000015
:10E70000010C000030C101A8082002A86C48006874
:10E710000121084209D16B4A12686B4B000C18406A
:10E72000F03291400B40984201D002207047002007
:10E730007047F8B507000F386A461080604CA06833
:10E740000A0004D16B461B8882B29A423AD2002258
:10E750006B461A80012502263A0013D02268324007
:10E7600007D000292ED059480088401C57490880FE
:10E7700000203900E16056490E6080B2B84201D3F2
:10E7800069460D805348456000E030BF2068304046
:10E7900003D1FFF7BBFF0028F7D04D484560390093
:10E7A00010D02168314005D048490A886B461B8843
:10E7B000D2180A8006600020E060A068B84201D24A
:10E7C00044480660FFF7A2FFF2BD38B5050000F02F
:10E7D000A5FF0400012199204543A8093E4A12687B
:10E7E0008018123880B2FFF7A4FF05008020C00116
:10E7F0003A490860200000F095FF280032BD3348F8
:10E8000003883549096802889342F9D11004081831
:10E810007047FEB51238070C6946088000F07EFF8D
:10E820000190274C294D2888B8421ADA01202C493A
:10E830000860274E30BF02202168014006D03060BA
:10E840004003264908602888401C2880FFF75EFFA7
:10E85000010002D12988B942ECDB01217160002856
:10E860000DD12888B8420AD1A06869460988884233
:10E8700005D2002168460088FFF75BFF01E0FFF743
:10E8800045FF04008020C00114490860019800F091
:10E8900049FF2000FEBD10B512490A680E4B1B68E7
:10E8A0000C689442FAD0DB014033141A02D2886912
:10E8B0002418641C0C4800684443181B10BD000059
:10E8C000280002A804ED00E0FF3F0000703E0000B9
:10E8D000282002A8281002A8300002A880E200E048
:10E8E0002C1002A820C001A8B43F0000F0B502E03F
:10E8F0000A601C602E607EC84F1C07D05F1C04D0CD
:10E900006F1CF5D10A601C60F0BD0A60F0BD00000C
:10E910000006800F70479D4909684143880B704786
:10E920008A4800680104C80F7047884801680904D4
:10E9300007D587490A68964B1A604A684261886819
:10E94000C860704780B5FEF7DDFC01208149087082
:10E9500081480068022808D28E480068F021090525
:10E960000140C02080048142F2D08B480068C01C66
:10E970008A4901438A48016001BD8A488849086084
:10E9800000208949086080218902884A1160714904
:10E9900008707047F1B582B00F001400C006000E79
:10E9A00000901038912827D2FFF7BAFF002823D013
:10E9B000002501260298FFF7ABFF002802D00228AD
:10E9C00004D004E07A480068304000D001252600D9
:10E9D000784C38000C30FFF79EFF801920600098BB
:10E9E0003818FFF798FF80196060C02080017249D5
:10E9F0000860280371490860F7BD6D48007806215A
:10EA0000014001D100207047B848006802288041C9
:10EA1000C00F7047F8B56A4C634A0421C0239B04B9
:10EA2000F0252D055B4E2069084204D0107C80063D
:10EA3000C10F490020E0800720D5D068042803D208
:10EA4000306828409842F8D0107C0007000F072853
:10EA500014D1507C022811DD907C8006800E0228A3
:10EA60000CDBD07C009007460F4207D0C00700D5D2
:10EA70000A21B80700D5891D002904D1FFF77DFFC1
:10EA80000020A061F1BD481CD768874203D23768D7
:10EA90002F409F42F8D09648405CA061C300F82107
:10EAA000194002D08023DB04136049005160A16843
:10EAB000002932D10102F82252010A4061689142D4
:10EAC00000D20A0023681D1F8A498B61AA184A6177
:10EAD000864A1368002B01D1BF2600E09326304BF5
:10EAE0001D686769BF00BF0BF6193603AD05AD0D94
:10EAF00035431D6080235B010B60810908D11168DB
:10EB0000002901D1282200E019220021FFF742FF4D
:10EB1000207C000701D40120A060F1BD80B5FFF783
:10EB20006CFF002811D01A484168002903D0724AAE
:10EB300011600021416007480078002805D0FFF7E8
:10EB40001CFF1C486D490160416001BD584201A88D
:10EB5000983E0000743E0000D04000A880B5FFF74A
:10EB60004CFF002811D00620654908600020654947
:10EB70000860F0200001644908608020400063497B
:10EB800008600C485D490160416001BDBC3E000069
:10EB9000403E00000C0002A8204000A800F0FF3F0B
:10EBA000544201A8FFF3FF3FC44000A84C6201A8F3
:10EBB000B83E00005C4201A8586201A8585201A862
:10EBC000A83E0000F0B581B00400A0031CD5474862
:10EBD0000068002800D081E0474801684C4A516035
:10EBE000CAB2FF239943D30702D5EC23DB02C9182D
:10EBF00052080A4302600E2000F0FEFA0820454940
:10EC00000860C0034449086044480168444D090451
:10EC10003FD569694161FEF775FB3D490A68531CA0
:10EC20006A68934200D32B681E78B706BF0E5B1C40
:10EC3000934200D32B68BC461E78B701FC263601F0
:10EC40003E4067463E435B1C934200D32B68B4466C
:10EC50001E783603FC27BF023740664637435B1CED
:10EC6000934200D32B68BC461E78B704FC263604BA
:10EC70003E4067463E435B1C934200D32B681A78A4
:10EC80001706FC2292053A4032430B606A61FEF798
:10EC900042FBA00727D58020C0021F490860FFF76C
:10ECA000ACFE00281FD0686AC0B2002802D006213E
:10ECB0001C4A1160810916D01B490A68012AFBD938
:10ECC00049680905090D091DC900084A1268012A89
:10ECD00000D14908002A03D1282202E00C208BE74A
:10ECE0001922FFF757FE01B0F0BD00006C3F000095
:10ECF000D44000A82C4000A8EC4001A8FFFF03006E
:10ED0000846201A8504000A80C6000A80C5000A824
:10ED1000403E0000846000A84C6201A8584201A84F
:10ED2000903E0000845201A81C4000A880B5FEF768
:10ED300023FA01207E49086001BD80B5EB2000F078
:10ED400001F801BD30B57B490B6818401022134211
:10ED500010D0794B794C2468224008D0A94A146815
:10ED60002402FF252D022540DD620024146080224C
:10ED700052031A60086030BDF3B5010016001C0094
:10ED800000250095A048019A330000270BE0BC46FF
:10ED90004F5D4743AE009E597E40575D4743374025
:10EDA000664637436D1CA542F1D3390939438A08B9
:10EDB0000A43510811430840C10901430F208A0B3F
:10EDC0000A4302405040F6BDF1B582B00E0000206B
:10EDD0008C4908608D4DEF7AA87A01900F21394057
:10EDE00000910ED00B468A4A8A490298FFF7C4FF69
:10EDF00001990140834801608748414387480840A2
:10EE000001D1012400E04401380915D032003B094A
:10EE100029000298009E6D7A75194019FFF7ACFF22
:10EE2000019909110140774802680B0113430360FF
:10EE3000002901D04800444379480068204001D1AE
:10EE40000420FEBD0020FEBD80B50A000021118017
:10EE5000744952888018FFF7B7FF02BD70B50F22C2
:10EE6000714B5C7905780F202040C540200928406F
:10EE70009C79C440E40701D4032070BD2F4C246862
:10EE8000A50705D59D684600AD5B6D1E674E3560D4
:10EE9000DD78DE79C640F00711D5E0060FD5002DEC
:10EEA0000DD0634848600888488008881C7800199D
:10EEB0002A4080185A7880182A09801800E000201B
:10EEC0000880002070BD80B55A4801685A4A082061
:10EED000014201D050611061C90602D586210901A5
:10EEE00011605649564A126812040CD5554A1268E8
:10EEF000530401D5C00305E0C0239B011340420227
:10EF0000934200D008600D480078C022024002D130
:10EF10008020400508604C480068202210400860AE
:10EF20004A480068C00101D4FFF707FF01BD000097
:10EF30002C4000A8703F00001C1002A8C43E000036
:10EF4000F8B5434F38687E68064042483040424931
:10EF500008608024A403414DF00228D54048016890
:10EF6000080606D53F480068A860012028700220E6
:10EF700015E00120014202D03B49A9600FE00020CA
:10EF8000C9060CD52A49A960384A91780B071B0F8E
:10EF900012789A1809095118A980E880A888A880D1
:10EFA000A888002801D0264301E0FFF7C6FE2640CE
:10EFB00026D0294E74603460A88800280ED0F969E4
:10EFC00081420BD3291D2A48AA6890470100F3D03B
:10EFD000FEF7D2F8012027490860F1BD01000CD0EE
:10EFE000FC218902B161244902038A6134604C60CA
:10EFF000FA69824204D30C60F1BDEB20FFF7A2FE58
:10F00000F1BD00004C3E0000010101013C3F000049
:10F01000F43E0000343F0000111100002184000084
:10F02000F03E0000143F0000443F0000204000A8D4
:10F0300029230000F84F0000302102A8441002A844
:10F04000384101A8204201A8084001A8CC4000A8EE
:10F05000B44000A8FFFFDFFFB46000A8503E0000EE
:10F06000C43E0000B03700003D230000453F0000D3
:10F07000D44000A82C4000A8B45000A8FEB5C02081
:10F08000C0043649086036483649C86510243648F9
:10F090000460102000F0B0F801005ED1FF200005F0
:10F0A0003249086032483349086033482D490860C6
:10F0B00025042E48056031480768082000F09CF8B8
:10F0C00001004AD108262E480660012000F094F87D
:10F0D0002A48806802902B4806602B482149086026
:10F0E00022480560082000F087F8010035D1244847
:10F0F0000660012000F080F8204DA86801902148AA
:10F100000660184E214830600299019800F046F8D8
:10F110000104FC208003084000900298C10B019874
:10F12000C00B00F03BF80006FC2189050140009867
:10F13000014317480A0C4240FF239B1CD218104081
:10F14000084330602F60E0030849086028682860A1
:10F1500010480460104981640020FEBD20E000A832
:10F16000F71700002C0102A8401102A8B02002A845
:10F170000000380EB01002A810103030E04001A896
:10F18000E05001A8E06001A83030101020202020BD
:10F190003F3F0000402102A8F7FFF00010B54904EE
:10F1A000CA104004C310991A00209A18D30F9A1855
:10F1B000521052188B115B0E5B18DB11D2182023F2
:10F1C000541A01D422001843CC0F611849105B086F
:10F1D000F6D110BD10B5C409FFF711FB201A312874
:10F1E00006DAC000183801D4C01EFDD5002010BDBD
:10F1F0002000FFF70EFB10BDC32148436F3801D438
:10F200001E38FDD50020704710B5C20018231340EA
:10F21000FF249C40E2438907090E9940030004D46F
:10F2200076489B089B00C01806E0B04B0007000F13
:10F23000083880088000181803681A4011430160DC
:10F2400010BD80B57B225421002000F021FA01BDC1
:10F2500010B500F063FA0121694A1160694B6A4AEE
:10F2600013606A4A13600323694C2360694C23606E
:10F27000694B1960694B196080239D4C2360D160F4
:10F2800000F050FA10BD00F049FA050000240121F9
:10F2900060B2FFF7B9FF641C0E2CF8D301210F20D8
:10F2A000FFF7B2FF01211120FFF7AEFF012113206C
:10F2B000FFF7AAFF01211720FFF7A6FF0321012076
:10F2C000C043FFF7A1FF01211B20FFF79DFF012194
:10F2D0001C20FFF799FF01211D20FFF795FF012159
:10F2E0001E20FFF791FF01211F20FFF78DFF6E48C1
:10F2F0006E4908606E48C16AC162016801600220FF
:10F300006C49086001208549086047046A4C206800
:10F310003840FCD0FDF7C7FF280000F003FA754D18
:10F320000AE000281BD0FDF7EDFF18E02068384008
:10F33000FCD0300000F0F6F9206D0004000F022828
:10F3400001D1FEF76FFB00F0E9F90600FDF7EAFFD7
:10F350000028A878E5D0002801D1FDF7DCFF0120C6
:10F360006978002909D12978002905D16C490968F3
:10F37000890601D44F49086030BF0021697029789F
:10F380000029D6D102214B4A116064490860CDE7BB
:10F390006448016842680A40634810401A4908609E
:10F3A000800703D5A0480188491C0180704770B5CB
:10F3B0005E48016840680840000E00065C498022F3
:10F3C0001205104218D05B4B1C68641C1C605A4C20
:10F3D0005A4D2D682D0407D5A568002D04D00725AA
:10F3E0000D600125A74E3560402525601B68012B67
:10F3F00002D910238B62CA67886770BD00E400E001
:10F40000040002A80000FF3F282002A82C1002A838
:10F4100040E002A844C002A804C001A8044001A81A
:10F42000F8B5824C206B616B01400091964D084607
:10F43000286000989549014001D0FFF7C3FB802068
:10F44000009901401CD0F821C90123680B4017D056
:10F45000C0221201934213D880231B06EB62266858
:10F460000E40944F3F683F043F0F022F01D0032FFF
:10F4700003D1002E01D09642F1D38F490B60286052
:10F480008E48007806280DDA0098CC2189010140C9
:10F4900008D000F043F904000098FDF735FC200087
:10F4A00000F040F9F1BD0000FFFF9BF800E100E033
:10F4B000E04001A85C2002A85C0002A810B58048CA
:10F4C000016844680C407F48046080210C4205D0EC
:10F4D00041607D4801600020FDF716FC600403D503
:10F4E000802040057949086010BD00001CED00E057
:10F4F000505201A8723E000038B575480168446852
:10F500000C40E00707D500F009F90500FDF792FC73
:10F51000280000F007F96F48046031BD5C1002A8B4
:10F52000F40302A8280002A8FFFF00C0B44000A80E
:10F530003C6000A86C3E00002C4000A8384101A8A7
:10F54000FEB5654C206C666C064001273E4216D025
:10F550003D0662480560206861490F60002802D0BE
:10F560000021FDF72BFE5F480068A021C9018842F9
:10F570008041C043C00F5C4988705C480560FDF75E
:10F58000C1FE029002210E4049D06068C2B20192D1
:10F59000000A009008224B4B4C03554D0020019E61
:10F5A000012E27D0022E38D1009E012E24D1EE79D3
:10F5B0000096504E2F780C2047430020F0512878B9
:10F5C000400590277F04C719032038434A4F38600D
:10F5D0001C604A480460301D2B780C246343484C5F
:10F5E0002468009FE419C45028780C2358433150F4
:10F5F000444811E00091DCE7002E0ED1424E376006
:10F600003C4E361D2D780C277D4370515C601C608C
:10F61000C8043E4B18603E480260314801600298C1
:10F62000FDF779FEF7BD0000703E00001C4201A806
:10F6300070B5FDF767FE040000F070F82E490A6807
:10F64000D20718D52B4A121DFA239B015D790C268F
:10F65000754356592A4D2D681E60CE689E604968D4
:10F66000D9808021C9041D4E3160197B69185B79EE
:10F670000C256B43D15000F055F82000FDF74BFEF0
:10F6800070BD00003C5000A84C6201A802000600BA
:10F69000002800D0704710B50C00FDF733FE1D495F
:10F6A0000C6001221C4B1A600B6C1340FCD1FDF75F
:10F6B00032FE10BDAC0002A8785201A8343E000012
:10F6C00090C001A890E001A80CC001A804ED00E0E2
:10F6D00090C000A890E000A800C002A8401002A8B6
:10F6E00040E002A8404000A8723E0000402002A86E
:10F6F000853E0000300000A860C101A894D001A898
:10F70000200000A8F42302A860E101A880E200E044
:10F71000F41302A8008002A8409002A8EFF3108022
:10F7200072B67047002800D162B6704780B5FDF709
:10F7300031FEB348006800030AD4FEF75DF8FEF717
:10F74000BDFEFDF7CAFF0120FEF794FEFEF770FB39
:10F7500080208005FDF7CEFD01BD80B5FDF71AFEC6
:10F7600080204002FDF7C6FD01BDF8B5FDF7B4FDF0
:10F77000052098490860FDF7B8FDFDF7ECFEFDF7A0
:10F7800009FEA048016800919F4B406818609F489F
:10F7900001688A05D00F0022012421420FD0009277
:10F7A0009B4D6E681E602E689A4B1F68BD1BBE4243
:10F7B00002D39F69ED196D1C974FBD42F5D3974D4C
:10F7C0002A60002803D00098FDF76EFB009028689F
:10F7D000204004D16846FDF7EAFE002802D10098D7
:10F7E000FDF73BFFAA4804606004FDF783FDF1BD0F
:10F7F00038B5A84CE06BC00506D580200006206017
:10F8000000BF00BF40082060FDF792FFFDF7C2FD7A
:10F81000FDF7F4F90500A048A0490860FFF785F856
:10F820008020C002FDF766FD002D01D08020206001
:10F8300001209B49087031BDF8B5FDF7ABFDFDF720
:10F840004BFD02249348C06B000405D4FDF75AFD1C
:10F8500094490C60FDF75FFDFDF747FD1020C043A4
:10F860009149086000258B48856390480560FFF743
:10F87000C4F80700FB26B601002F02D0FFF762F89C
:10F8800000E035602C20305C0521014002D0FDF7FE
:10F890000DFE01E0FDF717FEF06A044002D00120E2
:10F8A0007C490860FFF70FFB002F01D0FFF7B2F88B
:10F8B00080200003FDF71EFDF1BD80B5FDF76AFD58
:10F8C0004F480068000303D4FDF707FFFEF7B0FAC6
:10F8D00080204003FDF70EFD01BD38B5FDF75AFD50
:10F8E0006C4C2025FEF7A6FE002806D0206B0007F2
:10F8F00004D5FEF7C4FEFEF74FFB2560FDF7EDFED5
:10F90000FEF796FABD4800780C210140042902D187
:10F91000FDF7CCFD01E0FDF7D6FD6804FDF7EAFC3C
:10F920004020206031BD1CB5FDF7D6FC05202949DB
:10F930000860FDF7DAFCFDF72DFDFEF7A0FEB048EC
:10F94000006800906846FEF7D7FA0400FEF7EDFF66
:10F95000002C02D10098FEF745FB80204004FDF703
:10F96000C9FC13BDF8B5FDF715FDA64C256A50205E
:10F97000284002D0FDF79AFD01E0FDF7A4FD454FB8
:10F98000FEF758FE00281BD1786B40071DD4386B5A
:10F99000E0214901014018D1A80611D4FDF79CFCD3
:10F9A000256A994E354207D0FF20C0432D182562A5
:10F9B0008020000595490860FDF797FC2E4002D095
:10F9C0000120386001E00020206080208004FDF7E5
:10F9D00091FCF1BD3C1102A880B5FDF7DBFCBC48F1
:10F9E0000068400601D5FDF778FE0120FEF742FDD4
:10F9F000FEF71EFA8020C004FDF77CFC01BD00006C
:10FA00000C0002A8B83F0000483E0000400002A8D9
:10FA1000D03E000020C001A801FF00003C3E0000D5
:10FA200010B576480468FDF7B5FCAA4909680903D2
:10FA300028D40321C00601D5214001E0A0080140DF
:10FA4000012902D1FDF732FD0BE0200107D50E2080
:10FA5000FFF76CF9A0480421016008210160FDF75F
:10FA600032FD9E4C20699E490860FEF75EFF2068CB
:10FA7000002807D04000122802D2FFF7BDFB01E0AA
:10FA8000FEF7A3FE80208003FDF734FC10BD0000CC
:10FA9000402002A8100002A870012000B46000A855
:10FAA000733E00007CE40350442002A84C3E00005A
:10FAB000F8B584B001266846067000270297FDF766
:10FAC00069FC0390834C2068000300D58FE003207D
:10FAD000A449C863A4480068A44D0F210F22024026
:10FAE000032A03D0000B014006294DD1A04800682D
:10FAF000A0498E6DE16B890701D59E49CE6DFEF759
:10FB0000CAFE8619FEF779FF00280ED02879C106B3
:10FB10000BD02868090D4143890B7618954909686F
:10FB2000002902D10002400C3618002E01D50197A1
:10FB300000E00196606B0107C80F03212A6B0A40A1
:10FB4000022A1BD1039AD20618D5AA68D30513D569
:10FB5000A66B894B1E409E4203D11021814AD1637E
:10FB60000CE092050AD4E26B2823134006D16B46C1
:10FB70001F70264A116001E06A46177002906846BD
:10FB80000678002E03D10FE07A48406D0190FEF711
:10FB900051FD002808D0FEF772FD0298002802D01F
:10FBA000FEF7FAF900E0002602206E490860002EF8
:10FBB00010D03020285C0C210140042902D0A06B19
:10FBC000C00602D5FDF772FC01E0FDF77CFC2020A9
:10FBD00060600CE0FDF781FD01A8FEF78DF90400DF
:10FBE000FEF7A3FE002C02D10198FEF7FBF980205E
:10FBF0000004FDF77FFB05B0F0BD0000EC3E000007
:10FC0000CC3F0000CC3E000000FFFF00441002A8E3
:10FC1000FEB500240194FDF7BDFBFEF786FE574EAE
:10FC2000F06E574D0007000F072807D170680028B5
:10FC300004D40020FEF71EFC286841E001210320C7
:10FC4000504A73685B070BD44F4B1B680B4007D0BF
:10FC50001368DF050BD55B0502D43368DB0503D4DD
:10FC60000191916A890904E01021484B1960916A59
:10FC70000909084000900020FEF7FCFB00980028CE
:10FC800005D17068C00602D4FDF71DFC01E0FDF748
:10FC90000DFC00200199002903D13D480068FEF7C2
:10FCA000FAFD6969401801D5009400E000906846AB
:10FCB000FDF77DFC002805D10098FDF7CEFCA86972
:10FCC0000749086080200005FDF714FBF7BD000020
:10FCD000440102A80C0002A880E200E0AC3F000052
:10FCE000483E0000F8B5FDF755FB002400252948E3
:10FCF000066B80277F05300606D5300709D5FEF74D
:10FD0000BEFCFEF749F929E001251F48006828409C
:10FD100019D00020FEF7AEFB0220064002D01E499B
:10FD20000C60C8611D480468002D03D02000FDF759
:10FD30004FF90400FEF7A3FC2000FEF753F938004A
:10FD4000FDF7D8FAF1BD16480078C02101404029DE
:10FD500002D1FDF7ABFB01E0FDF7B5FB20200D491B
:10FD60000860ECE7082002A8AC0002A8BC3E000036
:10FD70000CC101A86C3F000010000010400002A858
:10FD8000BC3F0000C43E0000B44000A8441002A8DC
:10FD90001CC101A8100002A8180000AAD83F00004A
:10FDA000EC3E0000FFF754FA024803494860FFF7B1
:10FDB0006AFA00BF672700000000000080B5EFF37B
:10FDC00005800B2801D23A2100E029218C22520023
:10FDD0000020FFF75DFCFEE70020202020202020EF
:10FDE00020202828282828202020202020202020EB
:10FDF00020202020202020202088101010101010FB
:10FE00001010101010101010100404040404040446
:10FE100004040410101010101010414141414141E0
:10FE200001010101010101010101010101010101C2
:10FE300001010101101010101010424242424242D2
:10FE40000202020202020202020202020202020292
:10FE5000020202021010101020000000000000003A
:10FE60000000000000000000000000000000000092
:10FE70000000000000000000000000000000000082
:10FE80000000000000000000000000000000000072
:10FE90000000000000000000000000000000000062
:10FEA0000000000000000000000000000000000052
:10FEB0000000000000000000000000000000000042
:10FEC0000000000000000000000000000000000032
:10FED000000000000000000000494E4600696E6608
:10FEE000004E414E006E616E0030003031323334CE
:10FEF0003536373839414243444546003031323394
:10FF000034353637383961626364656600496E6638
:10FF1000696E697479004E614E005245454E542019
:10FF20006D616C6C6F632073756363656564656494
:10FF3000002F646174612F6A656E6B696E732F7731
:10FF40006F726B73706163652F474E552D746F6FC1
:10FF50006C636861696E2F61726D2D31322F73721F
:10FF6000632F6E65776C69622D63796777696E2F91
:10FF70006E65776C69622F6C6962632F7374646C51
:10FF800069622F64746F612E630042616C6C6F63F1
:10FF900020737563636565646564002F64617461D3
:10FFA0002F6A656E6B696E732F776F726B737061FA
:10FFB00063652F474E552D746F6F6C636861696E72
:10FFC0002F61726D2D31322F7372632F6E65776CD6
:10FFD00069622D63796777696E2F6E65776C6962E8
:10FFE0002F6C6962632F7374646C69622F6D707219
:10FFF00065632E630000000005000000190000008A
:020000023000CC
:100000007D000000000000000080E03779C341431C
:10001000176E05B5B5B89346F5F93FE9034F384D6E
:10002000321D30F94877825A3CBF737FDD4F15751A
:10003000000000000000F03F00000000000024402D
:1000400000000000000059400000000000408F4008
:10005000000000000088C34000000000006AF84073
:100060000000000080842E4100000000D012634197
:100070000000000084D797410000000065CDCD410D
:10008000000000205FA00242000000E876483742EE
:10009000000000A2941A6D42000040E59C30A2428C
:1000A0000000901EC4BCD64200003426F56B0C4301
:1000B0000080E03779C3414300A0D88557347643A8
:1000C00000C84E676DC1AB43003D9160E458E14309
:1000D000408CB5781DAF154450EFE2D6E41A4B447E
:1000E00092D54D06CFF08044F64AE1C7022DB544C3
:1000F000B49DD9794378EA44232D302B2000686CD5
:100100004C00656667454647004300504F534958C9
:10011000002E002C2066756E6374696F6E3A2000A5
:10012000617373657274696F6E2022257322206675
:1001300061696C65643A2066696C652022257322CA
:100140002C206C696E65202564257325730A006276
:10015000675F6D6573736167652072656365697656
:100160006572730062676275660061636C006C6C37
:100170005F636F6E6E656374696F6E006C6C5F6158
:1001800064765F736574006761705F636F6E74653A
:100190007874006C6C5F76616C696461746F720076
:1001A0006D6573685F70726F765F64620062675F2F
:1001B0006D65737361676500736F66745F74696DF5
:1001C00065725F6D65737361676500666F756E64F8
:1001D0006174696F6E5F636D64006C6C5F616476FF
:1001E0005F73796E63006C6C5F7363616E5F7379CC
:1001F0006E63006761705F706572696F6469635FE9
:10020000616476006761705F706572696F646963CD
:100210005F73796E63006C326361705F636F635FFD
:100220006368616E6E656C006D6573685F70726F98
:10023000765F64625F6170706B6579006D626564A2
:10024000746C735F636F6E7465787400640103008F
:100250006A0103006E0103007C01030087010300B3
:1002600093010300A0010300AD010300B8010300E6
:10027000CB010300DA010300E6010300F3010300F0
:100280000402030016020300280203003C020300DC
:1002900062676275665F696E0062676275665F6F4E
:1002A00075740062676275665F6E6F666C6F77006B
:1002B00062675F6D616C6C6F63000000C80A0300C9
:1002C00000000000340303000100000076958CE07C
:1002D00000F04902C80A03000000000058030300B0
:1002E000010000005A95E5D300F04902C80A030056
:1002F000000000007C03030001000000CD89D60B44
:1003000000F04902C80A030000000000A003030037
:100310000100000041B6A9F200F04902C80A03003A
:1003200000000000C4030300010000007A207322D3
:1003300000F04902E8030300809C2B8F80841E009C
:100340000000000027005200600E002000000000A6
:10035000740E03000000000048050300809C2B8FF2
:1003600080841E000000000027005200600E002064
:1003700000000000740E030000000000A806030047
:10038000809C2B8F80841E000000000027005200FC
:10039000600E002000000000740E0300000000004A
:1003A00008080300809C2B8F80841E000000000042
:1003B00027005200600E002000000000740E0300B1
:1003C0000000000068090300809C2B8F80841E00C1
:1003D0000000000027005200600E00200000000016
:1003E000740E030000000000FC4F0103E40C030046
:1003F00010400100004100003C40010000000000EE
:1004000048400100200704005040010000000000A7
:100410005C4001000D0F000004410100FF4C000092
:1004200020400301000000861FC0010000200000E2
:100430003840010100000000584004011800050088
:1004400040080000090000009200040080400F01F5
:100450008C002C02000000001200120000808C1999
:10046000000000000002050E1C2F43536269686102
:100470005543320416100E0E0D0C0A08070605042B
:10048000030302020201010101010100EC4001012C
:1004900080B0B18CFC4003019C200B00055B6080A8
:1004A0004737414A0C410301B85512002A1949291E
:1004B0000908404028410101FFDD000038410701E3
:1004C0004CD4E83B04196F10080E141A20262C3265
:1004D000383E10325476980A1D0000007041010128
:1004E000C0030000344201010008000E484201012F
:1004F00058AA1EC078420101000000803880010126
:10050000114910009C800301EB4002007038030089
:10051000D0000000A8800111F0010000A880013186
:10052000055AFD01AC800111F0010000AC800131E1
:10053000053EFD00E40001026C2C51115401010242
:10054000C43F0000FFFFFFFFFC4F0103340D030019
:1005500010400100004100003C400100100000007C
:100560004840010020070400504001000004000042
:100570005C4001000D0F00000441010003C00100B8
:1005800020400301300000461FC801000020001079
:100590003840010100000000584004011800050027
:1005A000400800000900000092000A0080400F018E
:1005B0008C002C0200000000120012005B808C1BDB
:1005C000000000000002050E1C2F435362696861A1
:1005D0005543320416100E0E0D0C0A0807060504CA
:1005E000030302020201010101010100EC400101CB
:1005F00080B0B18CFC4003019C200A000161208086
:10060000B75635120C410301B8551200A01B04293E
:1006100008884040284101010000000038410701DE
:100620004CD4E83B04196F30080E141A20262C32E3
:10063000383E10325476980A1D5F00007041010167
:1006400000000000344201010008000E4842010190
:10065000F4811F0078420101000000003880010190
:10066000114910009C800301EB4002007038030028
:10067000D0000000A8800111F0010000A880013125
:10068000055AFD01AC800111F0010000AC80013180
:10069000053EFD00E40001026C2C511154010102E1
:1006A000C43F0000FFFFFFFFFC4F0103840D030068
:1006B00010400100004100003C400100100000001B
:1006C00048400100201704005040010001040000D0
:1006D0005C4001000D0F00000441010003C0010057
:1006E00020400301300000461FC801000020001018
:1006F00038400101000000005840040118000500C6
:10070000400800000900000092000A0080400F012C
:100710008C002C0200000000120012005B808C1B79
:10072000000000000002050E1C2F4353626968613F
:100730005543320416100E0E0D0C0A080706050468
:10074000030302020201010101010100EC40010169
:1007500080B0B18CFC4003019C200A000161208024
:10076000B75635120C410301B8551200A01B0429DD
:10077000088840402841010100000000384107017D
:100780004CD4E83B04196F300A10161C22282E3472
:100790003A4010325476980A1D5F80A470410101DE
:1007A00000000000344201010008000E484201012F
:1007B000F4811F007842010100000000388001012F
:1007C000114910009C800301EB40020070380300C7
:1007D000D0000000A8800111F0010000A8800131C4
:1007E000055AFD01AC800111F0010000AC8001311F
:1007F000053EFD00E40001026C2C51115401010280
:10080000C43F0000FFFFFFFFFC4F0103D40D0300B6
:1008100010400100014100003C40010000000000C8
:1008200048400100A0070400504001000000000003
:100830005C4001000000000004410100FF4C00008A
:1008400020400301000000861FC00100006000007E
:100850003840010100000040584004016402FF00DC
:1008600040080000010000009200080080400F01D5
:100870008C000C0200000000D703220000000000E2
:10088000000000000002050D1A2D3F5060686963EA
:1008900057463525150D0908070605050404040308
:1008A000030303020202020201010101EC40010103
:1008B00090382C8CFC4003019C200A00055B58807A
:1008C0004737414A0C410301B85552002A194929BA
:1008D000893B404028410101FFDD0000384107010C
:1008E000E853FA00000000000000000000000000D3
:1008F0000000000000000000000000007041010145
:10090000C1030000344201010000000E4842010111
:1009100058AA1EC078420101000000003880010181
:10092000114910009C800301000000007078030052
:10093000FFC00200A8800111F0010000A880013171
:100940000542CB01AC800111F0010000AC80013107
:10095000050A0D00E40001026C2C51115401010242
:10096000C43F0000FFFFFFFFFC4F0103240E030004
:1009700010400100014100003C4001000000000067
:1009800048400100A00704005040010000000000A2
:100990005C4001000000000004410100FF4C000029
:1009A00020400301000000861FC00100006000001D
:1009B000384001010000004058400401C804FF0015
:1009C00040080000010000009200040080400F0178
:1009D0008C000C0200000000B603220000000000A2
:1009E000000000000002050E1C2F4353626968617D
:1009F0005543320416100E0E0D0C0A0807060504A6
:100A0000030302020201010101010100EC400101A6
:100A100090E82B8CFC40030190200A00055B588075
:100A20004737414A0C410301F56252002A1949290E
:100A3000893B404028410101FFDD000038410701AA
:100A4000E853FA0000000000000000000000000071
:100A500000000000000000000000000070410101E3
:100A6000C1030000344201010000000E48420101B0
:100A700058AA1EC078420101000000003880010120
:100A8000552510009C8003010000000070780300D1
:100A9000D0000000A8800111F0010000A880013101
:100AA0000542CB01AC800111F0010000AC800131A6
:100AB000053EFD00E40001026E2C511354010102B9
:100AC000C43F0200FFFFFFFF0C4001000181010055
:100AD0002040020000000000010000003040030040
:100AE0000000000000000000000000004040020084
:100AF0000000000000400000604001000101000013
:100B0000A840010007000000BC40040000000000F5
:100B10000000000000000000000000000841030089
:100B2000FF4C0000FF4D0000FF4D000020C00110F1
:100B300000F8070020C00130F502080024C00800BA
:100B400000130000EC80B38343754051A00F0048B0
:100B50003040000000000000000000002E020000F5
:100B600050C00400511130040E2D09E65406070848
:100B7000D1B6020064C00A000430001C40301809DD
:100B80000D647920EBFCFB017FF6E803BD4B721589
:100B900011A3180510325476980A000000000000D6
:100BA000080001010807000018000101AAAAAA0014
:100BB000200001010060DA001C400101100000006B
:100BC0002C40030100800000000000030000000032
:100BD000684002012941767100000000BC4002011A
:100BE0000000000000000000E040020133000000AF
:100BF00000000000F4400201640483078813C83A2F
:100C00002441010100000000304102016406660C2D
:100C10000C01000054410101010100006841020182
:100C20006404830788138200304201010000000041
:100C300038420201000000000000000044420101AF
:100C400000000000544209010000000000003C00C8
:100C50000000000000000000555555551700000029
:100C60000000000000000000AAAA06007C42020169
:100C700000000000000000001080010103000000DF
:100C80003C80010101000000B0800201000300026D
:100C90003700000198000202000C00044C00000024
:100CA000A400010200040000D0000202050040AAD6
:100CB00088010000F4000202000000003D2108113C
:100CC000FC0001123F000000FC000132005404004F
:100CD00030010102600051026801010200040000BD
:100CE000FFFFFFFF10000000000080000000000078
:100CF0000C0F0300D00E03000000000080259600BA
:100D00000048E80140420F000108F5001149500277
:100D100000000000780E030000000000000000004A
:100D2000000000003D420F00000000000000000035
:100D30000000000010000000000080000000000023
:100D40000C0F0300DC0E030000000000802596005D
:100D50000048E80140420F000108F5001149500227
:100D600000000000780E03000000000000000000FA
:100D7000000000003D420F000000000000000000E5
:100D800000000000100000000000800000000000D3
:100D90000C0F0300E80E0300000000008025960001
:100DA0000048E80140420F000102F50011495002DD
:100DB00000000000780E03000000000000000000AA
:100DC000000000003D420F00000000000000000095
:100DD0000000000010000000000080000000000083
:100DE0000C0F0300F40E0300000000000047860013
:100DF0000048E80180841E000101F50011495002FD
:100E000000000000780E0300000000000000000059
:100E10000000000054841E000000000000000000DC
:100E20000000000010000000000080000000000032
:100E30000C0F0300000F03000000000084174300A4
:100E40000024F40040420F000101F5005525500335
:100E500000000000780E0300000000000000000009
:100E60000000000038420F000000000000000000F9
:100E700000000000030000000200000000F0490232
:100E80000614000000E0930405380000A0080000EC
:100E90000000580901040706100A01040707C80AE0
:100EA00000040807800B00040808380C0004090837
:100EB000610800000000680800000000C709010484
:100EC00004032C0B01040404920C0104050400002B
:100ED00050C30000E62D0000D0070000F5DA020044
:100EE000102700002C010000E5BF000010270000C3
:100EF000C201000050C3000050140000FA000000BE
:100F000050C30000FC210000B3010000193F01069E
:100F1000041001000001010600102700000C000071
:080F20000000000000000000C9
:080F2800D401FD7F010000006F
:0C0F30003C0F0300C00A0020C7010000B5
:100F3C009A9999999999C93F1200010000000000F3
:100F4C000A00010000000000120003000100000074
:100F5C00000000000200080000000000000000007B
:100F6C0000000000020005000000302E302E300082
:100F7C0002000300000030303000000002000800C6
:100F8C000000303030303030303000000A000E00BD
:100F9C000000487964726F20436F6E74726F6C003E
:100FAC000A00010000000000020010000000000018
:100FBC000000000000000000000000000000000025
:100FCC00200004000000000000000000F2000000FF
:100FDC00F92500002C15002000000000020702007B
:100FEC000004010000F0490200800000C0EA210169
:100FFC00C0EA2101682E0020E81100200040070003
:10100C0000A0000048190020C8000000FE000000ED
:10101C00000000002CC402008C0B00200400080708
:10102C000200000083AC0200200000000000000061
:10103C0000000000000000000000000000000000A4
:10104C003129010000000000000000000000000039
:10105C006112010000000000000000000000000010
:10106C005D14010000000000000000000000000002
:10107C00FD22010000000000000000000000000044
:10108C00157F020000000000A925010000000000EF
:10109C0000000000000000005925010000000000C5
:1010AC000000000000000000A52601000000000068
:1010BC0000000000752F01000000000000FFFFFF82
:1010CC00FF000000FFFFFFFF219E020030CA02005C
:1010DC00FFFFFFFF3CCA020019A2020015A202008A
:1010EC00FFFFFFFF25A20200FFFFFFFFD1A50200BB
:1010FC0027A60200FFFFFFFFFFFFFFFFFFFFFFFF21
:10110C00FFFFFFFF2327000000000000030000008A
:10111C00642B0020A80C002000000000642B002091
:10112C00CC2B0020342C002000000000000000001C
:10113C0000000000000000000000000000000000A3
:10114C000000000000000000000000000000000093
:10115C000000000000000000000000000000000083
:10116C000000000043000000000000000000000030
:10117C000000000000000000000000000000000063
:10118C000000000043000000000000000000000010
:10119C000000000000000000000000000000000043
:1011AC0000000000430000000000000000000000F0
:1011BC000000000000000000000000000000000023
:1011CC0000000000430000000000000000000000D0
:1011DC000000000000000000000000000000000003
:1011EC0000000000430000000000000000000000B0
:1011FC0000000000000000000000000000000000E3
:10120C00000000004300000000000000000000008F
:10121C0000000000000000000000000000000000C2
:10122C00000000004300000000000000000000006F
:10123C0000000000000000000000000000000000A2
:10124C0000000000D7B10200B3B1020000000000A2
:10125C00D8FD0200110103004E0103004E010300F2
:10126C004E0103004E0103004E0103004E0103002A
:10127C004E0103004E0103004E010300FFFFFFFF70
:10128C00FFFFFFFFFFFFFFFFFFFF000001004153C7
:10129C00434949000000000000000000000000006D
:1012AC00000000000000000000000000000041539E
:1012BC00434949000000000000000000000000004D
:1012CC000000000000000000000000000000000012
:1012DC00FFFFFFFF00000000FFFFFFFF1700FFFFF5
:1012EC000E0000000000FF0301041F0101BF8FAFBF
:1012FC007F8700370F10100004040F05140A030138
:10130C000FFF0EFF0F7F000082B030BF084B1B6831
:10131C0003F00103002B08D00023019302E0019B92
:10132C0001330193019B052BF9DD00BF02B070471F
:10133C00F0ED00E000B583B0184BDB6903F48033AB
:10134C00002B02D06FF0010324E0144B03F5805303
:10135C001A460123D360114B03F500531A4601239F
:10136C0013640E4B4FF480721A610021012000F0BF
:10137C00D3F803468DF80730084B03F580531A4613
:10138C0001231364054B03F500531A460123D36064
:10139C009DF90730184603B05DF804FB00000350BC
:1013AC0000B585B00190234B03F580531A464FF4DA
:1013BC0000339366204BDB6903F48033002B14BF9E
:1013CC00012300238DF80E301B4B41F67132DA638A
:1013DC00194B03F580531A460123D360164A019B1F
:1013EC005361154B02221A610021212000F094F860
:1013FC0003468DF80F309DF90F30002B06D10021DC
:10140C00212000F089F803468DF80F300A4B03F5C4
:10141C0000531A460123D3609DF80E30002B02D0E6
:10142C00054B0022DA639DF90F30184605B05DF8C4
:10143C0004FB00BF008000500000035000B58BB0CF
:10144C0003900291019200238DF81F30304B03F56D
:10145C0080531A464FF4003393662E4BDB6903F42A
:10146C008033002B14BF012300238DF81E30294B31
:10147C0041F67132DA63274B03F580531A46012388
:10148C00D360039B0993029B089329E0019B06936D
:10149C00099B03F5005323F4FF5323F01F03099A10
:1014AC009B1A0593059A069B934228BF13460493F7
:1014BC00049A0899099800F06FF803468DF81F30CC
:1014CC009DF91F30002B0FD1099A049B13440993EB
:1014DC00089A049B13440893019A049BD31A019312
:1014EC00019B002BD2D100E000BF0A4B03F5005347
:1014FC001A460123D3609DF81E30002B02D0054BF9
:10150C000022DA639DF91F3018460BB05DF804FB1E
:10151C00008000500000035084B0019000911B4BE0
:10152C0003932AE01A4BDB690293029B03F004033A
:10153C00002B02D04FF0FF3324E0019B03F001039A
:10154C00002B07D1029A134B1340002B02D06FF0E3
:10155C00010317E0029A019B1340009A9A4209D1A9
:10156C00029A0C4B1340002B02D06FF0010309E0E0
:10157C00002307E0039B013B0393039B002BD1D17A
:10158C006FF00203184604B0704700BF80969800B5
:10159C00000003500200010000B587B003900291D7
:1015AC000192274A039B5361254BDB6903F004032B
:1015BC00002B02D04FF0FF333DE0029B1A1D02922C
:1015CC001F4A1B689361019B043B019319E008219E
:1015DC000820FFF7A1FF03468DF817309DF917304F
:1015EC00002B05D0164B04221A619DF9173022E00E
:1015FC00029B1A1D0292124A1B689361019B043BC9
:10160C000193019B002BE2D10D4B04221A610021A6
:10161C002120FFF781FF03468DF817309DF9173015
:10162C00002B06D100212120FFF776FF03468DF811
:10163C0017309DF91730184607B05DF804FB00BF52
:0C164C0000000350D9100000B110000095
:04000003000028359C
:00000001FF
